S0,K,r,sigma,T,n,option_type,mc_price,mc_se,mc_time,cv_price,cv_se,cv_beta,cv_plain_mc_price,cv_plain_mc_std,geo_analytical,variance_reduction,cv_time,mc_cv_plain_diff,mc_cv_std_diff,tw_price,tw_time,levy_price,levy_time,cv_error_vs_mc,tw_error_vs_mc,levy_error_vs_mc,cv_abs_error_vs_mc,tw_abs_error_vs_mc,levy_abs_error_vs_mc,mc_error_vs_cv,tw_error_vs_cv,levy_error_vs_cv,mc_abs_error_vs_cv,tw_abs_error_vs_cv,levy_abs_error_vs_cv
100,70,0.05,0.1,1.0,4,call,31.582506520881303,0.02145202649499919,0.005216583958826959,31.565930518859872,0.0002775931743988744,1.00539224910229,31.582506520881306,0.02145202649499919,31.4797652061252,5971.990151289065,0.005198917002417147,-3.552713678800501e-15,0.0,31.565993548838136,6.787502206861973e-05,30.955091283539463,4.624947905540466e-06,-0.016576002021430725,-0.016512972043166485,-0.6274152373418396,0.016576002021430725,0.016512972043166485,0.6274152373418396,0.016576002021430725,6.302997826423962e-05,-0.6108392353204088,0.016576002021430725,6.302997826423962e-05,0.6108392353204088
100,70,0.05,0.1,1.0,6,call,31.343635199474072,0.0202564313329405,0.005044750054366887,31.36213125235553,0.00026730573898994076,1.0060770431680142,31.34363519947407,0.020256431332940496,31.27284246057982,5742.609779083002,0.005520459031686187,3.552713678800501e-15,3.469446951953614e-18,31.36207722101345,2.0332983694970608e-05,30.955091283539463,4.458008334040642e-06,0.018496052881456393,0.018442021539378572,-0.38854391593460846,0.018496052881456393,0.018442021539378572,0.38854391593460846,-0.018496052881456393,-5.4031342077820455e-05,-0.40703996881606486,0.018496052881456393,5.4031342077820455e-05,0.40703996881606486
100,70,0.05,0.1,1.0,8,call,31.254910871849834,0.01964360078735101,0.006660375045612454,31.26033794299135,0.0002632861674181837,1.006368130199605,31.254910871849834,0.01964360078735101,31.16996916569278,5566.549990925189,0.006686332984827459,0.0,0.0,31.26022489748561,2.1000043489038944e-05,30.955091283539463,3.2919924706220627e-06,0.005427071141514972,0.0053140256357764315,-0.2998195883103705,0.005427071141514972,0.0053140256357764315,0.2998195883103705,-0.005427071141514972,-0.00011304550573854044,-0.30524665945188545,0.005427071141514972,0.00011304550573854044,0.30524665945188545
100,70,0.05,0.1,1.0,12,call,31.17308981758496,0.019037565431248637,0.011523499968461692,31.158549606165234,0.000258353222513224,1.0068308544700109,31.173089817584952,0.019037565431248637,31.067486577847596,5429.9402660340975,0.00869475002400577,7.105427357601002e-15,0.0,31.158443133478468,2.037500962615013e-05,30.955091283539463,3.2079406082630157e-06,-0.014540211419724614,-0.014646684106491392,-0.21799853404549552,0.014540211419724614,0.014646684106491392,0.21799853404549552,0.014540211419724614,-0.00010647268676677868,-0.2034583226257709,0.014540211419724614,0.00010647268676677868,0.2034583226257709
100,70,0.05,0.1,1.0,18,call,31.095832236204416,0.018648086158113215,0.016671207966282964,31.090420831929055,0.0002549975603322848,1.0070005187370057,31.09583223620441,0.018648086158113215,30.999381416764876,5348.062615169393,0.013595374999567866,7.105427357601002e-15,0.0,31.090627823795284,2.7833040803670883e-05,30.955091283539463,4.790956154465675e-06,-0.005411404275360354,-0.00520441240913172,-0.14074095266495235,0.005411404275360354,0.00520441240913172,0.14074095266495235,0.005411404275360354,0.00020699186622863408,-0.135329548389592,0.005411404275360354,0.00020699186622863408,0.135329548389592
100,70,0.05,0.1,1.0,26,call,31.067979544976627,0.018443339027173232,0.022675542044453323,31.048574232668923,0.0002533754702482849,1.0072022816154254,31.067979544976634,0.018443339027173232,30.957556508632656,5298.463704645814,0.02136691694613546,-7.105427357601002e-15,0.0,31.04891091260176,4.016701132059097e-05,30.955091283539463,4.832982085645199e-06,-0.019405312307704037,-0.01906863237486789,-0.11288826143716335,0.019405312307704037,0.01906863237486789,0.11288826143716335,0.019405312307704037,0.00033667993283614805,-0.09348294912945931,0.019405312307704037,0.00033667993283614805,0.09348294912945931
100,70,0.05,0.1,1.0,36,call,31.050479317762154,0.018286452844175374,0.0318383330013603,31.022695072260195,0.0002537248661713424,1.00735758622746,31.050479317762154,0.018286452844175374,30.93144916160476,5194.369939785554,0.02253445901442319,0.0,0.0,31.02284387381763,2.9916991479694843e-05,30.955091283539463,3.832974471151829e-06,-0.027784245501958793,-0.02763544394452211,-0.09538803422269027,0.027784245501958793,0.02763544394452211,0.09538803422269027,0.027784245501958793,0.0001488015574366841,-0.06760378872073147,0.027784245501958793,0.0001488015574366841,0.06760378872073147
100,70,0.05,0.1,1.0,52,call,31.024331177078384,0.018155239990691675,0.04804579203482717,31.001826738400283,0.00025144927024024755,1.0073448134118876,31.02433117707839,0.018155239990691675,30.910581669370114,5213.18610695814,0.03466945898253471,-7.105427357601002e-15,0.0,31.001993582876736,5.35410363227129e-05,30.955091283539463,4.624947905540466e-06,-0.02250443867810148,-0.02233759420164816,-0.06923989353892068,0.02250443867810148,0.02233759420164816,0.06923989353892068,0.02250443867810148,0.00016684447645332057,-0.0467354548608192,0.02250443867810148,0.00016684447645332057,0.0467354548608192
100,70,0.05,0.1,1.0,78,call,30.99869673660015,0.018102210013614634,0.07537291594780982,30.98635381974316,0.0002533924046453049,1.0074435454213087,30.99869673660014,0.018102210013614634,30.894941769373794,5103.592756096387,0.0551445409655571,7.105427357601002e-15,0.0,30.98635781305461,8.000002708286047e-05,30.955091283539463,4.833098500967026e-06,-0.012342916856987074,-0.01233892354553845,-0.043605453060685306,0.012342916856987074,0.01233892354553845,0.043605453060685306,0.012342916856987074,3.993311448624581e-06,-0.03126253620369823,0.012342916856987074,3.993311448624581e-06,0.03126253620369823
100,70,0.05,0.1,1.0,126,call,30.983238338308908,0.01805405809327262,0.11690904200077057,30.974249940447443,0.0002498400053475151,1.0073735964301611,30.983238338308897,0.01805405809327262,30.88303181950009,5221.865844319597,0.08473687502555549,1.0658141036401503e-14,0.0,30.97444596650701,8.07089963927865e-05,30.955091283539463,5.167094059288502e-06,-0.008988397861465103,-0.00879237180189918,-0.02814705476944468,0.008988397861465103,0.00879237180189918,0.02814705476944468,0.008988397861465103,0.00019602605956592356,-0.019158656907979577,0.008988397861465103,0.00019602605956592356,0.019158656907979577
100,70,0.05,0.1,1.0,180,call,30.97139473369462,0.018049361801403905,0.17011720803566277,30.96873495693409,0.00025324655643911434,1.0074836603212833,30.971394733694623,0.018049361801403905,30.877227651437973,5079.682916567976,0.1388732499908656,-3.552713678800501e-15,0.0,30.96863929281932,0.00019304093439131975,30.955091283539463,4.915986210107803e-06,-0.002659776760530974,-0.0027554408753012183,-0.01630345015515644,0.002659776760530974,0.0027554408753012183,0.01630345015515644,0.002659776760530974,-9.566411477024417e-05,-0.013643673394625466,0.002659776760530974,9.566411477024417e-05,0.013643673394625466
100,70,0.05,0.1,1.0,252,call,30.966241256144563,0.018034552309201823,0.21163124998565763,30.965082642635807,0.0002558029562523857,1.0076294526894543,30.96624125614456,0.018034552309201823,30.873358909647674,4970.494679505739,0.19345654209610075,3.552713678800501e-15,0.0,30.964768305026276,0.00031758297700434923,30.955091283539463,4.875008016824722e-06,-0.0011586135087569005,-0.001472951118287824,-0.01114997260510009,0.0011586135087569005,0.001472951118287824,0.01114997260510009,0.0011586135087569005,-0.0003143376095309236,-0.009991359096343189,0.0011586135087569005,0.0003143376095309236,0.009991359096343189
100,70,0.05,0.2,1.0,4,call,31.608745091195406,0.04309728302068293,0.0035894160391762853,31.572884273561648,0.0010517814125171358,1.008870530634004,31.608745091195406,0.04309728302068293,31.25830483162158,1678.9926717630067,0.004477792070247233,0.0,0.0,31.573931145702808,1.7291982658207417e-05,30.956375595570243,3.999914042651653e-06,-0.03586081763375759,-0.03481394549259775,-0.6523694956251624,0.03586081763375759,0.03481394549259775,0.6523694956251624,0.03586081763375759,0.001046872141159838,-0.6165086779914049,0.03586081763375759,0.001046872141159838,0.6165086779914049
100,70,0.05,0.2,1.0,6,call,31.329656463665803,0.04067167694664209,0.0046496669529005885,31.36619532062441,0.0010133302687040612,1.0096881143745953,31.329656463665795,0.04067167694664209,31.0400834782119,1610.950246816432,0.005375499953515828,7.105427357601002e-15,0.0,31.366790740414633,1.5832949429750443e-05,30.956375595570243,2.9159709811210632e-06,0.03653885695860737,0.037134276748830075,-0.37328086809555927,0.03653885695860737,0.037134276748830075,0.37328086809555927,-0.03653885695860737,0.0005954197902227065,-0.40981972505416664,0.03653885695860737,0.0005954197902227065,0.40981972505416664
100,70,0.05,0.2,1.0,8,call,31.252003022581945,0.0394403823868512,0.005800209008157253,31.26360213767139,0.0010004703338060681,1.0099653537233946,31.252003022581945,0.0394403823868512,30.933282388908772,1554.0815448607505,0.006458374904468656,0.0,0.0,31.263754632997014,1.5459023416042328e-05,30.956375595570243,2.5830231606960297e-06,0.011599115089445888,0.011751610415068114,-0.2956274270117021,0.011599115089445888,0.011751610415068114,0.2956274270117021,-0.011599115089445888,0.00015249532562222612,-0.30722654210114797,0.011599115089445888,0.00015249532562222612,0.30722654210114797
100,70,0.05,0.2,1.0,12,call,31.187443687684407,0.038238413096754686,0.008925792062655091,31.16062732201484,0.000982786369802971,1.0105319304123483,31.187443687684397,0.038238413096754686,30.827969724772323,1513.8452134590234,0.008477249997667968,1.0658141036401503e-14,0.0,31.161028762126904,1.8291990272700787e-05,30.956375595570243,2.6669586077332497e-06,-0.026816365669567688,-0.026414925557503466,-0.2310680921141639,0.026816365669567688,0.026414925557503466,0.2310680921141639,0.026816365669567688,0.0004014401120642219,-0.20425172644459622,0.026816365669567688,0.0004014401120642219,0.20425172644459622
100,70,0.05,0.2,1.0,18,call,31.099832113942817,0.03743084617548565,0.012748208013363183,31.090785352426405,0.0009702153356258214,1.0107457662140589,31.09983211394281,0.037430846175485644,30.758569479955884,1488.4115111372785,0.01212916593067348,7.105427357601002e-15,6.938893903907228e-18,31.092700666521203,2.0249979570508003e-05,30.956375595570243,3.291061148047447e-06,-0.00904676151641226,-0.007131447421613757,-0.14345651837257378,0.00904676151641226,0.007131447421613757,0.14345651837257378,0.00904676151641226,0.0019153140947985037,-0.13440975685616152,0.00904676151641226,0.0019153140947985037,0.13440975685616152
100,70,0.05,0.2,1.0,26,call,31.086427056274502,0.03702934008892773,0.018403292051516473,31.04847080802897,0.0009649576846646782,1.0109499066569538,31.086427056274506,0.03702934008892773,30.71617733732439,1472.5681627542203,0.017844250076450408,-3.552713678800501e-15,0.0,31.050709593409653,2.2709020413458347e-05,30.956375595570243,3.4170225262641907e-06,-0.03795624824553201,-0.03571746286484867,-0.13005146070425866,0.03795624824553201,0.03571746286484867,0.13005146070425866,0.03795624824553201,0.002238785380683339,-0.09209521245872665,0.03795624824553201,0.002238785380683339,0.09209521245872665
100,70,0.05,0.2,1.0,36,call,31.077239841385364,0.03671610487053425,0.028063917066901922,31.023270401321184,0.000969285154839482,1.0111476823100618,31.077239841385364,0.03671610487053424,30.689803019224044,1434.8618232153901,0.024455167003907263,0.0,6.938893903907228e-18,31.024486020898223,3.808399196714163e-05,30.956375595570243,3.7080608308315277e-06,-0.05396944006417925,-0.0527538204871405,-0.12086424581512034,0.05396944006417925,0.0527538204871405,0.12086424581512034,0.05396944006417925,0.0012156195770387512,-0.06689480575094109,0.05396944006417925,0.0012156195770387512,0.06689480575094109
100,70,0.05,0.2,1.0,52,call,31.044915561902844,0.036445434528496794,0.038873584009706974,31.001760960133854,0.000960403504484183,1.0110743281314387,31.044915561902844,0.036445434528496794,30.668769964711355,1440.0540499515864,0.03395841596648097,0.0,0.0,31.00351828483166,5.4916017688810825e-05,30.956375595570243,4.749977961182594e-06,-0.043154601768989664,-0.04139727707118368,-0.08853996633260053,0.043154601768989664,0.04139727707118368,0.08853996633260053,0.043154601768989664,0.0017573246978059842,-0.045385364563610864,0.043154601768989664,0.0017573246978059842,0.045385364563610864
100,70,0.05,0.2,1.0,78,call,31.011049249104225,0.036335943420800175,0.05875924997963011,30.987203759792337,0.0009710335444009569,1.0111613445514467,31.011049249104225,0.036335943420800175,30.653033708779436,1400.2462410371838,0.05172104202210903,0.0,0.0,30.987798798607415,5.1541952416300774e-05,30.956375595570243,4.459056071937084e-06,-0.023845489311888457,-0.023250450496810515,-0.05467365353398179,0.023845489311888457,0.023250450496810515,0.05467365353398179,0.023845489311888457,0.0005950388150779418,-0.030828164222093335,0.023845489311888457,0.0005950388150779418,0.030828164222093335
100,70,0.05,0.2,1.0,126,call,30.992718469304215,0.036233022029060265,0.10853566601872444,30.97435033588229,0.0009536537249622198,1.0109811289712523,30.992718469304208,0.03623302202906026,30.641066262870734,1443.536259380059,0.0881234579719603,7.105427357601002e-15,6.938893903907228e-18,30.975825605212187,7.466692477464676e-05,30.956375595570243,4.041939973831177e-06,-0.018368133421926558,-0.016892864092028503,-0.036342873733971715,0.018368133421926558,0.016892864092028503,0.036342873733971715,0.018368133421926558,0.0014752693298980546,-0.017974740312045157,0.018368133421926558,0.0014752693298980546,0.017974740312045157
100,70,0.05,0.2,1.0,180,call,30.976418305581173,0.036227494287963354,0.16804908402264118,30.969755815877654,0.0009701913921640444,1.0112514407148245,30.97641830558118,0.036227494287963354,30.635239038898245,1394.3177596047067,0.1462617910001427,-7.105427357601002e-15,0.0,30.969989772982032,0.00026291701942682266,30.956375595570243,4.66697383671999e-06,-0.0066624897035190145,-0.0064285325991413345,-0.020042710010930165,0.0066624897035190145,0.0064285325991413345,0.020042710010930165,0.0066624897035190145,0.00023395710437768003,-0.01338022030741115,0.0066624897035190145,0.00023395710437768003,0.01338022030741115
100,70,0.05,0.2,1.0,252,call,30.970487120896532,0.03621716029924132,0.21004775003530085,30.966679027259637,0.000981984747743545,1.0115733050824873,30.970487120896525,0.03621716029924132,30.63135673328636,1360.2517895998149,0.19837983301840723,7.105427357601002e-15,0.0,30.966099614771796,0.000273957964964211,30.956375595570243,4.082918167114258e-06,-0.003808093636894938,-0.004387506124736262,-0.014111525326288898,0.003808093636894938,0.004387506124736262,0.014111525326288898,0.003808093636894938,-0.0005794124878413243,-0.01030343168939396,0.003808093636894938,0.0005794124878413243,0.01030343168939396
100,70,0.05,0.3,1.0,4,call,31.79771977552125,0.06434811366573703,0.0035847079707309604,31.739999515517642,0.002321625245299348,1.017020020273227,31.79771977552125,0.06434811366573703,31.073642647284068,768.2231766501383,0.004584875074215233,0.0,0.0,31.76161381477571,1.5915953554213047e-05,31.027311306120517,2.9169023036956787e-06,-0.057720260003609525,-0.036105960745540955,-0.7704084694007349,0.057720260003609525,0.036105960745540955,0.7704084694007349,0.057720260003609525,0.02161429925806857,-0.7126882093971254,0.057720260003609525,0.02161429925806857,0.7126882093971254
100,70,0.05,0.3,1.0,6,call,31.43204387437118,0.060804790200442195,0.0051394590409472585,31.487655163812153,0.0022263419172053683,1.0182343847134607,31.43204387437117,0.06080479020044218,30.79439712385897,745.9193308488126,0.0057602080050855875,7.105427357601002e-15,1.3877787807814457e-17,31.50855289558781,1.491699367761612e-05,31.027311306120517,2.5419285520911217e-06,0.05561128944097504,0.07650902121662995,-0.40473256825066173,0.05561128944097504,0.07650902121662995,0.40473256825066173,-0.05561128944097504,0.020897731775654904,-0.46034385769163677,0.05561128944097504,0.020897731775654904,0.46034385769163677
100,70,0.05,0.3,1.0,8,call,31.342318903718112,0.05904328212013291,0.0055989999091252685,31.365515431469447,0.0021941595618119457,1.0185774057594512,31.342318903718112,0.05904328212013291,30.661802530333294,724.1100395214152,0.006580290966667235,0.0,0.0,31.385167419347194,1.5832949429750443e-05,31.027311306120517,3.00002284348011e-06,0.023196527751334628,0.042848515629081874,-0.3150075975975959,0.023196527751334628,0.042848515629081874,0.3150075975975959,-0.023196527751334628,0.019651987877747246,-0.3382041253489305,0.023196527751334628,0.019651987877747246,0.3382041253489305
100,70,0.05,0.3,1.0,12,call,31.27372726088712,0.057336945470151564,0.010185082908719778,31.243997623352794,0.002148140218080742,1.0192349722525007,31.273727260887114,0.05733694547015155,30.533885723740447,712.4327139984063,0.008710916037671268,7.105427357601002e-15,1.3877787807814457e-17,31.263854722129068,1.8832972273230553e-05,31.027311306120517,2.9169023036956787e-06,-0.029729637534327225,-0.00987253875805294,-0.24641595476660427,0.029729637534327225,0.00987253875805294,0.24641595476660427,0.029729637534327225,0.019857098776274285,-0.21668631723227705,0.029729637534327225,0.019857098776274285,0.21668631723227705
100,70,0.05,0.3,1.0,18,call,31.17033785664541,0.056098024363844326,0.013656209106557071,31.160215258084964,0.0021154026306607903,1.0196360629950794,31.170337856645407,0.056098024363844326,30.451197084439556,703.2488866234961,0.015121541917324066,3.552713678800501e-15,0.0,31.184116244587585,2.1792016923427582e-05,31.027311306120517,2.9170187190175056e-06,-0.010122598560446505,0.013778387942174675,-0.143026550524894,0.010122598560446505,0.013778387942174675,0.143026550524894,0.010122598560446505,0.02390098650262118,-0.1329039519644475,0.010122598560446505,0.02390098650262118,0.1329039519644475
100,70,0.05,0.3,1.0,26,call,31.16491369973629,0.05553582105821627,0.020764790941029787,31.111726585512784,0.0021036118136316126,1.0197248896926647,31.164913699736296,0.05553582105821627,30.401336821773874,696.9717762796939,0.017227291013114154,-7.105427357601002e-15,0.0,31.135492405895818,3.750005271285772e-05,31.027311306120517,3.250082954764366e-06,-0.05318711422350475,-0.029421293840471208,-0.1376023936157722,0.05318711422350475,0.029421293840471208,0.1376023936157722,0.05318711422350475,0.023765820383033542,-0.08441527939226745,0.05318711422350475,0.023765820383033542,0.08441527939226745
100,70,0.05,0.3,1.0,36,call,31.161029229601525,0.05508069457808255,0.029477708972990513,31.08350751952273,0.002112686318139034,1.0201094353357743,31.161029229601517,0.05508069457808255,30.370569318909933,679.7180091063723,0.02467299997806549,7.105427357601002e-15,0.0,31.105273305685127,3.825000021606684e-05,31.027311306120517,5.375011824071407e-06,-0.07752171007879483,-0.055755923916397165,-0.13371792348100797,0.07752171007879483,0.055755923916397165,0.13371792348100797,0.07752171007879483,0.02176578616239766,-0.05619621340221315,0.07752171007879483,0.02176578616239766,0.05619621340221315
100,70,0.05,0.3,1.0,52,call,31.11965731308694,0.05466733035485588,0.03895841690246016,31.057906529991,0.002090792433078366,1.0199529686920317,31.11965731308694,0.05466733035485589,30.346173575055587,683.6501171006678,0.033224791986867785,0.0,-6.938893903907228e-18,31.08119191712966,4.716601688414812e-05,31.027311306120517,4.249974153935909e-06,-0.06175078309593829,-0.03846539595727805,-0.09234600696642303,0.06175078309593829,0.03846539595727805,0.09234600696642303,0.06175078309593829,0.02328538713866024,-0.030595223870484745,0.06175078309593829,0.02328538713866024,0.030595223870484745
100,70,0.05,0.3,1.0,78,call,31.0784847162416,0.05450388715683249,0.05987600004300475,31.042345533085495,0.002110893136164582,1.0201637895348654,31.0784847162416,0.05450388715683249,30.32800381482133,666.6877236103755,0.05123783403541893,0.0,0.0,31.063185336448804,5.454104393720627e-05,31.027311306120517,3.7499703466892242e-06,-0.03613918315610576,-0.015299379792796941,-0.05117341012108412,0.03613918315610576,0.015299379792796941,0.05117341012108412,0.03613918315610576,0.020839803363308818,-0.015034226964978359,0.03613918315610576,0.020839803363308818,0.015034226964978359
100,70,0.05,0.3,1.0,126,call,31.055333995971683,0.05435140306068747,0.09828141704201698,31.027010376377778,0.0020689090567040406,1.019714380671708,31.05533399597168,0.05435140306068747,30.31423315304944,690.1424129186738,0.08482808305416256,3.552713678800501e-15,0.0,31.049497225075783,0.00017333298455923796,31.027311306120517,4.667090252041817e-06,-0.02832361959390539,-0.0058367708959004005,-0.028022689851166405,0.02832361959390539,0.0058367708959004005,0.028022689851166405,0.02832361959390539,0.02248684869800499,0.00030092974273898676,0.02832361959390539,0.02248684869800499,0.00030092974273898676
100,70,0.05,0.3,1.0,180,call,31.036191572976374,0.05435799930910943,0.17149799992330372,31.02292847581702,0.002110423806986089,1.020303317591235,31.036191572976374,0.05435799930910943,30.307542807180248,663.4184920954638,0.13698629208374768,0.0,0.0,31.042834018714306,0.00021674996241927147,31.027311306120517,4.625064320862293e-06,-0.01326309715935281,0.0066424457379312685,-0.008880266855857855,0.01326309715935281,0.0066424457379312685,0.008880266855857855,0.01326309715935281,0.01990554289728408,0.004382830303494956,0.01326309715935281,0.01990554289728408,0.004382830303494956
100,70,0.05,0.3,1.0,252,call,31.028561132720522,0.05438747163750575,0.2107812080066651,31.0211552254282,0.0021470399533631427,1.0207803045358321,31.028561132720522,0.054387471637505735,30.303090891001855,641.6784989570475,0.1959391669370234,0.0,1.3877787807814457e-17,31.03839542308109,0.00035454099997878075,31.027311306120517,4.249974153935909e-06,-0.007405907292323377,0.009834290360569042,-0.0012498266000058322,0.007405907292323377,0.009834290360569042,0.0012498266000058322,0.007405907292323377,0.01724019765289242,0.006156080692317545,0.007405907292323377,0.01724019765289242,0.006156080692317545
100,70,0.05,0.4,1.0,4,call,32.38635783948741,0.08490542395869712,0.003566291998140514,32.30034925050153,0.0041373779143471096,1.0291960026807616,32.38635783948741,0.08490542395869712,31.191534772125003,421.1341753113647,0.004500041948631406,0.0,0.0,32.371488372098185,1.662492286413908e-05,31.35921445594693,3.1669624149799347e-06,-0.0860085889858766,-0.014869467389225122,-1.02714338354048,0.0860085889858766,0.014869467389225122,1.02714338354048,0.0860085889858766,0.07113912159665148,-0.9411347945546034,0.0860085889858766,0.07113912159665148,0.9411347945546034
100,70,0.05,0.4,1.0,6,call,31.874305774438138,0.08022238311992004,0.004497374990023673,31.943627422346253,0.003929851230830849,1.03148098075112,31.87430577443813,0.08022238311992003,30.79150506828559,416.7147744238546,0.0054239589953795075,7.105427357601002e-15,1.3877787807814457e-17,32.01983638447512,1.6249949112534523e-05,31.35921445594693,3.208988346159458e-06,0.06932164790811512,0.14553061003698176,-0.5150913184912085,0.06932164790811512,0.14553061003698176,0.5150913184912085,-0.06932164790811512,0.07620896212886663,-0.5844129663993236,0.06932164790811512,0.07620896212886663,0.5844129663993236
100,70,0.05,0.4,1.0,8,call,31.738100254836528,0.07798207747133816,0.005769625073298812,31.771665629592178,0.003861185707620684,1.0322691956816092,31.738100254836528,0.07798207747133816,30.603045649720993,407.8948496175196,0.006744583020918071,0.0,0.0,31.84917263100657,1.54589070007205e-05,31.35921445594693,2.5420449674129486e-06,0.03356537475564991,0.11107237617004273,-0.3788857988895984,0.03356537475564991,0.11107237617004273,0.3788857988895984,-0.03356537475564991,0.07750700141439282,-0.4124511736452483,0.03356537475564991,0.07750700141439282,0.4124511736452483
100,70,0.05,0.4,1.0,12,call,31.628026777787902,0.07584360427132807,0.00893016706686467,31.6020207444327,0.0037528410984332015,1.0332894999545326,31.6280267777879,0.07584360427132807,30.42250371234135,408.4299441441191,0.00840858300216496,3.552713678800501e-15,0.0,31.682106286370466,1.795799471437931e-05,31.35921445594693,2.624932676553726e-06,-0.026006033355201907,0.05407950858256427,-0.26881232184097215,0.026006033355201907,0.05407950858256427,0.26881232184097215,0.026006033355201907,0.08008554193776618,-0.24280628848577024,0.026006033355201907,0.08008554193776618,0.24280628848577024
100,70,0.05,0.4,1.0,18,call,31.4898618058506,0.07419812802529689,0.013733125058934093,31.484346713038022,0.003685665926426536,1.0340537039542705,31.4898618058506,0.07419812802529689,30.306621147664675,405.2788700076796,0.012147416011430323,0.0,0.0,31.572783454432415,2.0458013750612736e-05,31.35921445594693,2.9159709811210632e-06,-0.0055150928125797805,0.08292164858181295,-0.130647349903672,0.0055150928125797805,0.08292164858181295,0.130647349903672,0.0055150928125797805,0.08843674139439273,-0.1251322570910922,0.0055150928125797805,0.08843674139439273,0.1251322570910922
100,70,0.05,0.4,1.0,26,call,31.476505170814985,0.07351105677926566,0.020541582955047488,31.416261594668853,0.0036515255322990643,1.0341578470273904,31.476505170814992,0.07351105677926567,30.237114442697983,405.2813778074554,0.017672667047008872,-7.105427357601002e-15,-1.3877787807814457e-17,31.506341773759722,2.2292020730674267e-05,31.35921445594693,2.6659108698368073e-06,-0.06024357614613152,0.029836602944737223,-0.11729071486805509,0.06024357614613152,0.029836602944737223,0.11729071486805509,0.06024357614613152,0.09008017909086874,-0.057047138721923574,0.06024357614613152,0.09008017909086874,0.057047138721923574
100,70,0.05,0.4,1.0,36,call,31.471958176233127,0.07293104457476125,0.030385375022888184,31.37728312112604,0.0036678959313013225,1.0348943940102717,31.47195817623312,0.07293104457476125,30.194377461773797,395.35829743692017,0.02410312497522682,7.105427357601002e-15,0.0,31.465142432612257,3.445800393819809e-05,31.35921445594693,4.292000085115433e-06,-0.09467505510708563,-0.006815743620869341,-0.11274372028619695,0.09467505510708563,0.006815743620869341,0.11274372028619695,0.09467505510708563,0.08785931148621628,-0.01806866517911132,0.09467505510708563,0.08785931148621628,0.01806866517911132
100,70,0.05,0.4,1.0,52,call,31.411117337090474,0.07239319679400355,0.03872083406895399,31.342685377747966,0.003623786288083407,1.0345835313427132,31.411117337090484,0.07239319679400355,30.160580366095154,399.0895491869467,0.03299341700039804,-1.0658141036401503e-14,0.0,31.432365342803237,5.679205060005188e-05,31.35921445594693,4.708999767899513e-06,-0.06843195934250801,0.02124800571276353,-0.05190288114354402,0.06843195934250801,0.02124800571276353,0.05190288114354402,0.06843195934250801,0.08967996505527154,0.016529078198963987,0.06843195934250801,0.08967996505527154,0.016529078198963987
100,70,0.05,0.4,1.0,78,call,31.363862591964594,0.0721740119250128,0.06110158294904977,31.32030945620606,0.0036562747189265365,1.0351026273149635,31.363862591964594,0.0721740119250128,30.135462390262095,389.65841077475005,0.05244979099370539,0.0,0.0,31.4078894959825,0.0001776249846443534,31.35921445594693,3.6660348996520042e-06,-0.04355313575853259,0.044026904017904656,-0.004648136017664228,0.04355313575853259,0.044026904017904656,0.004648136017664228,0.04355313575853259,0.08758003977643725,0.03890499974086836,0.04355313575853259,0.08758003977643725,0.03890499974086836
100,70,0.05,0.4,1.0,126,call,31.33625932398391,0.07194911829517872,0.10044008295517415,31.298876044968047,0.003565228656834051,1.0342847947943594,31.33625932398391,0.07194911829517871,30.116457514222144,407.2641431690916,0.08287225000094622,0.0,1.3877787807814457e-17,31.389303028168268,0.00021479104179888964,31.35921445594693,4.124944098293781e-06,-0.037383279015863025,0.053043704184357665,0.02295513196301968,0.037383279015863025,0.053043704184357665,0.02295513196301968,0.037383279015863025,0.09042698320022069,0.060338410978882706,0.037383279015863025,0.09042698320022069,0.060338410978882706
100,70,0.05,0.4,1.0,180,call,31.317796674277815,0.07198575442095735,0.1568123329197988,31.29343467315639,0.0036531044268082566,1.0354125055824728,31.31779667427782,0.07198575442095735,30.107234312201715,388.3013915249692,0.13682595791760832,-3.552713678800501e-15,0.0,31.380261557696368,0.00022874993737787008,31.35921445594693,3.7499703466892242e-06,-0.024362001121424726,0.06246488341855283,0.04141778166911436,0.024362001121424726,0.06246488341855283,0.04141778166911436,0.024362001121424726,0.08682688453997756,0.06577978279053909,0.024362001121424726,0.08682688453997756,0.06577978279053909
100,70,0.05,0.4,1.0,252,call,31.304706174889915,0.07210748709221322,0.2103365840157494,31.29295793292914,0.003727941713910676,1.0361767213944892,31.304706174889905,0.07210748709221322,30.101100706598103,374.12996613668355,0.19328366604167968,1.0658141036401503e-14,0.0,31.374240999724446,0.00036079203709959984,31.35921445594693,4.542060196399689e-06,-0.011748241960773953,0.06953482483453044,0.05450828105701433,0.011748241960773953,0.06953482483453044,0.05450828105701433,0.011748241960773953,0.08128306679530439,0.06625652301778828,0.011748241960773953,0.08128306679530439,0.06625652301778828
100,70,0.05,0.5,1.0,4,call,33.362724178417295,0.10566689886445713,0.003546791966073215,33.24718179288771,0.006619424301503737,1.0441954283798505,33.362724178417295,0.10566689886445713,31.610357635414147,254.82233071530194,0.004562541958875954,0.0,0.0,33.39156464292242,1.633400097489357e-05,32.02241109212742,3.0830269679427147e-06,-0.11554238552958651,0.02884046450512301,-1.3403130862898749,0.11554238552958651,0.02884046450512301,1.3403130862898749,0.11554238552958651,0.14438285003470952,-1.2247707007602884,0.11554238552958651,0.14438285003470952,1.2247707007602884
100,70,0.05,0.5,1.0,6,call,32.687782204814845,0.09957680202720613,0.00452904193662107,32.75754673617739,0.006229797088112884,1.0479737875845414,32.68778220481483,0.09957680202720613,31.062785070221928,255.4868467512361,0.005434666993096471,1.4210854715202004e-14,0.0,32.919068563194465,1.537497155368328e-05,32.02241109212742,2.540997229516506e-06,0.06976453136254435,0.23128635837962008,-0.6653711126874242,0.06976453136254435,0.23128635837962008,0.6653711126874242,-0.06976453136254435,0.16152182701707574,-0.7351356440499686,0.06976453136254435,0.16152182701707574,0.7351356440499686
100,70,0.05,0.5,1.0,8,call,32.480433394046855,0.09683219372353372,0.0055190419079735875,32.51870209321641,0.006094371033394356,1.0494625883929265,32.480433394046855,0.09683219372353372,30.803929279647964,252.4537112354581,0.006597917061299086,0.0,0.0,32.68853479247404,1.5375087969005108e-05,32.02241109212742,2.4170149117708206e-06,0.03826869916955644,0.208101398427182,-0.45802230191943494,0.03826869916955644,0.208101398427182,0.45802230191943494,-0.03826869916955644,0.16983269925762556,-0.4962910010889914,0.03826869916955644,0.16983269925762556,0.4962910010889914
100,70,0.05,0.5,1.0,12,call,32.311919099675336,0.09419638732677203,0.008558709057979286,32.28568583428002,0.005893771975091992,1.0509085592676692,32.31191909967532,0.09419638732677203,30.555386207448358,255.43584127321125,0.008648082963190973,1.4210854715202004e-14,0.0,32.46209543525943,1.8542050383985043e-05,32.02241109212742,2.708984538912773e-06,-0.02623326539531945,0.15017633558409216,-0.2895080075479157,0.02623326539531945,0.15017633558409216,0.2895080075479157,0.02623326539531945,0.1764096009794116,-0.2632747421525963,0.02623326539531945,0.1764096009794116,0.2632747421525963
100,70,0.05,0.5,1.0,18,call,32.11161054804217,0.09217191495414108,0.013487958000041544,32.12610745132117,0.0057775394986015445,1.0520264300975097,32.11161054804217,0.09217191495414108,30.395565918484877,254.51382295967025,0.012438999954611063,0.0,0.0,32.31352146999297,2.1332991309463978e-05,32.02241109212742,2.874992787837982e-06,0.014496903278995887,0.20191092195079818,-0.08919945591475198,0.014496903278995887,0.20191092195079818,0.08919945591475198,-0.014496903278995887,0.1874140186718023,-0.10369635919374787,0.014496903278995887,0.1874140186718023,0.10369635919374787
100,70,0.05,0.5,1.0,26,call,32.08754856121579,0.09129632926860655,0.02157366694882512,32.02844120021617,0.005696551516150301,1.0521772709746455,32.087548561215804,0.09129632926860655,30.299598944871466,256.85177668056656,0.01714654196985066,-1.4210854715202004e-14,0.0,32.22307540134403,2.3000058718025684e-05,32.02241109212742,2.749962732195854e-06,-0.05910736099961866,0.135526840128243,-0.06513746908836993,0.05910736099961866,0.135526840128243,0.06513746908836993,0.05910736099961866,0.19463420112786167,-0.006030108088751263,0.05910736099961866,0.19463420112786167,0.006030108088751263
100,70,0.05,0.5,1.0,36,call,32.07900322886431,0.09059539316013572,0.03187454107683152,31.975669088989324,0.005726181005587985,1.0533475058886874,32.0790032288643,0.0905953931601357,30.240554350940346,250.31223849935523,0.025691249989904463,7.105427357601002e-15,1.3877787807814457e-17,32.16693636521969,3.362505231052637e-05,32.02241109212742,6.958027370274067e-06,-0.10333413987498474,0.08793313635538169,-0.056592136736888676,0.10333413987498474,0.08793313635538169,0.056592136736888676,0.10333413987498474,0.19126727623036643,0.04674200313809607,0.10333413987498474,0.19126727623036643,0.04674200313809607
100,70,0.05,0.5,1.0,52,call,31.991068406839855,0.0899223433148123,0.04045016597956419,31.922462776816236,0.0056427897706159795,1.0531675626451886,31.991068406839865,0.08992234331481233,30.19384100191997,253.9495752851867,0.03435620805248618,-1.0658141036401503e-14,-2.7755575615628914e-17,32.12224431633878,4.604109562933445e-05,32.02241109212742,4.790956154465675e-06,-0.06860563002361886,0.13117590949892488,0.031342685287565786,0.06860563002361886,0.13117590949892488,0.031342685287565786,0.06860563002361886,0.19978153952254374,0.09994831531118464,0.06860563002361886,0.19978153952254374,0.09994831531118464
100,70,0.05,0.5,1.0,78,call,31.94152334225939,0.08963777549201277,0.06080562504939735,31.89254019071891,0.005694562495469102,1.0539523426739354,31.94152334225939,0.08963777549201277,30.159112612238832,247.77724142236428,0.052196166943758726,0.0,0.0,32.088854512884765,0.0003078329609706998,32.02241109212742,4.00003045797348e-06,-0.0489831515404795,0.1473311706253746,0.0808877498680296,0.0489831515404795,0.1473311706253746,0.0808877498680296,0.0489831515404795,0.1963143221658541,0.1298709014085091,0.0489831515404795,0.1963143221658541,0.1298709014085091
100,70,0.05,0.5,1.0,126,call,31.900444317435444,0.08934283458154144,0.09994741599075496,31.861362281947926,0.005511084386287383,1.052651244676135,31.90044431743544,0.08934283458154144,30.13283016194513,262.812085407883,0.08366529201157391,3.552713678800501e-15,0.0,32.063489630282774,0.00015004200395196676,32.02241109212742,4.291068762540817e-06,-0.03908203548751743,0.1630453128473306,0.12196677469197681,0.03908203548751743,0.1630453128473306,0.12196677469197681,0.03908203548751743,0.20212734833484802,0.16104881017949424,0.03908203548751743,0.20212734833484802,0.16104881017949424
100,70,0.05,0.5,1.0,180,call,31.890031572423837,0.0894346000239185,0.15247920795809478,31.857549851824466,0.005682324386915561,1.0543454641820174,31.890031572423837,0.08943460002391851,30.12007324740298,247.7188714264756,0.13536662491969764,0.0,-1.3877787807814457e-17,32.0511478926149,0.0002353329909965396,32.02241109212742,4.375004209578037e-06,-0.032481720599371045,0.1611163201910628,0.13237951970358353,0.032481720599371045,0.1611163201910628,0.13237951970358353,0.032481720599371045,0.19359804079043386,0.16486124030295457,0.032481720599371045,0.19359804079043386,0.16486124030295457
100,70,0.05,0.5,1.0,252,call,31.875875193904733,0.08967461332612348,0.2088487499859184,31.85383730352929,0.0058230481009282934,1.0557820133652154,31.875875193904722,0.08967461332612346,30.111588994760652,237.15826812880135,0.2008980419486761,1.0658141036401503e-14,1.3877787807814457e-17,32.042928708583375,0.0003512080293148756,32.02241109212742,3.917026333510876e-06,-0.02203789037544368,0.16705351467864205,0.14653589822268742,0.02203789037544368,0.16705351467864205,0.14653589822268742,0.02203789037544368,0.18909140505408573,0.1685737885981311,0.02203789037544368,0.18909140505408573,0.1685737885981311
100,70,0.05,0.6,1.0,4,call,34.631961877030996,0.12747620339547788,0.003543167025782168,34.47600747639179,0.009909206104729775,1.061762312440692,34.63196187703099,0.12747620339547788,32.22740818954254,165.49333880005972,0.004483749973587692,7.105427357601002e-15,0.0,34.72030832279161,1.650000922381878e-05,32.97381136649859,3.125052899122238e-06,-0.15595440063920307,0.08834644576061379,-1.6581505105324084,0.15595440063920307,0.08834644576061379,1.6581505105324084,0.15595440063920307,0.24430084639981686,-1.5021961098932053,0.15595440063920307,0.24430084639981686,1.5021961098932053
100,70,0.05,0.6,1.0,6,call,33.78356871943194,0.11967110627714243,0.004689958994276822,33.84850566863629,0.009266809393244365,1.0672147827166931,33.78356871943193,0.1196711062771424,31.525119357620927,166.7700854081726,0.006096417084336281,7.105427357601002e-15,2.7755575615628914e-17,34.12272120486277,1.60830095410347e-05,32.97381136649859,2.500019036233425e-06,0.06493694920435189,0.3391524854308301,-0.809757352933353,0.06493694920435189,0.3391524854308301,0.809757352933353,-0.06493694920435189,0.2742155362264782,-0.8746943021377049,0.06493694920435189,0.2742155362264782,0.8746943021377049
100,70,0.05,0.6,1.0,8,call,33.50106974855006,0.11633326823995858,0.005658083013258874,33.53923696429943,0.009049471257922959,1.0694695356679282,33.50106974855006,0.11633326823995858,31.191799377502836,165.25760271933282,0.006580375018529594,0.0,0.0,33.82931258798329,1.4625024050474167e-05,32.97381136649859,2.4579931050539017e-06,0.03816721574936821,0.32824283943322996,-0.5272583820514711,0.03816721574936821,0.32824283943322996,0.5272583820514711,-0.03816721574936821,0.29007562368386175,-0.5654255978008393,0.03816721574936821,0.29007562368386175,0.5654255978008393
100,70,0.05,0.6,1.0,12,call,33.26598689175208,0.11309168034670163,0.008465084014460444,33.236777613155965,0.008684561856902437,1.0713600875949,33.26598689175207,0.11309168034670161,30.870758882820137,169.5764300937967,0.008831292041577399,7.105427357601002e-15,1.3877787807814457e-17,33.53983718550145,1.9249971956014633e-05,32.97381136649859,2.9581133276224136e-06,-0.02920927859611311,0.2738502937493692,-0.2921755252534908,0.02920927859611311,0.2738502937493692,0.2921755252534908,0.02920927859611311,0.3030595723454823,-0.26296624665737767,0.02920927859611311,0.3030595723454823,0.26296624665737767
100,70,0.05,0.6,1.0,18,call,32.99396378766331,0.11064363490179581,0.013510999968275428,33.02661481992609,0.008487083388141515,1.0732019028503648,32.99396378766331,0.11064363490179578,30.663722273516242,169.95577697892494,0.012502750032581389,0.0,2.7755575615628914e-17,33.34917477965112,1.8874998204410076e-05,32.97381136649859,3.1669624149799347e-06,0.03265103226277688,0.3552109919878106,-0.020152421164723933,0.03265103226277688,0.3552109919878106,0.020152421164723933,-0.03265103226277688,0.3225599597250337,-0.05280345342750081,0.03265103226277688,0.3225599597250337,0.05280345342750081
100,70,0.05,0.6,1.0,26,call,32.959168501907065,0.10948162329593673,0.022542374907061458,32.89718916370219,0.008340968272559696,1.073152713788187,32.959168501907065,0.10948162329593673,30.539151708487395,172.28581345903953,0.020286665996536613,0.0,0.0,33.23281119936463,2.3416941985487938e-05,32.97381136649859,3.0410010367631912e-06,-0.06197933820487833,0.27364269745756786,0.014642864591522198,0.06197933820487833,0.27364269745756786,0.014642864591522198,0.06197933820487833,0.3356220356624462,0.07662220279640053,0.06197933820487833,0.3356220356624462,0.07662220279640053
100,70,0.05,0.6,1.0,36,call,32.94040811179745,0.10868646262736906,0.03036379104014486,32.82987721731451,0.008397498026746166,1.0749271450268902,32.94040811179745,0.10868646262736903,30.462407697624993,167.51399164801563,0.02442074997816235,0.0,2.7755575615628914e-17,33.16046951612361,2.854189369827509e-05,32.97381136649859,4.375004209578037e-06,-0.11053089448294173,0.2200614043261595,0.0334032547011347,0.11053089448294173,0.2200614043261595,0.0334032547011347,0.11053089448294173,0.33059229880910124,0.14393414918407643,0.11053089448294173,0.33059229880910124,0.14393414918407643
100,70,0.05,0.6,1.0,52,call,32.82701043286986,0.10782160792005831,0.03917962498962879,32.7585592410989,0.0082602308067975,1.0746842668159877,32.82701043286987,0.10782160792005831,30.40163440232176,170.3833854006152,0.03355404094327241,-7.105427357601002e-15,0.0,33.102813924151654,4.858302418142557e-05,32.97381136649859,3.4170225262641907e-06,-0.06845119177096137,0.27580349128179193,0.14680093362872526,0.06845119177096137,0.27580349128179193,0.14680093362872526,0.06845119177096137,0.3442546830527533,0.21525212539968663,0.06845119177096137,0.3442546830527533,0.21525212539968663
100,70,0.05,0.6,1.0,78,call,32.773392177554555,0.1074932454897458,0.06106524995993823,32.71962858641119,0.008346723399526444,1.075870190971778,32.77339217755455,0.1074932454897458,30.35641963133291,165.8556640848643,0.05146333295851946,7.105427357601002e-15,0.0,33.05970101849108,0.00015858293045312166,32.97381136649859,3.5830307751893997e-06,-0.053763591143365375,0.28630884093652753,0.2004191889440321,0.053763591143365375,0.28630884093652753,0.2004191889440321,0.053763591143365375,0.3400724320798929,0.2541827800873975,0.053763591143365375,0.3400724320798929,0.2541827800873975
100,70,0.05,0.6,1.0,126,call,32.71602233564897,0.10708268718494893,0.11233137489762157,32.67536431144279,0.008012175013886088,1.0739039523722496,32.716022335648965,0.10708268718494893,30.32218148569695,178.6231186573786,0.08795191708486527,7.105427357601002e-15,0.0,33.026927979233164,0.00017312495037913322,32.97381136649859,4.707952030003071e-06,-0.0406580242061807,0.31090564358419215,0.25778903084961513,0.0406580242061807,0.31090564358419215,0.25778903084961513,0.0406580242061807,0.35156366779037285,0.29844705505579583,0.0406580242061807,0.35156366779037285,0.29844705505579583
100,70,0.05,0.6,1.0,180,call,32.711799465838105,0.10731683228774466,0.16177662496920675,32.67202840660053,0.00829947366856824,1.0765354369546687,32.711799465838105,0.10731683228774466,30.30555685996995,167.1993509029148,0.13873050000984222,0.0,0.0,33.01097477960497,0.00021870795171707869,32.97381136649859,4.417030140757561e-06,-0.03977105923757307,0.2991753137668667,0.2620119006604824,0.03977105923757307,0.2991753137668667,0.2620119006604824,0.03977105923757307,0.33894637300443975,0.3017829598980555,0.03977105923757307,0.33894637300443975,0.3017829598980555
100,70,0.05,0.6,1.0,252,call,32.705827043331276,0.10770494473938533,0.2102184579707682,32.67204775148106,0.008569250181008571,1.0785195301201194,32.70582704333127,0.10770494473938533,30.294498038337085,157.97400906353974,0.218112500035204,7.105427357601002e-15,0.0,33.000347968870436,0.0003565419465303421,32.97381136649859,4.959059879183769e-06,-0.033779291850216,0.2945209255391603,0.2679843231673118,0.033779291850216,0.2945209255391603,0.2679843231673118,0.033779291850216,0.3283002173893763,0.3017636150175278,0.033779291850216,0.3283002173893763,0.3017636150175278
100,80,0.05,0.1,1.0,4,call,22.070311662214923,0.021450969829024592,0.004020416992716491,22.05377030604873,0.0002775143837581349,1.0054010371585145,22.070311662214923,0.02145096982902459,21.96762150164127,5974.793067855852,0.004838416934944689,0.0,3.469446951953614e-18,22.053852915797304,1.808302477002144e-05,21.44280742642565,3.4580007195472717e-06,-0.016541356166193566,-0.016458746417619352,-0.6275042357892744,0.016541356166193566,0.016458746417619352,0.6275042357892744,0.016541356166193566,8.260974857421388e-05,-0.6109628796230808,0.016541356166193566,8.260974857421388e-05,0.6109628796230808
100,80,0.05,0.1,1.0,6,call,21.831394452746558,0.02025584078781355,0.004867458017542958,21.84988384307131,0.0002670810799515592,1.006090250398544,21.831394452746558,0.02025584078781355,21.760617408648404,5751.939405057579,0.005818583071231842,0.0,0.0,21.849854333495863,1.4708028174936771e-05,21.44280742642565,2.8330832719802856e-06,0.01848939032475272,0.018459880749304602,-0.38858702632090925,0.01848939032475272,0.018459880749304602,0.38858702632090925,-0.01848939032475272,-2.950957544811672e-05,-0.40707641664566196,0.01848939032475272,2.950957544811672e-05,0.40707641664566196
100,80,0.05,0.1,1.0,8,call,21.742625237066765,0.019643503596403378,0.005768375005573034,21.748084007075974,0.00026324957776596063,1.006371001988186,21.742625237066765,0.019643503596403378,21.65771976865899,5568.042414538719,0.0065185000421479344,0.0,0.0,21.747977211502477,1.4666002243757248e-05,21.44280742642565,2.500019036233425e-06,0.005458770009209246,0.0053519744357117816,-0.299817810641116,0.005458770009209246,0.0053519744357117816,0.299817810641116,-0.005458770009209246,-0.0001067955734974646,-0.30527658065032526,0.005458770009209246,0.0001067955734974646,0.30527658065032526
100,80,0.05,0.1,1.0,12,call,21.660811576749058,0.019037380205199086,0.008488166029565036,21.646271943032538,0.0002582412062127371,1.0068381197736482,21.660811576749047,0.019037380205199086,21.555220409132897,5434.546184133701,0.008343250025063753,1.0658141036401503e-14,0.0,21.646178261732718,1.737498678267002e-05,21.44280742642565,2.5420449674129486e-06,-0.014539633716520228,-0.01463331501634002,-0.21800415032340936,0.014539633716520228,0.01463331501634002,0.21800415032340936,0.014539633716520228,-9.368129981979223e-05,-0.20346451660688913,0.014539633716520228,9.368129981979223e-05,0.20346451660688913
100,80,0.05,0.1,1.0,18,call,21.58354525038183,0.01864800072540083,0.013109959079883993,21.578142569772414,0.00025495215119719937,1.0070033473635942,21.583545250381828,0.018648000725400828,21.4871072834599,5349.918835581137,0.011944083031266928,3.552713678800501e-15,3.469446951953614e-18,21.578354742452802,1.9666971638798714e-05,21.44280742642565,3.958004526793957e-06,-0.0054026806094178426,-0.005190507929029309,-0.14073782395618295,0.0054026806094178426,0.005190507929029309,0.14073782395618295,0.0054026806094178426,0.00021217268038853376,-0.1353351433467651,0.0054026806094178426,0.00021217268038853376,0.1353351433467651
100,80,0.05,0.1,1.0,26,call,21.555687628120342,0.01844331166962902,0.020523666054941714,21.53629167904304,0.0002533222848412422,1.007205330989419,21.555687628120353,0.01844331166962902,21.445278491985096,5300.673054242232,0.021134666982106864,-1.0658141036401503e-14,0.0,21.536633811252056,2.091703936457634e-05,21.44280742642565,3.125052899122238e-06,-0.019395949077303243,-0.019053816868286333,-0.11288020169469348,0.019395949077303243,0.019053816868286333,0.11288020169469348,0.019395949077303243,0.0003421322090169099,-0.09348425261739024,0.019395949077303243,0.0003421322090169099,0.09348425261739024
100,80,0.05,0.1,1.0,36,call,21.538213053819238,0.018286116068674103,0.029169125016778708,21.510397438735435,0.00025347638403557524,1.0073697261653989,21.538213053819238,0.018286116068674103,21.41916905507797,5204.367282406692,0.024399167043156922,0.0,0.0,21.510564602874343,2.8749927878379822e-05,21.44280742642565,3.5410048440098763e-06,-0.027815615083802925,-0.027648450944894876,-0.09540562739358904,0.027815615083802925,0.027648450944894876,0.09540562739358904,0.027815615083802925,0.00016716413890804915,-0.06759001230978612,0.027815615083802925,0.00016716413890804915,0.06759001230978612
100,80,0.05,0.1,1.0,52,call,21.512040089460303,0.018155202304004196,0.03932316601276398,21.489542407336067,0.0002514267289499892,1.0073467035372397,21.512040089460314,0.018155202304004196,21.398300059058,5214.099262843142,0.032343917060643435,-1.0658141036401503e-14,0.0,21.48971274757849,3.654207102954388e-05,21.44280742642565,4.459056071937084e-06,-0.02249768212423575,-0.0223273418818124,-0.06923266303465425,0.02249768212423575,0.0223273418818124,0.06923266303465425,0.02249768212423575,0.00017034024242335022,-0.0467349809104185,0.02249768212423575,0.00017034024242335022,0.0467349809104185
100,80,0.05,0.1,1.0,78,call,21.486402491593008,0.018102210013614634,0.05927195807453245,21.474069010625797,0.0002533765335687728,1.0074450433587643,21.486402491593,0.018102210013614634,21.38265912210772,5104.232136917616,0.050679042004048824,7.105427357601002e-15,0.0,21.474075897250042,0.00010508403647691011,21.44280742642565,4.332978278398514e-06,-0.012333480967210875,-0.012326594342965791,-0.04359506516735934,0.012333480967210875,0.012326594342965791,0.04359506516735934,0.012333480967210875,6.8866242450837944e-06,-0.03126158420014846,0.012333480967210875,6.8866242450837944e-06,0.03126158420014846
100,80,0.05,0.1,1.0,126,call,21.470947901913142,0.018054012396790355,0.09801512502599508,21.46196333528881,0.0002498136791768063,1.0073758478071808,21.47094790191313,0.018054012396790355,21.37074843141585,5222.940056835045,0.08234845800325274,1.0658141036401503e-14,0.0,21.462163277779933,0.00014925003051757812,21.44280742642565,3.3329706639051437e-06,-0.008984566624331336,-0.008784624133209462,-0.028140475487493433,0.008984566624331336,0.008784624133209462,0.028140475487493433,0.008984566624331336,0.0001999424911218739,-0.019155908863162097,0.008984566624331336,0.0001999424911218739,0.019155908863162097
100,80,0.05,0.1,1.0,180,call,21.459128177223977,0.018049020847477427,0.15315708296839148,21.456442177366718,0.0002531243793976804,1.0074902890429693,21.459128177223985,0.018049020847477427,21.364943917011473,5084.395686464668,0.13505104195792228,-7.105427357601002e-15,0.0,21.456356242436755,0.00021562492474913597,21.44280742642565,3.750086762011051e-06,-0.002685999857259702,-0.0027719347872228184,-0.01632075079832873,0.002685999857259702,0.0027719347872228184,0.01632075079832873,0.002685999857259702,-8.593492996311625e-05,-0.01363475094106903,0.002685999857259702,8.593492996311625e-05,0.01363475094106903
100,80,0.05,0.1,1.0,252,call,21.453947011137423,0.018034552309201823,0.2098745839903131,21.452795133481818,0.0002557307295899439,1.0076319479860216,21.45394701113742,0.018034552309201823,21.361074949572256,4973.302734203793,0.18897862499579787,3.552713678800501e-15,0.0,21.45248501890867,0.00034024997148662806,21.44280742642565,3.959052264690399e-06,-0.0011518776556052046,-0.0014619922287515408,-0.01113958471177412,0.0011518776556052046,0.0014619922287515408,0.01113958471177412,0.0011518776556052046,-0.00031011457314633617,-0.009987707056168915,0.0011518776556052046,0.00031011457314633617,0.009987707056168915
100,80,0.05,0.2,1.0,4,call,22.227128069882124,0.04233112122674637,0.0035264170728623867,22.192870079501542,0.0010151655080130008,1.010987906266411,22.227128069882124,0.04233112122674637,21.89198744027762,1738.7848067769387,0.0045154590625315905,0.0,0.0,22.203535745638227,1.4875084161758423e-05,21.50190197481238,2.749962732195854e-06,-0.034257990380581305,-0.023592324243896456,-0.7252260950697433,0.034257990380581305,0.023592324243896456,0.7252260950697433,0.034257990380581305,0.010665666136684848,-0.690968104689162,0.034257990380581305,0.010665666136684848,0.690968104689162
100,80,0.05,0.2,1.0,6,call,21.914760419560775,0.04007872737226177,0.004599499981850386,21.95366490796302,0.0009745295690840022,1.0119200400644637,21.914760419560768,0.040078727372261765,21.64061037884861,1691.3668085564325,0.005507499910891056,7.105427357601002e-15,6.938893903907228e-18,21.964082414866006,1.550000160932541e-05,21.50190197481238,2.5829067453742027e-06,0.03890448840224536,0.04932199530523107,-0.4128584447483945,0.03890448840224536,0.04932199530523107,0.4128584447483945,-0.03890448840224536,0.010417506902985707,-0.45176293315063987,0.03890448840224536,0.010417506902985707,0.45176293315063987
100,80,0.05,0.2,1.0,8,call,21.820715386979682,0.03893516684854147,0.005592375062406063,21.83639361214553,0.0009596297859614216,1.0122371453693344,21.820715386979682,0.03893516684854147,21.518780438139068,1646.177422792673,0.006520833005197346,0.0,0.0,21.84645180784676,1.737498678267002e-05,21.50190197481238,2.8329668566584587e-06,0.015678225165849824,0.025736420867076504,-0.31881341216730164,0.015678225165849824,0.025736420867076504,0.31881341216730164,-0.015678225165849824,0.01005819570122668,-0.33449163733315146,0.015678225165849824,0.01005819570122668,0.33449163733315146
100,80,0.05,0.2,1.0,12,call,21.740922445639544,0.037818860924651906,0.008729540975764394,21.720216723367237,0.0009404819688046836,1.0127775436109967,21.74092244563954,0.037818860924651906,21.399530204886478,1617.0220463445569,0.008359917090274394,3.552713678800501e-15,0.0,21.730217941823305,1.7625046893954277e-05,21.50190197481238,2.625049091875553e-06,-0.02070572227230727,-0.010704503816238997,-0.23902047082716393,0.02070572227230727,0.010704503816238997,0.23902047082716393,0.02070572227230727,0.010001218456068273,-0.21831474855485666,0.02070572227230727,0.010001218456068273,0.21831474855485666
100,80,0.05,0.2,1.0,18,call,21.650637543520844,0.03702015296304251,0.013675707974471152,21.641568832089362,0.0009254816045447459,1.0131058881405364,21.650637543520844,0.0370201529630425,21.321462234354073,1600.0768284895132,0.012397665996104479,0.0,6.938893903907228e-18,21.65350104773437,1.950003206729889e-05,21.50190197481238,2.9579969123005867e-06,-0.009068711431481802,0.0028635042135256583,-0.14873556870846372,0.009068711431481802,0.0028635042135256583,0.14873556870846372,0.009068711431481802,0.01193221564500746,-0.13966685727698191,0.009068711431481802,0.01193221564500746,0.13966685727698191
100,80,0.05,0.2,1.0,26,call,21.631094654811335,0.03665588680913926,0.022540792007930577,21.59475095027633,0.0009211773290278923,1.0132318115042478,21.631094654811346,0.03665588680913927,21.273988708116583,1583.4376949166385,0.01725425000768155,-1.0658141036401503e-14,-6.938893903907228e-18,21.606595853794115,2.2249994799494743e-05,21.50190197481238,2.749962732195854e-06,-0.03634370453500324,-0.024498801017220018,-0.12919267999895467,0.03634370453500324,0.024498801017220018,0.12919267999895467,0.03634370453500324,0.011844903517783223,-0.09284897546395143,0.03634370453500324,0.011844903517783223,0.09284897546395143
100,80,0.05,0.2,1.0,36,call,21.619409666547003,0.03635643272816362,0.030041082995012403,21.566323465865636,0.0009238299022564197,1.0134919232745203,21.619409666546996,0.03635643272816362,21.24453715799849,1548.7399362302183,0.023773791966959834,7.105427357601002e-15,0.0,21.577397556175857,3.2625044696033e-05,21.50190197481238,4.792003892362118e-06,-0.053086200681367046,-0.042012110371146605,-0.11750769173462317,0.053086200681367046,0.042012110371146605,0.11750769173462317,0.053086200681367046,0.011074090310220441,-0.06442149105325612,0.053086200681367046,0.011074090310220441,0.06442149105325612
100,80,0.05,0.2,1.0,52,call,21.585753148885733,0.036092225427889875,0.03830304089933634,21.542568502948345,0.0009145919840562554,1.0134132792029171,21.585753148885733,0.036092225427889875,21.221097215635243,1557.3009235053844,0.03297858394216746,0.0,0.0,21.554103695443338,3.200001083314419e-05,21.50190197481238,4.332978278398514e-06,-0.043184645937387245,-0.03164945344239456,-0.0838511740733523,0.043184645937387245,0.03164945344239456,0.0838511740733523,0.043184645937387245,0.011535192494992685,-0.04066652813596505,0.043184645937387245,0.011535192494992685,0.04066652813596505
100,80,0.05,0.2,1.0,78,call,21.55094254643864,0.035989401989777244,0.059090583003126085,21.52602144574419,0.0009224761384057303,1.0135644320555564,21.55094254643863,0.035989401989777244,21.203587912779287,1522.0852537483272,0.05066516704391688,1.0658141036401503e-14,0.0,21.536670963402788,9.99579206109047e-05,21.50190197481238,4.457891918718815e-06,-0.024921100694452747,-0.014271583035853297,-0.04904057162626074,0.024921100694452747,0.014271583035853297,0.04904057162626074,0.024921100694452747,0.01064951765859945,-0.024119470931807996,0.024921100694452747,0.01064951765859945,0.024119470931807996
100,80,0.05,0.2,1.0,126,call,21.53103198041518,0.03589613718713945,0.0976505420403555,21.512108722272636,0.0009074862551908106,1.0133302986502686,21.53103198041517,0.03589613718713945,21.19028808964756,1564.6432135613513,0.08172541705425829,7.105427357601002e-15,0.0,21.523410491575156,0.00016845797654241323,21.50190197481238,3.5419361665844917e-06,-0.01892325814254292,-0.007621488840023005,-0.029130005602798548,0.01892325814254292,0.007621488840023005,0.029130005602798548,0.01892325814254292,0.011301769302519915,-0.010206747460255627,0.01892325814254292,0.011301769302519915,0.010206747460255627
100,80,0.05,0.2,1.0,180,call,21.514595679434198,0.035891634249569045,0.1445032499032095,21.50655211903664,0.0009216164350137695,1.0136694274251123,21.5145956794342,0.035891634249569045,21.183817145114986,1516.652360043553,0.13487616600468755,-3.552713678800501e-15,0.0,21.51695277466868,0.00020037498325109482,21.50190197481238,3.875000402331352e-06,-0.008043560397556604,0.002357095234483353,-0.012693704621817403,0.008043560397556604,0.002357095234483353,0.012693704621817403,0.008043560397556604,0.010400655632039957,-0.004650144224260799,0.008043560397556604,0.010400655632039957,0.004650144224260799
100,80,0.05,0.2,1.0,252,call,21.50696593408432,0.03589313757763729,0.21155466604977846,21.503433983133693,0.0009353226539833015,1.0139208791921224,21.50696593408431,0.03589313757763729,21.17950781091462,1472.6513524475133,0.19726154208183289,1.0658141036401503e-14,0.0,21.51265008958845,0.0003315419889986515,21.50190197481238,4.458008334040642e-06,-0.003531950950627305,0.005684155504130928,-0.005063959271939922,0.003531950950627305,0.005684155504130928,0.005063959271939922,0.003531950950627305,0.009216106454758233,-0.0015320083213126168,0.003531950950627305,0.009216106454758233,0.0015320083213126168
100,80,0.05,0.3,1.0,4,call,23.000631438407897,0.061339106599588175,0.0035946250427514315,22.944400192898385,0.002216332248833703,1.0218991811067675,23.000631438407897,0.06133910659958819,22.336565542490014,765.958360684302,0.0045611250679939985,0.0,-1.3877787807814457e-17,22.991449012500503,1.654098741710186e-05,21.97125714511884,3.374996595084667e-06,-0.05623124550951175,-0.00918242590739382,-1.029374293289056,0.05623124550951175,0.00918242590739382,1.029374293289056,0.05623124550951175,0.04704881960211793,-0.9731430477795442,0.05623124550951175,0.04704881960211793,0.9731430477795442
100,80,0.05,0.3,1.0,6,call,22.53748625088464,0.0581122996785419,0.004548583994619548,22.588929220463275,0.002100168883688481,1.023947946597567,22.537486250884637,0.0581122996785419,21.95834472766617,765.6454129254555,0.005645290948450565,3.552713678800501e-15,0.0,22.64125597189552,1.4874967746436596e-05,21.97125714511884,2.5420449674129486e-06,0.051442969578634035,0.103769721010881,-0.5662291057657995,0.051442969578634035,0.103769721010881,0.5662291057657995,-0.051442969578634035,0.052326751432246965,-0.6176720753444336,0.051442969578634035,0.052326751432246965,0.6176720753444336
100,80,0.05,0.3,1.0,8,call,22.38993909254345,0.05654959290995018,0.00558483402710408,22.415589223420156,0.002056959048331333,1.024700379903101,22.38993909254345,0.05654959290995018,21.776328405132986,755.8013699439596,0.006360917002893984,0.0,0.0,22.46977914652601,1.4042016118764877e-05,21.97125714511884,2.7921050786972046e-06,0.025650130876705646,0.07984005398256144,-0.4186819474246093,0.025650130876705646,0.07984005398256144,0.4186819474246093,-0.025650130876705646,0.0541899231058558,-0.44433207830131494,0.025650130876705646,0.0541899231058558,0.44433207830131494
100,80,0.05,0.3,1.0,12,call,22.26211892960991,0.05505868557076895,0.008496916037984192,22.24438645467354,0.0020004014145173486,1.0257012116257467,22.262118929609905,0.05505868557076895,21.599232703224416,757.560587860343,0.008566542062908411,3.552713678800501e-15,0.0,22.300871147599484,1.7791055142879486e-05,21.97125714511884,2.874992787837982e-06,-0.01773247493636987,0.0387522179895754,-0.29086178449106725,0.01773247493636987,0.0387522179895754,0.29086178449106725,0.01773247493636987,0.05648469292594527,-0.2731293095546974,0.01773247493636987,0.05648469292594527,0.2731293095546974
100,80,0.05,0.3,1.0,18,call,22.131881111609484,0.053905027635110805,0.0143481669947505,22.12943787084911,0.0019636823531029067,1.026255128365227,22.13188111160948,0.053905027635110805,21.483978079614413,753.5569357696711,0.012347083073109388,3.552713678800501e-15,0.0,22.189753377249897,1.9666971638798714e-05,21.97125714511884,2.874992787837982e-06,-0.002443240760374721,0.05787226564041248,-0.16062396649064326,0.002443240760374721,0.05787226564041248,0.16062396649064326,0.002443240760374721,0.0603155064007872,-0.15818072573026853,0.002443240760374721,0.0603155064007872,0.15818072573026853
100,80,0.05,0.3,1.0,26,call,22.101077222696784,0.05344727715129218,0.0206163750262931,22.0598203050498,0.0019452514649930571,1.0265179367666115,22.101077222696784,0.05344727715129218,21.414193488933492,754.9178045194637,0.019232457969337702,0.0,0.0,22.121983968644635,2.2541964426636696e-05,21.97125714511884,2.9579969123005867e-06,-0.04125691764698303,0.020906745947851135,-0.12982007757794278,0.04125691764698303,0.020906745947851135,0.12982007757794278,0.04125691764698303,0.06216366359483416,-0.08856315993095976,0.04125691764698303,0.06216366359483416,0.08856315993095976
100,80,0.05,0.3,1.0,36,call,22.08783094418995,0.05302120092287708,0.029927292023785412,22.018463258601567,0.0019490964092888738,1.0270790124849445,22.08783094418995,0.05302120092287708,21.371025912698293,740.0012913750952,0.023978207958862185,0.0,0.0,22.07986927090907,2.6250025257468224e-05,21.97125714511884,2.9169023036956787e-06,-0.06936768558838224,-0.007961673280878045,-0.11657379907110865,0.06936768558838224,0.007961673280878045,0.11657379907110865,0.06936768558838224,0.0614060123075042,-0.04720611348272641,0.06936768558838224,0.0614060123075042,0.04720611348272641
100,80,0.05,0.3,1.0,52,call,22.031153003552333,0.0526685077381378,0.04249625001102686,21.982888161240155,0.001922579322749463,1.0269918767921147,22.03115300355234,0.0526685077381378,21.336742146140985,750.4702710474878,0.03598495898768306,-7.105427357601002e-15,0.0,22.046312878444514,4.600000102072954e-05,21.97125714511884,4.415982402861118e-06,-0.04826484231217876,0.015159874892180625,-0.05989585843349232,0.04826484231217876,0.015159874892180625,0.05989585843349232,0.04826484231217876,0.06342471720435938,-0.011631016121313564,0.04826484231217876,0.06342471720435938,0.011631016121313564
100,80,0.05,0.3,1.0,78,call,21.991284393456596,0.05249798050673215,0.06736616604030132,21.958537716844283,0.0019382827592693773,1.0273932155131877,21.99128439345659,0.05249798050673215,21.311176277814603,733.5858217127158,0.05607579194474965,7.105427357601002e-15,0.0,22.021225289067516,9.920902084559202e-05,21.97125714511884,4.665926098823547e-06,-0.03274667661231234,0.029940895610920393,-0.0200272483377546,0.03274667661231234,0.029940895610920393,0.0200272483377546,0.03274667661231234,0.06268757222323273,0.012719428274557742,0.03274667661231234,0.06268757222323273,0.012719428274557742
100,80,0.05,0.3,1.0,126,call,21.96396965689213,0.0523606936612804,0.10238216596189886,21.937844369169557,0.0018961466832194893,1.0269034635869496,21.96396965689213,0.0523606936612804,21.291782494195512,762.5475345561131,0.08537725009955466,0.0,0.0,22.0021571226393,0.00014870904851704836,21.97125714511884,4.582921974360943e-06,-0.0261252877225715,0.038187465747171245,0.007287488226712213,0.0261252877225715,0.038187465747171245,0.007287488226712213,0.0261252877225715,0.06431275346974274,0.03341277594928371,0.0261252877225715,0.06431275346974274,0.03341277594928371
100,80,0.05,0.3,1.0,180,call,21.948839643611365,0.05235034998630477,0.17840841691941023,21.930443029565414,0.0019370697564739013,1.027615166909708,21.948839643611368,0.05235034998630477,21.282354763386373,730.3796392877587,0.18191741697955877,-3.552713678800501e-15,0.0,21.99287594697406,0.0005474169738590717,21.97125714511884,1.0874937288463116e-05,-0.018396614045951054,0.04403630336269515,0.022417501507476345,0.018396614045951054,0.04403630336269515,0.022417501507476345,0.018396614045951054,0.062432917408646205,0.0408141155534274,0.018396614045951054,0.062432917408646205,0.0408141155534274
100,80,0.05,0.3,1.0,252,call,21.93324360433369,0.05242181307514509,0.23137975006829947,21.925969187454424,0.0019660619240753465,1.028192112777142,21.93324360433369,0.05242181307514508,21.276079368229198,710.9346637244786,0.20088833302725106,0.0,6.938893903907228e-18,21.98669381384851,0.00041699991561472416,21.97125714511884,4.834029823541641e-06,-0.007274416879265999,0.05345020951482127,0.03801354078515118,0.007274416879265999,0.05345020951482127,0.03801354078515118,0.007274416879265999,0.06072462639408727,0.04528795766441718,0.007274416879265999,0.06072462639408727,0.04528795766441718
100,80,0.05,0.4,1.0,4,call,24.3236857945355,0.08002754051661026,0.0037602500524371862,24.244366400826163,0.0039656497035098475,1.0357128561176818,24.3236857945355,0.08002754051661026,23.24651886059392,407.23982444431033,0.0047623340506106615,0.0,0.0,24.34664084149437,1.8666032701730728e-05,22.928692287609955,3.5420525819063187e-06,-0.07931939370933705,0.022955046958870184,-1.3949935069255446,0.07931939370933705,0.022955046958870184,1.3949935069255446,0.07931939370933705,0.10227444066820723,-1.3156741132162075,0.07931939370933705,0.10227444066820723,1.3156741132162075
100,80,0.05,0.4,1.0,6,call,23.695889327210647,0.07557799362602209,0.004489041981287301,23.74749112154101,0.0037248998387123034,1.0392323658016458,23.695889327210644,0.07557799362602209,22.7155698481897,411.6816585857945,0.005474291974678636,3.552713678800501e-15,0.0,23.86380590142042,1.5125027857720852e-05,22.928692287609955,2.5830231606960297e-06,0.05160179433036305,0.16791657420977302,-0.767197039600692,0.05160179433036305,0.16791657420977302,0.767197039600692,-0.05160179433036305,0.11631477987940997,-0.818798833931055,0.05160179433036305,0.11631477987940997,0.818798833931055
100,80,0.05,0.4,1.0,8,call,23.47376559997707,0.07355102582837221,0.005847709020599723,23.50224478273158,0.0036322375565251224,1.0406802725219166,23.47376559997707,0.07355102582837221,22.459188413698133,410.0426006630037,0.006496333051472902,0.0,0.0,23.625956688477405,1.5166937373578548e-05,22.928692287609955,2.249958924949169e-06,0.028479182754509225,0.15219108850033436,-0.5450733123671156,0.028479182754509225,0.15219108850033436,0.5450733123671156,-0.028479182754509225,0.12371190574582513,-0.5735524951216249,0.028479182754509225,0.12371190574582513,0.5735524951216249
100,80,0.05,0.4,1.0,12,call,23.28033787215367,0.07162481744538177,0.008422916987910867,23.262241501822135,0.0035146524494040076,1.0421645457317266,23.28033787215366,0.07162481744538177,22.209120688845992,415.3003380526045,0.008426290936768055,1.0658141036401503e-14,0.0,23.39070096369643,1.820793841034174e-05,22.928692287609955,2.625049091875553e-06,-0.018096370331534217,0.1103630915427587,-0.3516455845437143,0.018096370331534217,0.1103630915427587,0.3516455845437143,0.018096370331534217,0.1284594618742929,-0.3335492142121801,0.018096370331534217,0.1284594618742929,0.3335492142121801
100,80,0.05,0.4,1.0,18,call,23.08269735530301,0.07013719165948863,0.01306674990337342,23.097623019840327,0.0034324858318839154,1.04327658321177,23.08269735530301,0.07013719165948862,22.046021675989987,417.5218789753174,0.012513999943621457,0.0,1.3877787807814457e-17,23.235391453271454,2.1709012798964977e-05,22.928692287609955,3.08395829051733e-06,0.014925664537315697,0.15269409796844258,-0.15400506769305622,0.014925664537315697,0.15269409796844258,0.15400506769305622,-0.014925664537315697,0.13776843343112688,-0.16893073223037192,0.014925664537315697,0.13776843343112688,0.16893073223037192
100,80,0.05,0.4,1.0,26,call,23.038371719855004,0.06953611221546639,0.020429458934813738,22.99730795220056,0.0033926460561703848,1.0436483116345643,23.038371719855014,0.06953611221546639,21.947124894367512,420.0913160293449,0.020777750061824918,-1.0658141036401503e-14,0.0,23.140452350353907,2.8708018362522125e-05,22.928692287609955,4.66697383671999e-06,-0.04106376765444253,0.1020806304989037,-0.1096794322450485,0.04106376765444253,0.1020806304989037,0.1096794322450485,0.04106376765444253,0.14314439815334623,-0.06861566459060597,0.04106376765444253,0.14314439815334623,0.06861566459060597
100,80,0.05,0.4,1.0,36,call,23.016802882196394,0.06899011483475903,0.030168416909873486,22.939478411380694,0.00339939881986125,1.0446083301080888,23.01680288219639,0.06899011483475903,21.88589317025487,411.8788552843504,0.0239114579744637,3.552713678800501e-15,0.0,23.081368897498304,3.700004890561104e-05,22.928692287609955,4.917033948004246e-06,-0.07732447081570015,0.06456601530191008,-0.0881105945864391,0.07732447081570015,0.06456601530191008,0.0881105945864391,0.07732447081570015,0.14189048611761024,-0.010786123770738953,0.07732447081570015,0.14189048611761024,0.010786123770738953
100,80,0.05,0.4,1.0,52,call,22.938223403775122,0.06850471836814498,0.03930237505119294,22.887091751882174,0.0033442328187031694,1.0445553529772897,22.93822340377513,0.06850471836814498,21.83723184146129,419.6120597331372,0.034350458066910505,-7.105427357601002e-15,0.0,23.03424529957878,4.012498538941145e-05,22.928692287609955,4.58303838968277e-06,-0.05113165189294833,0.09602189580365916,-0.00953111616516722,0.05113165189294833,0.09602189580365916,0.00953111616516722,0.05113165189294833,0.1471535476966075,0.04160053572778111,0.05113165189294833,0.1471535476966075,0.04160053572778111
100,80,0.05,0.4,1.0,78,call,22.891704849399623,0.06827589836230533,0.06144008308183402,22.852680059359084,0.0033679907020881545,1.045232906517403,22.891704849399623,0.06827589836230533,21.80092635560021,410.95387384683477,0.051792790996842086,0.0,0.0,22.998987278883668,0.00010729092173278332,22.928692287609955,4.166970029473305e-06,-0.03902479004053916,0.10728242948404443,0.0369874382103319,0.03902479004053916,0.10728242948404443,0.0369874382103319,0.03902479004053916,0.1463072195245836,0.07601222825087106,0.03902479004053916,0.1463072195245836,0.07601222825087106
100,80,0.05,0.4,1.0,126,call,22.848710236693464,0.06810398806967655,0.09966737509239465,22.821732661842727,0.003277227397650004,1.0443835366947591,22.848710236693453,0.06810398806967655,21.773375308811822,431.8490164292985,0.08304404106456786,1.0658141036401503e-14,0.0,22.972173267958695,0.00021349999587982893,22.928692287609955,4.58303838968277e-06,-0.026977574850736374,0.1234630312652314,0.07998205091649169,0.026977574850736374,0.1234630312652314,0.07998205091649169,0.026977574850736374,0.15044060611596777,0.10695962576722806,0.026977574850736374,0.15044060611596777,0.10695962576722806
100,80,0.05,0.4,1.0,180,call,22.8369034398779,0.0681174685899192,0.15196187503170222,22.812869470551874,0.003360149361791666,1.045606685789297,22.836903439877904,0.0681174685899192,21.759978901116483,410.9602671920322,0.13681133394129574,-3.552713678800501e-15,0.0,22.95911699431777,0.00021845800802111626,22.928692287609955,4.542060196399689e-06,-0.02403396932602675,0.12221355443987036,0.09178884773205453,0.02403396932602675,0.12221355443987036,0.09178884773205453,0.02403396932602675,0.14624752376589711,0.11582281705808128,0.02403396932602675,0.14624752376589711,0.11582281705808128
100,80,0.05,0.4,1.0,252,call,22.8228941865726,0.06825383938274414,0.2131715000141412,22.80787576825751,0.0034316896951245832,1.0465614811548953,22.822894186572597,0.06825383938274414,21.751060643591092,395.5834839943349,0.1949402920436114,3.552713678800501e-15,0.0,22.950418504108207,0.0004045419627800584,22.928692287609955,5.041947588324547e-06,-0.015018418315090543,0.127524317535606,0.10579810103735454,0.015018418315090543,0.127524317535606,0.10579810103735454,0.015018418315090543,0.14254273585069654,0.12081651935244508,0.015018418315090543,0.14254273585069654,0.12081651935244508
100,80,0.05,0.5,1.0,4,call,25.9864783887207,0.0995795842505065,0.0036719999043270946,25.86876417776922,0.00637399957962491,1.0518579402275212,25.9864783887207,0.0995795842505065,24.39624145916,244.07121129017574,0.0047861660132184625,0.0,0.0,26.047118555307637,1.9000028260052204e-05,24.226833289033046,4.249974153935909e-06,-0.11771421095147971,0.06064016658693916,-1.7596450996876527,0.11771421095147971,0.06064016658693916,1.7596450996876527,0.11771421095147971,0.17835437753841887,-1.641930888736173,0.11771421095147971,0.17835437753841887,1.641930888736173
100,80,0.05,0.5,1.0,6,call,25.183992960034217,0.0936572558194838,0.004929249989800155,25.230179189003845,0.0059540153029249455,1.0570426995861637,25.183992960034207,0.09365725581948378,23.710145855870593,247.43604444039738,0.005641250056214631,1.0658141036401503e-14,1.3877787807814457e-17,25.43182606956927,1.9208993762731552e-05,24.226833289033046,3.1670788303017616e-06,0.04618622896962776,0.24783310953505122,-0.9571596710011718,0.04618622896962776,0.24783310953505122,0.9571596710011718,-0.04618622896962776,0.20164688056542346,-1.0033458999707996,0.04618622896962776,0.20164688056542346,1.0033458999707996
100,80,0.05,0.5,1.0,8,call,24.882944703929628,0.09108551806159573,0.005972125101834536,24.913778911682783,0.005804260486866034,1.0591857146595383,24.882944703929628,0.09108551806159575,23.37808057647831,246.26623802448748,0.006930749979801476,0.0,-1.3877787807814457e-17,25.12712806310037,1.7458107322454453e-05,24.226833289033046,2.8329668566584587e-06,0.030834207753155596,0.24418335917074074,-0.6561114148965821,0.030834207753155596,0.24418335917074074,0.6561114148965821,-0.030834207753155596,0.21334915141758515,-0.6869456226497377,0.030834207753155596,0.21334915141758515,0.6869456226497377
100,80,0.05,0.5,1.0,12,call,24.620049861075948,0.08862918059107386,0.009019582998007536,24.599200244558915,0.005568543447839147,1.0613532435774138,24.620049861075948,0.08862918059107386,23.053560592019952,253.32044551640587,0.008770624990575016,0.0,0.0,24.82460941191706,2.391706220805645e-05,24.226833289033046,3.0830269679427147e-06,-0.020849616517033098,0.2045595508411111,-0.3932165720429026,0.020849616517033098,0.2045595508411111,0.3932165720429026,0.020849616517033098,0.2254091673581442,-0.3723669555258695,0.020849616517033098,0.2254091673581442,0.3723669555258695
100,80,0.05,0.5,1.0,18,call,24.354444734731963,0.08673777159648194,0.017171874991618097,24.38486647473514,0.005428059921569169,1.0630662073669008,24.35444473473196,0.08673777159648194,22.841503451625176,255.3449388409434,0.012796625029295683,3.552713678800501e-15,0.0,24.62422780732625,2.1666986867785454e-05,24.226833289033046,2.9579969123005867e-06,0.030421740003177433,0.26978307259428647,-0.1276114456989177,0.030421740003177433,0.26978307259428647,0.1276114456989177,-0.030421740003177433,0.23936133259110903,-0.15803318570209512,0.030421740003177433,0.23936133259110903,0.15803318570209512
100,80,0.05,0.5,1.0,26,call,24.299003726183884,0.08591920937542319,0.021013582940213382,24.250213641115938,0.005347888424292571,1.06350302137615,24.299003726183894,0.08591920937542319,22.712746083895546,258.11655998805406,0.02159012493211776,-1.0658141036401503e-14,0.0,24.501460602583713,2.2999942302703857e-05,24.226833289033046,3.4580007195472717e-06,-0.04879008506794591,0.2024568763998289,-0.07217043715083804,0.04879008506794591,0.2024568763998289,0.07217043715083804,0.04879008506794591,0.2512469614677748,-0.02338035208289213,0.04879008506794591,0.2512469614677748,0.02338035208289213
100,80,0.05,0.5,1.0,36,call,24.261319208279524,0.08527317427601108,0.030017124954611063,24.178087926564203,0.005361413263783714,1.0649152265931852,24.261319208279524,0.08527317427601108,22.632954752236547,252.96840982620384,0.024891790933907032,0.0,0.0,24.42494926257993,3.2957992516458035e-05,24.226833289033046,4.292000085115433e-06,-0.0832312817153209,0.16363005430040545,-0.03448591924647815,0.0832312817153209,0.16363005430040545,0.03448591924647815,0.0832312817153209,0.24686133601572635,0.04874536246884276,0.0832312817153209,0.24686133601572635,0.04874536246884276
100,80,0.05,0.5,1.0,52,call,24.157875842409002,0.08462821206736645,0.040868125041015446,24.10875518100198,0.00527240250633895,1.0648146897296915,24.157875842409013,0.08462821206736647,22.56950288441607,257.63995564983645,0.033200499950908124,-1.0658141036401503e-14,-1.3877787807814457e-17,24.363863818725488,3.687501884996891e-05,24.226833289033046,4.375004209578037e-06,-0.04912066140702365,0.2059879763164858,0.06895744662404368,0.04912066140702365,0.2059879763164858,0.06895744662404368,0.04912066140702365,0.25510863772350945,0.11807810803106733,0.04912066140702365,0.25510863772350945,0.11807810803106733
100,80,0.05,0.5,1.0,78,call,24.105027197243455,0.08434666393577261,0.06001770799048245,24.064515485684883,0.005313197576847804,1.0658294378137838,24.10502719724345,0.08434666393577261,22.522137825227503,252.01354787565265,0.05077399988658726,3.552713678800501e-15,0.0,24.318123031794634,9.63329803198576e-05,24.226833289033046,4.541943781077862e-06,-0.04051171155857247,0.2130958345511793,0.12180609178959045,0.04051171155857247,0.2130958345511793,0.12180609178959045,0.04051171155857247,0.2536075461097518,0.16231780334816293,0.04051171155857247,0.2536075461097518,0.16231780334816293
100,80,0.05,0.5,1.0,126,call,24.049751281291112,0.08409184545212024,0.09872041700873524,24.020813714562827,0.005132463947096158,1.0644654243701501,24.04975128129111,0.08409184545212024,22.48617961477883,268.44539122074076,0.08393195795360953,3.552713678800501e-15,0.0,24.283315610676777,0.000171625055372715,24.226833289033046,3.7921126931905746e-06,-0.028937566728284736,0.23356432938566485,0.17708200774193372,0.028937566728284736,0.23356432938566485,0.17708200774193372,0.028937566728284736,0.2625018961139496,0.20601957447021846,0.028937566728284736,0.2625018961139496,0.20601957447021846
100,80,0.05,0.5,1.0,180,call,24.04154440230824,0.08418376168388689,0.14194754208438098,24.01221194680756,0.005289981908639437,1.0664075023259383,24.04154440230824,0.08418376168388692,22.468690729780104,253.24931674614945,0.13100183301139623,0.0,-2.7755575615628914e-17,24.266360500320076,0.0002180000301450491,24.226833289033046,4.583969712257385e-06,-0.02933245550067909,0.22481609801183566,0.18528888672480548,0.02933245550067909,0.22481609801183566,0.18528888672480548,0.02933245550067909,0.25414855351251475,0.21462134222548457,0.02933245550067909,0.25414855351251475,0.21462134222548457
100,80,0.05,0.5,1.0,252,call,24.031528530096757,0.08442691452352441,0.20914616691879928,24.005551042117634,0.005430748131256047,1.0679694487239444,24.031528530096757,0.0844269145235244,22.457046344767484,241.68100192784365,0.19427641690708697,0.0,1.3877787807814457e-17,24.255062039860512,0.0003316249931231141,24.226833289033046,4.166038706898689e-06,-0.025977487979123026,0.22353350976375452,0.19530475893628818,0.025977487979123026,0.22353350976375452,0.19530475893628818,0.025977487979123026,0.24951099774287755,0.2212822469154112,0.025977487979123026,0.24951099774287755,0.2212822469154112
100,80,0.05,0.6,1.0,4,call,27.844905028415752,0.12068406273503521,0.0035886670229956508,27.68311776479662,0.009612963954239159,1.07006963660786,27.844905028415752,0.12068406273503521,25.642937884233323,157.61052518822993,0.0045538750709965825,0.0,0.0,27.956949061814097,1.5249941498041153e-05,25.748326141961815,2.9581133276224136e-06,-0.1617872636191322,0.11204403339834457,-2.096578886453937,0.1617872636191322,0.11204403339834457,2.096578886453937,0.1617872636191322,0.27383129701747677,-1.9347916228348048,0.1617872636191322,0.27383129701747677,1.9347916228348048
100,80,0.05,0.6,1.0,6,call,26.86467031826523,0.11298676280377433,0.004599332925863564,26.90573101202218,0.008931323071558708,1.0771738822683679,26.86467031826523,0.1129867628037743,24.804588316019732,160.03815388647942,0.005955499946139753,0.0,2.7755575615628914e-17,27.214385204365183,1.5459023416042328e-05,25.748326141961815,2.334010787308216e-06,0.04106069375695043,0.34971488609995305,-1.1163441763034143,0.04106069375695043,0.34971488609995305,1.1163441763034143,-0.04106069375695043,0.3086541923430026,-1.1574048700603647,0.04106069375695043,0.3086541923430026,1.1574048700603647
100,80,0.05,0.6,1.0,8,call,26.48236971326873,0.1097979512560569,0.0056642499985173345,26.51849928617012,0.008698036827484743,1.0801684166958836,26.48236971326873,0.1097979512560569,24.39862255531084,159.34776956672306,0.0065387089271098375,0.0,0.0,26.845257768946617,1.5333062037825584e-05,25.748326141961815,2.583954483270645e-06,0.03612957290138752,0.3628880556778853,-0.7340435713069162,0.03612957290138752,0.3628880556778853,0.7340435713069162,-0.03612957290138752,0.32675848277649777,-0.7701731442083037,0.03612957290138752,0.32675848277649777,0.7701731442083037
100,80,0.05,0.6,1.0,12,call,26.151775795619496,0.10669146832852956,0.010024958057329059,26.131439013374276,0.008289486460085592,1.0829118464471577,26.151775795619493,0.10669146832852956,24.001613694605346,165.6548406918407,0.00925154099240899,3.552713678800501e-15,0.0,26.47776377146823,1.89170241355896e-05,25.748326141961815,2.834014594554901e-06,-0.020336782245220064,0.32598797584873296,-0.40344965365768104,0.020336782245220064,0.32598797584873296,0.40344965365768104,0.020336782245220064,0.346324758093953,-0.383112871412461,0.020336782245220064,0.346324758093953,0.383112871412461
100,80,0.05,0.6,1.0,18,call,25.819287651138605,0.1043347923984846,0.014136207988485694,25.86629195374868,0.008062195692526473,1.0854373456211543,25.819287651138605,0.1043347923984846,23.741988728776427,167.47563820829026,0.012189250090159476,0.0,0.0,26.233753634379593,2.0125065930187702e-05,25.748326141961815,3.0410010367631912e-06,0.04700430261007327,0.41446598324098716,-0.07096150917679012,0.04700430261007327,0.41446598324098716,0.07096150917679012,-0.04700430261007327,0.3674616806309139,-0.11796581178686338,0.04700430261007327,0.3674616806309139,0.11796581178686338
100,80,0.05,0.6,1.0,26,call,25.758285888910148,0.1031892455083214,0.021485541947185993,25.697142580306007,0.007915587230158273,1.085722487554075,25.758285888910148,0.1031892455083214,23.584252410060067,169.94273197655482,0.020357957924716175,0.0,0.0,26.084011126096673,2.437504008412361e-05,25.748326141961815,2.8330832719802856e-06,-0.061143308604140856,0.3257252371865249,-0.009959746948332793,0.061143308604140856,0.3257252371865249,0.009959746948332793,0.061143308604140856,0.38686854579066576,0.05118356165580806,0.061143308604140856,0.38686854579066576,0.05118356165580806
100,80,0.05,0.6,1.0,36,call,25.697623450520105,0.10247196760968454,0.028665959020145237,25.61129740604682,0.007947131429391385,1.087793940332608,25.697623450520094,0.10247196760968452,23.486460900377963,166.26060629374663,0.02557475003413856,1.0658141036401503e-14,1.3877787807814457e-17,25.990590240218523,3.641704097390175e-05,25.748326141961815,4.667090252041817e-06,-0.08632604447328518,0.2929667896984185,0.05070269144171036,0.08632604447328518,0.2929667896984185,0.05070269144171036,0.08632604447328518,0.3792928341717037,0.13702873591499554,0.08632604447328518,0.3792928341717037,0.13702873591499554
100,80,0.05,0.6,1.0,52,call,25.567110201352268,0.10163093815118958,0.03869083395693451,25.524103229168965,0.007810673799232954,1.0876253418540924,25.567110201352275,0.10163093815118959,23.408670056317412,169.30698192145613,0.03300483396742493,-7.105427357601002e-15,-1.3877787807814457e-17,25.915949145564184,3.529200330376625e-05,25.748326141961815,5.415990017354488e-06,-0.04300697218330285,0.3488389442119164,0.1812159406095475,0.04300697218330285,0.3488389442119164,0.1812159406095475,0.04300697218330285,0.39184591639521926,0.22422291279285034,0.04300697218330285,0.39184591639521926,0.22422291279285034
100,80,0.05,0.6,1.0,78,call,25.506881960877386,0.10131382010886432,0.05997895810287446,25.471337812419076,0.007883458679501257,1.0890619115355709,25.50688196087738,0.10131382010886432,23.35058616912705,165.15958798559646,0.05120283295400441,7.105427357601002e-15,0.0,25.860025135704806,0.00015720899682492018,25.748326141961815,3.875000402331352e-06,-0.03554414845831033,0.3531431748274194,0.24144418108442878,0.03554414845831033,0.3531431748274194,0.24144418108442878,0.03554414845831033,0.38868732328572975,0.2769883295427391,0.03554414845831033,0.38868732328572975,0.2769883295427391
100,80,0.05,0.6,1.0,126,call,25.447597706212214,0.10089921219573991,0.10122883401345462,25.41019483640489,0.007545026264990766,1.0870485880803196,25.44759770621221,0.10089921219573991,23.306481479550897,178.83562582299393,0.08513549994677305,3.552713678800501e-15,0.0,25.81744951869838,0.00014337501488626003,25.748326141961815,4.749977961182594e-06,-0.037402869807323214,0.3698518124861643,0.3007284357496012,0.037402869807323214,0.3698518124861643,0.3007284357496012,0.037402869807323214,0.4072546822934875,0.3381313055569244,0.037402869807323214,0.4072546822934875,0.3381313055569244
100,80,0.05,0.6,1.0,180,call,25.441447471264368,0.1011534887121717,0.1418943750904873,25.404609587832734,0.007823192753290412,1.089940814524747,25.441447471264368,0.1011534887121717,23.285027508972867,167.18359897586268,0.1319546669255942,0.0,0.0,25.796704403628635,0.00021591701079159975,25.748326141961815,3.915978595614433e-06,-0.036837883431633855,0.3552569323642665,0.3068786706974471,0.036837883431633855,0.3552569323642665,0.3068786706974471,0.036837883431633855,0.39209481579590033,0.343716554129081,0.036837883431633855,0.39209481579590033,0.343716554129081
100,80,0.05,0.6,1.0,252,call,25.44202020187235,0.10154779195864949,0.1993820839561522,25.400061435611704,0.008087035633988745,1.0921790125872157,25.442020201872346,0.10154779195864949,23.270742029955453,157.6747879873309,0.18725545902270824,3.552713678800501e-15,0.0,25.782878174079773,0.000350333983078599,25.748326141961815,4.166038706898689e-06,-0.04195876626064532,0.34085797220742364,0.3063059400894659,0.04195876626064532,0.34085797220742364,0.3063059400894659,0.04195876626064532,0.38281673846806896,0.3482647063501112,0.04195876626064532,0.38281673846806896,0.3482647063501112
100,90,0.05,0.1,1.0,4,call,12.609610901680524,0.021101175814572007,0.003473083022981882,12.5942953963251,0.00026879760491741036,1.0063733146068163,12.609610901680524,0.021101175814572007,12.510755685190375,6162.57932684014,0.004406249965541065,0.0,0.0,12.596668786538158,1.4625024050474167e-05,11.95332888647112,3.125052899122238e-06,-0.015315505355424364,-0.012942115142365651,-0.6562820152094044,0.015315505355424364,0.012942115142365651,0.6562820152094044,0.015315505355424364,0.0023733902130587126,-0.6409665098539801,0.015315505355424364,0.0023733902130587126,0.6409665098539801
100,90,0.05,0.1,1.0,6,call,12.357680639118986,0.019987010778682087,0.004370292066596448,12.377959196550702,0.0002576931675745249,1.0070801704082242,12.357680639118978,0.019987010778682087,12.291110259477351,6015.751465594376,0.0055487919598817825,7.105427357601002e-15,0.0,12.380182498087128,1.4082994312047958e-05,11.95332888647112,2.4170149117708206e-06,0.020278557431716138,0.02250185896814294,-0.40435175264786594,0.020278557431716138,0.02250185896814294,0.40435175264786594,-0.020278557431716138,0.0022233015364268027,-0.4246303100795821,0.020278557431716138,0.0022233015364268027,0.4246303100795821
100,90,0.05,0.1,1.0,8,call,12.26327805914326,0.019408870374475595,0.005603249999694526,12.270544074220119,0.00025349998282196966,1.0073798836417687,12.26327805914326,0.019408870374475595,12.182539233459075,5861.9842950837865,0.006526916986331344,0.0,0.0,12.272703028157549,1.4791032299399376e-05,11.95332888647112,2.249958924949169e-06,0.007266015076858423,0.009424969014288465,-0.30994917267214106,0.007266015076858423,0.009424969014288465,0.30994917267214106,-0.007266015076858423,0.0021589539374300415,-0.3172151877489995,0.007266015076858423,0.0021589539374300415,0.3172151877489995
100,90,0.05,0.1,1.0,12,call,12.17525260187914,0.01884313029567304,0.00978600000962615,12.163602657472486,0.00024793138289479146,1.007839574747689,12.175252601879137,0.01884313029567304,12.074805647583386,5776.211632031718,0.008843084098771214,3.552713678800501e-15,0.0,12.165734889294885,1.7542042769491673e-05,11.95332888647112,2.749962732195854e-06,-0.011649944406654456,-0.009517712584255378,-0.22192371540802114,0.011649944406654456,0.009517712584255378,0.22192371540802114,0.011649944406654456,0.0021322318223990777,-0.21027377100136668,0.011649944406654456,0.0021322318223990777,0.21027377100136668
100,90,0.05,0.1,1.0,18,call,12.098087230422026,0.018449550695605773,0.014280415954999626,12.0921831610424,0.00024388616609627043,1.008070139889302,12.098087230422022,0.018449550695605766,12.00344855331242,5722.650923500649,0.013323749997653067,3.552713678800501e-15,6.938893903907228e-18,12.094706736425788,1.9707949832081795e-05,11.95332888647112,2.750079147517681e-06,-0.00590406937962662,-0.0033804939962376324,-0.14475834395090637,0.00590406937962662,0.0033804939962376324,0.14475834395090637,0.00590406937962662,0.0025235753833889873,-0.13885427457127975,0.00590406937962662,0.0025235753833889873,0.13885427457127975
100,90,0.05,0.1,1.0,26,call,12.067636302877574,0.01826298848467239,0.02048108307644725,12.048547779426375,0.00024247708669842532,1.008231588749018,12.067636302877581,0.01826298848467239,11.959721276980009,5672.862793676952,0.020472874981351197,-7.105427357601002e-15,0.0,12.051109739863035,2.274999860674143e-05,11.95332888647112,2.9170187190175056e-06,-0.019088523451198824,-0.01652656301453881,-0.11430741640645437,0.019088523451198824,0.01652656301453881,0.11430741640645437,0.019088523451198824,0.0025619604366600157,-0.09521889295525554,0.019088523451198824,0.0025619604366600157,0.09521889295525554
100,90,0.05,0.1,1.0,36,call,12.049087968804235,0.018113033435800136,0.028003167011775076,12.021493524948282,0.00024240096913643962,1.0084062118552373,12.049087968804232,0.018113033435800133,11.932463111426127,5583.591969148207,0.023880125023424625,3.552713678800501e-15,3.469446951953614e-18,12.023905082929307,3.3374992199242115e-05,11.95332888647112,4.166970029473305e-06,-0.027594443855953443,-0.025182885874928118,-0.09575908233311559,0.027594443855953443,0.025182885874928118,0.09575908233311559,0.027594443855953443,0.002411557981025325,-0.06816463847716214,0.027594443855953443,0.002411557981025325,0.06816463847716214
100,90,0.05,0.1,1.0,52,call,12.02260049151263,0.017983472295656056,0.03887837508227676,11.9997322118231,0.0002398730247700506,1.008401638157982,12.022600491512637,0.017983472295656056,11.910696060210563,5620.620684007395,0.03397320897784084,-7.105427357601002e-15,0.0,12.002165377706259,3.804208245128393e-05,11.95332888647112,4.708068445324898e-06,-0.02286827968953098,-0.02043511380637142,-0.06927160504151075,0.02286827968953098,0.02043511380637142,0.06927160504151075,0.02286827968953098,0.0024331658831595604,-0.046403325351979774,0.02286827968953098,0.0024331658831595604,0.046403325351979774
100,90,0.05,0.1,1.0,78,call,11.996535067819298,0.017934420542541508,0.05975450004916638,11.983573941376351,0.0002414783221754215,1.0085127848916293,11.996535067819295,0.017934420542541504,11.894393776634907,5515.9255943111075,0.05224383401218802,3.552713678800501e-15,3.469446951953614e-18,11.985874585327096,0.0001057919580489397,11.95332888647112,4.708999767899513e-06,-0.012961126442947446,-0.010660482492202306,-0.043206181348178774,0.012961126442947446,0.010660482492202306,0.043206181348178774,0.012961126442947446,0.0023006439507451404,-0.030245054905231328,0.012961126442947446,0.0023006439507451404,0.030245054905231328
100,90,0.05,0.1,1.0,126,call,11.980526808464234,0.01788924469395603,0.09892708400730044,11.971005586183832,0.0002382758011639688,1.0084343218105056,11.980526808464228,0.01788924469395603,11.881986211411933,5636.689758744405,0.08396308403462172,5.329070518200751e-15,0.0,11.97347058731423,0.00021787500008940697,11.95332888647112,4.541012458503246e-06,-0.009521222280401531,-0.007056221150003594,-0.027197921993113994,0.009521222280401531,0.007056221150003594,0.027197921993113994,0.009521222280401531,0.002465001130397937,-0.017676699712712463,0.009521222280401531,0.002465001130397937,0.017676699712712463
100,90,0.05,0.1,1.0,180,call,11.968737276609442,0.01788439418134727,0.1412507500499487,11.965238910518023,0.00024148440637528917,1.0085547650287296,11.968737276609442,0.01788439418134727,11.875941666652025,5484.919816783551,0.13116433308459818,0.0,0.0,11.967426154818307,0.0002734579611569643,11.95332888647112,3.7919962778687477e-06,-0.0034983660914189585,-0.001311121791134795,-0.015408390138322403,0.0034983660914189585,0.001311121791134795,0.015408390138322403,0.0034983660914189585,0.0021872443002841635,-0.011910024046903445,0.0034983660914189585,0.0021872443002841635,0.011910024046903445
100,90,0.05,0.1,1.0,252,call,11.962735595237886,0.01787623625484855,0.19769045803695917,11.961480653932947,0.00024397876075099123,1.0086784690358908,11.96273559523788,0.017876236254848542,11.871913478172825,5368.440318094789,0.18572616705205292,5.329070518200751e-15,6.938893903907228e-18,11.96339744883541,0.0003939999733120203,11.95332888647112,4.707952030003071e-06,-0.0012549413049391944,0.0006618535975242423,-0.009406708766766414,0.0012549413049391944,0.0006618535975242423,0.009406708766766414,0.0012549413049391944,0.0019167949024634368,-0.00815176746182722,0.0012549413049391944,0.0019167949024634368,0.00815176746182722
100,90,0.05,0.2,1.0,4,call,13.61312478825931,0.03861336514017821,0.003515874966979027,13.582092421818096,0.0009482111029210736,1.0160518172626412,13.61312478825931,0.03861336514017821,13.31907618183727,1658.308134634451,0.004499875009059906,0.0,0.0,13.605087267681144,1.5125027857720852e-05,12.629764888712181,2.958928234875202e-06,-0.0310323664412131,-0.008037520578165314,-0.9833598995471284,0.0310323664412131,0.008037520578165314,0.9833598995471284,0.0310323664412131,0.022994845863047786,-0.9523275331059153,0.0310323664412131,0.022994845863047786,0.9523275331059153
100,90,0.05,0.2,1.0,6,call,13.217767662483077,0.036616953270434335,0.004522875067777932,13.249364869276476,0.0008936228803914792,1.017866443590009,13.217767662483071,0.03661695327043433,12.976979305812016,1679.0199317035845,0.007569791981950402,5.329070518200751e-15,6.938893903907228e-18,13.275638314379618,1.3625016435980797e-05,12.629764888712181,2.540997229516506e-06,0.031597206793399835,0.0578706518965415,-0.5880027737708957,0.031597206793399835,0.0578706518965415,0.5880027737708957,-0.031597206793399835,0.026273445103141668,-0.6195999805642955,0.031597206793399835,0.026273445103141668,0.6195999805642955
100,90,0.05,0.2,1.0,8,call,13.068098209250108,0.03565478505049497,0.005414417013525963,13.084462234708202,0.0008707478036460631,1.018635982404249,13.068098209250108,0.03565478505049497,12.808927272116993,1676.6826479419885,0.0064845840679481626,0.0,0.0,13.112441105839261,1.3959011994302273e-05,12.629764888712181,2.2080494090914726e-06,0.01636402545809368,0.04434289658915347,-0.43833332053792695,0.01636402545809368,0.04434289658915347,0.43833332053792695,-0.01636402545809368,0.02797887113105979,-0.45469734599602063,0.01636402545809368,0.02797887113105979,0.45469734599602063
100,90,0.05,0.2,1.0,12,call,12.93088874270801,0.03473620819153001,0.010346708935685456,12.921310703823902,0.0008454762089517719,1.019541244221585,12.930888742708007,0.03473620819153001,12.64297073188269,1687.9595511227578,0.009770958917215466,3.552713678800501e-15,0.0,12.950347580608351,1.829105895012617e-05,12.629764888712181,2.750079147517681e-06,-0.009578038884107798,0.019458837900341308,-0.3011238539958292,0.009578038884107798,0.019458837900341308,0.3011238539958292,0.009578038884107798,0.029036876784449106,-0.2915458151117214,0.009578038884107798,0.029036876784449106,0.2915458151117214
100,90,0.05,0.2,1.0,18,call,12.809483833063863,0.0340320804581657,0.014230625005438924,12.811702916093932,0.0008264233097410895,1.0200917302856132,12.80948383306386,0.03403208045816569,12.533537789976576,1695.789267044022,0.012694959063082933,3.552713678800501e-15,6.938893903907228e-18,12.8429334816113,1.9791070371866226e-05,12.629764888712181,3.334018401801586e-06,0.0022190830300683473,0.03344964854743715,-0.17971894435168245,0.0022190830300683473,0.03344964854743715,0.17971894435168245,-0.0022190830300683473,0.031230565517368802,-0.1819380273817508,0.0022190830300683473,0.031230565517368802,0.1819380273817508
100,90,0.05,0.2,1.0,26,call,12.766467793595705,0.03376137583577705,0.02131174993701279,12.744574744220438,0.0008176273782914944,1.0204233899334392,12.766467793595709,0.03376137583577705,12.466687044211481,1705.019782863715,0.020015249960124493,-3.552713678800501e-15,0.0,12.777101913731158,2.1249987185001373e-05,12.629764888712181,2.7079368010163307e-06,-0.021893049375266926,0.010634120135453173,-0.1367029048835242,0.021893049375266926,0.010634120135453173,0.1367029048835242,0.021893049375266926,0.0325271695107201,-0.11480985550825729,0.021893049375266926,0.0325271695107201,0.11480985550825729
100,90,0.05,0.2,1.0,36,call,12.74541969531353,0.03348515541879209,0.029023958020843565,12.703562051757695,0.0008164608216493063,1.020871706494421,12.745419695313522,0.03348515541879208,12.425099483992884,1682.0307793206728,0.02489787503145635,7.105427357601002e-15,6.938893903907228e-18,12.736064474351185,3.020802978426218e-05,12.629764888712181,3.00002284348011e-06,-0.041857643555834656,-0.009355220962344646,-0.11565480660134853,0.041857643555834656,0.009355220962344646,0.11565480660134853,0.041857643555834656,0.03250242259349001,-0.07379716304551387,0.041857643555834656,0.03250242259349001,0.07379716304551387
100,90,0.05,0.2,1.0,52,call,12.699340209853672,0.033268487632918384,0.03887004195712507,12.669854879721777,0.000803662487019634,1.020884953840714,12.699340209853677,0.03326848763291839,12.391938309533808,1713.6365753785922,0.03349570895079523,-5.329070518200751e-15,-6.938893903907228e-18,12.703295090628876,3.220804501324892e-05,12.629764888712181,3.7079444155097008e-06,-0.02948533013189447,0.003954880775204117,-0.06957532114149068,0.02948533013189447,0.003954880775204117,0.06957532114149068,0.02948533013189447,0.03344021090709859,-0.040089991009596204,0.02948533013189447,0.03344021090709859,0.040089991009596204
100,90,0.05,0.2,1.0,78,call,12.666431621588119,0.033154956599159756,0.060551750008016825,12.645411742335694,0.0008081004866844881,1.021197357337801,12.666431621588117,0.033154956599159756,12.367131504877575,1683.318090738152,0.0506000000750646,1.7763568394002505e-15,0.0,12.678753867064435,0.0001514580799266696,12.629764888712181,4.542060196399689e-06,-0.021019879252424545,0.012322245476315885,-0.036666732875938024,0.021019879252424545,0.012322245476315885,0.036666732875938024,0.021019879252424545,0.03334212472874043,-0.01564685362351348,0.021019879252424545,0.03334212472874043,0.01564685362351348
100,90,0.05,0.2,1.0,126,call,12.63982311748947,0.03308759405178649,0.09855812496971339,12.62596167838797,0.0007938149149428565,1.0209347238867439,12.639823117489465,0.03308759405178649,12.348268203177328,1737.3682012408497,0.08410924999043345,5.329070518200751e-15,0.0,12.66007661521817,0.00020270806271582842,12.629764888712181,5.041947588324547e-06,-0.013861439101500395,0.020253497728699443,-0.010058228777289457,0.013861439101500395,0.020253497728699443,0.010058228777289457,0.013861439101500395,0.03411493683019984,0.003803210324210937,0.013861439101500395,0.03411493683019984,0.003803210324210937
100,90,0.05,0.2,1.0,180,call,12.628636268552087,0.033060097438735704,0.1437589580891654,12.617549365916442,0.0008067084240034421,1.0213701417897756,12.628636268552093,0.03306009743873571,12.339084040264295,1679.4809201093549,0.13573216600343585,-5.329070518200751e-15,-6.938893903907228e-18,12.6509780325972,0.00028845807537436485,12.629764888712181,4.833913408219814e-06,-0.011086902635645046,0.022341764045112456,0.0011286201600935186,0.011086902635645046,0.022341764045112456,0.0011286201600935186,0.011086902635645046,0.0334286666807575,0.012215522795738565,0.011086902635645046,0.0334286666807575,0.012215522795738565
100,90,0.05,0.2,1.0,252,call,12.616505530180552,0.033090443173715275,0.20084483397658914,12.612092834033543,0.0008164201747863315,1.0217318796306871,12.616505530180545,0.033090443173715275,12.332965537661314,1642.773584794799,0.18606183293741196,7.105427357601002e-15,0.0,12.644914717457345,0.00040499994065612555,12.629764888712181,4.625064320862293e-06,-0.004412696147008788,0.02840918727679309,0.013259358531628962,0.004412696147008788,0.02840918727679309,0.013259358531628962,0.004412696147008788,0.03282188342380188,0.01767205467863775,0.004412696147008788,0.03282188342380188,0.01767205467863775
100,90,0.05,0.3,1.0,4,call,15.42178231165481,0.05517590816467431,0.003480750019662082,15.36742764799124,0.0020870630865576227,1.0290162321618048,15.42178231165481,0.05517590816467431,14.844092739180226,698.9205766108142,0.004405332962051034,0.0,0.0,15.42416261590483,1.666706521064043e-05,14.038118605850153,3.1669624149799347e-06,-0.054354663663570335,0.0023803042500194493,-1.3836637058046577,0.054354663663570335,0.0023803042500194493,1.3836637058046577,0.054354663663570335,0.056734967913589784,-1.3293090421410874,0.054354663663570335,0.056734967913589784,1.3293090421410874
100,90,0.05,0.3,1.0,6,call,14.864264317261474,0.052098764653157076,0.0044256249675527215,14.894473966737348,0.001954144313220047,1.032327399777452,14.864264317261469,0.05209876465315706,14.353445899255926,710.7904513065848,0.005529750022105873,5.329070518200751e-15,1.3877787807814457e-17,14.959015683013071,1.4457968063652515e-05,14.038118605850153,2.375105395913124e-06,0.030209649475873235,0.0947513657515966,-0.8261457114113213,0.030209649475873235,0.0947513657515966,0.8261457114113213,-0.030209649475873235,0.06454171627572336,-0.8563553608871945,0.030209649475873235,0.06454171627572336,0.8563553608871945
100,90,0.05,0.3,1.0,8,call,14.639958897980815,0.050700047147648926,0.00636875000782311,14.659138328088817,0.0019016339043283275,1.0337157416996843,14.639958897980815,0.050700047147648926,14.112056244661034,710.825342058723,0.006455333903431892,0.0,0.0,14.727533562150061,1.4499993994832039e-05,14.038118605850153,2.2919848561286926e-06,0.019179430108001938,0.08757466416924586,-0.601840292130662,0.019179430108001938,0.08757466416924586,0.601840292130662,-0.019179430108001938,0.06839523406124393,-0.621019722238664,0.019179430108001938,0.06839523406124393,0.621019722238664
100,90,0.05,0.3,1.0,12,call,14.435862534437515,0.04937671848423833,0.009942415985278785,14.424566986126827,0.0018305345974567767,1.0353391777868788,14.43586253443751,0.04937671848423832,13.873364312391818,727.5930879611176,0.010244124918244779,5.329070518200751e-15,6.938893903907228e-18,14.496849130461795,1.758395228534937e-05,14.038118605850153,2.708984538912773e-06,-0.01129554831068802,0.06098659602428036,-0.39774392858736185,0.01129554831068802,0.06098659602428036,0.39774392858736185,0.01129554831068802,0.07228214433496838,-0.38644838027667383,0.01129554831068802,0.07228214433496838,0.38644838027667383
100,90,0.05,0.3,1.0,18,call,14.251100169370398,0.04835021486435203,0.01382287498563528,14.266149414212904,0.0017809657871656098,1.0364162154328138,14.251100169370392,0.04835021486435202,13.715767994570626,737.0308448473374,0.012931625009514391,5.329070518200751e-15,6.938893903907228e-18,14.343531847990539,2.7416972443461418e-05,14.038118605850153,4.583969712257385e-06,0.015049244842506582,0.0924316786201409,-0.21298156352024478,0.015049244842506582,0.0924316786201409,0.21298156352024478,-0.015049244842506582,0.07738243377763432,-0.22803080836275136,0.015049244842506582,0.07738243377763432,0.22803080836275136
100,90,0.05,0.3,1.0,26,call,14.195656122650357,0.04795036995840254,0.020770250004716218,14.168115198070803,0.001760574926368011,1.036957991621562,14.195656122650362,0.047950369958402544,13.619406052081867,741.7796243084479,0.019843165995553136,-5.329070518200751e-15,-6.938893903907228e-18,14.249380368785562,2.9791961424052715e-05,14.038118605850153,4.375004209578037e-06,-0.02754092457955437,0.05372424613520543,-0.157537516800204,0.02754092457955437,0.05372424613520543,0.157537516800204,0.02754092457955437,0.0812651707147598,-0.12999659222064963,0.02754092457955437,0.0812651707147598,0.12999659222064963
100,90,0.05,0.3,1.0,36,call,14.159813523990186,0.04756506479942664,0.029451999929733574,14.110509380985699,0.0017559666633274694,1.0377358543944335,14.15981352399018,0.04756506479942663,13.559422948721288,733.7424612351339,0.02463120804168284,5.329070518200751e-15,6.938893903907228e-18,14.190614747533287,2.950010821223259e-05,14.038118605850153,4.208995960652828e-06,-0.0493041430044876,0.030801223543100775,-0.12169491814003308,0.0493041430044876,0.030801223543100775,0.12169491814003308,0.0493041430044876,0.08010536654758837,-0.07239077513554548,0.0493041430044876,0.08010536654758837,0.07239077513554548
100,90,0.05,0.3,1.0,52,call,14.091381627882804,0.04723699655097695,0.03955287497956306,14.061156926443473,0.0017258544220174704,1.0377587995294035,14.091381627882807,0.047236996550976955,13.511572287929507,749.1283507514119,0.033211166970431805,-3.552713678800501e-15,-6.938893903907228e-18,14.14364701464152,3.524997737258673e-05,14.038118605850153,4.375004209578037e-06,-0.030224701439330204,0.05226538675871595,-0.05326302203265065,0.030224701439330204,0.05226538675871595,0.05326302203265065,0.030224701439330204,0.08249008819804615,-0.02303832059332045,0.030224701439330204,0.08249008819804615,0.02303832059332045
100,90,0.05,0.3,1.0,78,call,14.050907428826783,0.04706258611016903,0.060536041972227395,14.026052101598996,0.0017347325156528283,1.0383430725323273,14.050907428826783,0.04706258611016903,13.475764024313317,736.0147849624788,0.051947041996754706,0.0,0.0,14.108447743227936,0.0001377919688820839,14.038118605850153,4.832982085645199e-06,-0.024855327227786717,0.05754031440115348,-0.012788822976629532,0.024855327227786717,0.05754031440115348,0.012788822976629532,0.024855327227786717,0.0823956416289402,0.012066504251157184,0.024855327227786717,0.0823956416289402,0.012066504251157184
100,90,0.05,0.3,1.0,126,call,14.012028413926773,0.0469675071401174,0.10037229105364531,13.996442016392283,0.001695031774058972,1.0378173106607393,14.012028413926767,0.046967507140117395,13.448527638570503,767.7844867335385,0.08448033302556723,5.329070518200751e-15,6.938893903907228e-18,14.08164470194783,0.0001527499407529831,14.038118605850153,4.208064638078213e-06,-0.015586397534489649,0.06961628802105757,0.026090191923380246,0.015586397534489649,0.06961628802105757,0.026090191923380246,0.015586397534489649,0.08520268555554722,0.041676589457869895,0.015586397534489649,0.08520268555554722,0.041676589457869895
100,90,0.05,0.3,1.0,180,call,14.000973510833894,0.046943315006302604,0.1456273749936372,13.98566185298245,0.0017302662547567557,1.0386766438369321,14.0009735108339,0.04694331500630261,13.435264407494785,736.074265585077,0.13655745901633054,-5.329070518200751e-15,-6.938893903907228e-18,14.068583106046704,0.0006230840226635337,14.038118605850153,6.041023880243301e-06,-0.015311657851444949,0.06760959521280974,0.03714509501625862,0.015311657851444949,0.06760959521280974,0.03714509501625862,0.015311657851444949,0.08292125306425469,0.05245675286770357,0.015311657851444949,0.08292125306425469,0.05245675286770357
100,90,0.05,0.3,1.0,252,call,13.989192248018098,0.04701402330142753,0.28328037494793534,13.977995156044793,0.0017575251820676585,1.0394113007997134,13.989192248018096,0.04701402330142753,13.426427548190144,715.5693394288975,0.34255924995522946,1.7763568394002505e-15,0.0,14.059877164815546,0.0005516669480130076,14.038118605850153,5.834037438035011e-06,-0.011197091973304651,0.0706849167974486,0.048926357832055345,0.011197091973304651,0.0706849167974486,0.048926357832055345,0.011197091973304651,0.08188200877075325,0.060123449805359996,0.011197091973304651,0.08188200877075325,0.060123449805359996
100,90,0.05,0.4,1.0,4,call,17.5475956102151,0.0726709828462119,0.004159583011642098,17.46354805950052,0.003783291197694972,1.0438845726963133,17.5475956102151,0.0726709828462119,16.59241793947665,368.96275448763555,0.004853540915064514,0.0,0.0,17.56686075943541,2.3791100829839706e-05,15.776817798280911,4.958012141287327e-06,-0.0840475507145797,0.019265149220309752,-1.77077781193419,0.0840475507145797,0.019265149220309752,1.77077781193419,0.0840475507145797,0.10331269993488945,-1.6867302612196102,0.0840475507145797,0.10331269993488945,1.6867302612196102
100,90,0.05,0.4,1.0,6,call,16.822578600155442,0.06830690107598192,0.004989082925021648,16.851645788550666,0.0035246592003678936,1.0489379159566914,16.822578600155442,0.06830690107598192,15.953304160504384,375.5734667546531,0.005998833919875324,0.0,0.0,16.96859309930057,2.108304761350155e-05,15.776817798280911,3.875000402331352e-06,0.029067188395224264,0.14601449914512799,-1.0457608018745308,0.029067188395224264,0.14601449914512799,1.0457608018745308,-0.029067188395224264,0.11694731074990372,-1.074827990269755,0.029067188395224264,0.11694731074990372,1.074827990269755
100,90,0.05,0.4,1.0,8,call,16.52071932659126,0.06640478513013005,0.006082208012230694,16.54562311395836,0.003424921641780511,1.0510944094589647,16.52071932659126,0.06640478513013005,15.639010879257949,375.9217657463401,0.0072980839759111404,0.0,0.0,16.670006703621496,2.5124987587332726e-05,15.776817798280911,4.750094376504421e-06,0.024903787367101415,0.14928737703023742,-0.7439015283103476,0.024903787367101415,0.14928737703023742,0.7439015283103476,-0.024903787367101415,0.12438358966313601,-0.768805315677449,0.024903787367101415,0.12438358966313601,0.768805315677449
100,90,0.05,0.4,1.0,12,call,16.25079883860793,0.06459502333761638,0.010187375009991229,16.240934162681416,0.0032827097662624966,1.0534201058531714,16.250798838607928,0.06459502333761637,15.32824801439629,387.19803490936744,0.009829833987168968,3.552713678800501e-15,1.3877787807814457e-17,16.371826182008174,2.5582965463399887e-05,15.776817798280911,4.958012141287327e-06,-0.009864675926515076,0.12102734340024313,-0.47398104032702015,0.009864675926515076,0.12102734340024313,0.47398104032702015,0.009864675926515076,0.1308920193267582,-0.4641163644005051,0.009864675926515076,0.1308920193267582,0.4641163644005051
100,90,0.05,0.4,1.0,18,call,16.004113139055033,0.06318460322493676,0.01338216697331518,16.03296818151642,0.003183718849815995,1.055179685306428,16.004113139055026,0.06318460322493676,15.12304598543203,393.8701856394995,0.01227333303540945,7.105427357601002e-15,0.0,16.17328091547396,2.5834073312580585e-05,15.776817798280911,3.958004526793957e-06,0.02885504246138737,0.16916777641892722,-0.2272953407741216,0.02885504246138737,0.16916777641892722,0.2272953407741216,-0.02885504246138737,0.14031273395753985,-0.256150383235509,0.02885504246138737,0.14031273395753985,0.256150383235509
100,90,0.05,0.4,1.0,26,call,15.942985574613978,0.0625938097960288,0.02005874994210899,15.903760086110449,0.003144178691568452,1.0558634075020197,15.94298557461398,0.06259380979602881,14.99755704423038,396.3221374436579,0.01735591609030962,-1.7763568394002505e-15,-1.3877787807814457e-17,16.051200656191657,2.9333052225410938e-05,15.776817798280911,3.5419361665844917e-06,-0.03922548850352925,0.10821508157767923,-0.1661677763330669,0.03922548850352925,0.10821508157767923,0.1661677763330669,0.03922548850352925,0.14744057008120848,-0.12694228782953765,0.03922548850352925,0.14744057008120848,0.12694228782953765
100,90,0.05,0.4,1.0,36,call,15.884063072870088,0.06211651050745383,0.03344395896419883,15.830492992303558,0.00313612123551003,1.0570981430586566,15.884063072870083,0.062116510507453815,14.919433154912278,392.3091294422373,0.025829290971159935,5.329070518200751e-15,1.3877787807814457e-17,15.974941124379075,3.4084077924489975e-05,15.776817798280911,4.832982085645199e-06,-0.05357008056653001,0.09087805150898731,-0.10724527458917699,0.05357008056653001,0.09087805150898731,0.10724527458917699,0.05357008056653001,0.14444813207551732,-0.05367519402264698,0.05357008056653001,0.14444813207551732,0.05367519402264698
100,90,0.05,0.4,1.0,52,call,15.791885413690018,0.06165324473733467,0.038848833995871246,15.7647613039429,0.0030793484133295004,1.0571336742026216,15.791885413690022,0.06165324473733467,14.857104443977708,400.8613787512176,0.03348254191223532,-3.552713678800501e-15,0.0,15.913956518335901,3.595906309783459e-05,15.776817798280911,4.66697383671999e-06,-0.027124109747118652,0.12207110464588311,-0.01506761540910695,0.027124109747118652,0.12207110464588311,0.01506761540910695,0.027124109747118652,0.14919521439300176,0.012056494338011703,0.027124109747118652,0.14919521439300176,0.012056494338011703
100,90,0.05,0.4,1.0,78,call,15.741788665443867,0.061427835403405,0.06155833404045552,15.719541297791679,0.003095482065355166,1.0580441282033755,15.741788665443863,0.061427835403405,14.810457546637847,393.7983023099844,0.05378245806787163,3.552713678800501e-15,0.0,15.868231709286249,0.00012524996418505907,15.776817798280911,4.833913408219814e-06,-0.022247367652187933,0.12644304384238225,0.03502913283704423,0.022247367652187933,0.12644304384238225,0.03502913283704423,0.022247367652187933,0.14869041149457018,0.05727650048923216,0.022247367652187933,0.14869041149457018,0.05727650048923216
100,90,0.05,0.4,1.0,126,call,15.701282763047512,0.06125047854980779,0.10319791699294001,15.677956394782091,0.0030044531917717827,1.0571397453354607,15.701282763047507,0.06125047854980779,14.77497448521651,415.6120089712886,0.08691370801534504,5.329070518200751e-15,0.0,15.833401708435051,0.00016962504014372826,15.776817798280911,4.625064320862293e-06,-0.023326368265420783,0.1321189453875391,0.07553503523339877,0.023326368265420783,0.1321189453875391,0.07553503523339877,0.023326368265420783,0.15544531365295988,0.09886140349881956,0.023326368265420783,0.15544531365295988,0.09886140349881956
100,90,0.05,0.4,1.0,180,call,15.687239493554406,0.061275340534589336,0.1572951670968905,15.665519084814289,0.0030804554536374286,1.0586332387924615,15.687239493554411,0.06127534053458935,14.75769452678665,395.6777243570828,0.14948675001505762,-5.329070518200751e-15,-1.3877787807814457e-17,15.816424597183676,0.00026220898143947124,15.776817798280911,4.749977961182594e-06,-0.02172040874011749,0.12918510362927016,0.08957830472650485,0.02172040874011749,0.12918510362927016,0.08957830472650485,0.02172040874011749,0.15090551236938765,0.11129871346662235,0.02172040874011749,0.15090551236938765,0.11129871346662235
100,90,0.05,0.4,1.0,252,call,15.680244278763437,0.06141026205519747,0.22240008402150124,15.657751335294938,0.0031497342428769524,1.05978617746592,15.680244278763432,0.06141026205519747,14.746181127409134,380.1316907915368,0.1965352080296725,5.329070518200751e-15,0.0,15.805107443658668,0.0004160830285400152,15.776817798280911,5.375011824071407e-06,-0.022492943468499504,0.1248631648952312,0.09657351951747373,0.022492943468499504,0.1248631648952312,0.09657351951747373,0.022492943468499504,0.1473561083637307,0.11906646298597323,0.022492943468499504,0.1473561083637307,0.11906646298597323
100,90,0.05,0.5,1.0,4,call,19.81088067118366,0.09169206536050682,0.003648957936093211,19.690238497810594,0.006150158169578464,1.0606300671015827,19.810880671183664,0.09169206536050682,18.38204408894531,222.2751645537701,0.004572584060952067,-3.552713678800501e-15,0.0,19.85969861587172,1.8791062757372856e-05,17.67917939750709,4.707952030003071e-06,-0.12064217337306715,0.04881794468806078,-2.131701273676569,0.12064217337306715,0.04881794468806078,2.131701273676569,0.12064217337306715,0.16946011806112793,-2.011059100303502,0.12064217337306715,0.16946011806112793,2.011059100303502
100,90,0.05,0.5,1.0,6,call,18.91344373811733,0.08580384503833195,0.004664000007323921,18.94299642343228,0.005704910575995315,1.067606076589021,18.913443738117326,0.08580384503833192,17.596435031171577,226.21209256640262,0.005493666976690292,3.552713678800501e-15,2.7755575615628914e-17,19.13279827581438,3.8041966035962105e-05,17.67917939750709,3.3329706639051437e-06,0.029552685314950367,0.2193545376970505,-1.2342643406102383,0.029552685314950367,0.2193545376970505,1.2342643406102383,-0.029552685314950367,0.18980185238210012,-1.2638170259251886,0.029552685314950367,0.18980185238210012,1.2638170259251886
100,90,0.05,0.5,1.0,8,call,18.54074230517216,0.08331306372942258,0.006569749908521771,18.56541137427914,0.005533711847689429,1.0706984441946998,18.54074230517216,0.08331306372942258,17.210751099544943,226.66952225216193,0.006676541990600526,0.0,0.0,18.769351161979145,3.004202153533697e-05,17.67917939750709,4.500034265220165e-06,0.024669069106980857,0.22860885680698573,-0.8615629076650677,0.024669069106980857,0.22860885680698573,0.8615629076650677,-0.024669069106980857,0.20393978770000487,-0.8862319767720486,0.024669069106980857,0.20393978770000487,0.8862319767720486
100,90,0.05,0.5,1.0,12,call,18.2017572108352,0.08094132416601729,0.008742625010199845,18.19299525582072,0.005286090358637063,1.0736711325732171,18.201757210835193,0.08094132416601728,16.829768987871898,234.46144913130138,0.009199250023812056,7.105427357601002e-15,1.3877787807814457e-17,18.405925260488253,2.9957969672977924e-05,17.67917939750709,3.875000402331352e-06,-0.008761955014481515,0.20416804965305246,-0.5225778133281089,0.008761955014481515,0.20416804965305246,0.5225778133281089,0.008761955014481515,0.21293000466753398,-0.5138158583136274,0.008761955014481515,0.21293000466753398,0.5138158583136274
100,90,0.05,0.5,1.0,18,call,17.895077737986593,0.07909156672466806,0.013918332988396287,17.93537465940994,0.0051144115598976475,1.0762607984267538,17.89507773798659,0.07909156672466806,16.57837913640617,239.1492432969411,0.013291707960888743,3.552713678800501e-15,0.0,18.16365878259038,2.5667017325758934e-05,17.67917939750709,3.875000402331352e-06,0.04029692142334795,0.2685810446037884,-0.21589834047950163,0.04029692142334795,0.2685810446037884,0.21589834047950163,-0.04029692142334795,0.22828412318044045,-0.2561952619028496,0.04029692142334795,0.22828412318044045,0.2561952619028496
100,90,0.05,0.5,1.0,26,call,17.826755305599374,0.0782518053805996,0.02190116699784994,17.77801191464082,0.005043254651555277,1.0768527589245944,17.82675530559938,0.07825180538059961,16.42470719027222,240.75035530236832,0.01999387494288385,-7.105427357601002e-15,-1.3877787807814457e-17,18.01458010032612,3.37500823661685e-05,17.67917939750709,4.708999767899513e-06,-0.048743390958552624,0.1878247947267475,-0.14757590809228205,0.048743390958552624,0.1878247947267475,0.14757590809228205,0.048743390958552624,0.23656818568530014,-0.09883251713372943,0.048743390958552624,0.23656818568530014,0.09883251713372943
100,90,0.05,0.5,1.0,36,call,17.74593932646198,0.0776831955586938,0.032010208000428975,17.68911158079234,0.00503594270582007,1.0787205846523686,17.745939326461976,0.0776831955586938,16.329059776643877,237.95377754736987,0.02527533401735127,3.552713678800501e-15,0.0,17.9214094615863,3.474997356534004e-05,17.67917939750709,4.457891918718815e-06,-0.056827745669639995,0.1754701351243213,-0.06675992895488747,0.056827745669639995,0.1754701351243213,0.06675992895488747,0.056827745669639995,0.2322978807939613,-0.009932183285247476,0.056827745669639995,0.2322978807939613,0.009932183285247476
100,90,0.05,0.5,1.0,52,call,17.63097160427989,0.07705000008093889,0.039916958077810705,17.60557339568836,0.004943950686753088,1.0787884602831348,17.630971604279896,0.0770500000809389,16.252761786749325,242.8829485663105,0.03346562501974404,-7.105427357601002e-15,-1.3877787807814457e-17,17.846875001286897,3.929098602384329e-05,17.67917939750709,4.666042514145374e-06,-0.02539820859152897,0.21590339700700767,0.0482077932272027,0.02539820859152897,0.21590339700700767,0.0482077932272027,0.02539820859152897,0.24130160559853664,0.07360600181873167,0.02539820859152897,0.24130160559853664,0.07360600181873167
100,90,0.05,0.5,1.0,78,call,17.573363067808426,0.07677589814203482,0.061577499960549176,17.550467138267862,0.004968420926713952,1.0801214315468657,17.573363067808422,0.07677589814203482,16.195666503819623,238.78830158135338,0.05307141691446304,3.552713678800501e-15,0.0,17.79097538558582,0.00010649999603629112,17.67917939750709,4.625064320862293e-06,-0.022895929540563742,0.21761231777739454,0.10581632969866561,0.022895929540563742,0.21761231777739454,0.10581632969866561,0.022895929540563742,0.24050824731795828,0.12871225923922935,0.022895929540563742,0.24050824731795828,0.12871225923922935
100,90,0.05,0.5,1.0,126,call,17.529631885151137,0.07648428486465833,0.10135158291086555,17.496693291854495,0.0047913822003320524,1.0785930946999067,17.529631885151133,0.07648428486465833,16.152239060381362,254.81370958162685,0.08792900003027171,3.552713678800501e-15,0.0,17.748385922980805,0.00023341691121459007,17.67917939750709,5.041947588324547e-06,-0.03293859329664173,0.21875403782966885,0.1495475123559551,0.03293859329664173,0.21875403782966885,0.1495475123559551,0.03293859329664173,0.2516926311263106,0.18248610565259682,0.03293859329664173,0.2516926311263106,0.18248610565259682
100,90,0.05,0.5,1.0,180,call,17.514623869490965,0.07660824332527379,0.15696070797275752,17.48406963661297,0.004935624328504821,1.080943233454018,17.514623869490965,0.07660824332527379,16.131091292983303,240.91664972334115,0.14300520799588412,0.0,0.0,17.72762378866507,0.0004289590287953615,17.67917939750709,5.041947588324547e-06,-0.030554232877996412,0.21299991917410566,0.16455552801612683,0.030554232877996412,0.21299991917410566,0.16455552801612683,0.030554232877996412,0.24355415205210207,0.19510976089412324,0.030554232877996412,0.24355415205210207,0.19510976089412324
100,90,0.05,0.5,1.0,252,call,17.513981680144994,0.07685142863368766,0.21478004194796085,17.478678857459958,0.0050825351968814955,1.0826183002287932,17.51398168014499,0.07685142863368764,16.117001195617366,228.63520364543788,0.2107381250243634,3.552713678800501e-15,1.3877787807814457e-17,17.713782449665,0.00036025000736117363,17.67917939750709,4.875008016824722e-06,-0.03530282268503626,0.19980076952000658,0.16519771736209776,0.03530282268503626,0.19980076952000658,0.16519771736209776,0.03530282268503626,0.23510359220504284,0.20050054004713402,0.03530282268503626,0.23510359220504284,0.20050054004713402
100,90,0.05,0.6,1.0,4,call,22.141470696425973,0.11259566071411906,0.003638041904196143,21.974740673458726,0.009343792587833768,1.079341033429294,22.141470696425973,0.11259566071411906,20.13821907736982,145.21013476687276,0.004510583006776869,0.0,0.0,22.23541263737934,1.6750069335103035e-05,19.678675928504795,3.2499665394425392e-06,-0.16673002296724704,0.09394194095336772,-2.462794767921178,0.16673002296724704,0.09394194095336772,2.462794767921178,0.16673002296724704,0.26067196392061476,-2.296064744953931,0.16673002296724704,0.26067196392061476,2.296064744953931
100,90,0.05,0.6,1.0,6,call,21.068088858051674,0.10489424467181771,0.004639417049475014,21.095410336113588,0.008628305829708796,1.0884477686247689,21.068088858051674,0.10489424467181768,19.208351578953337,147.79245371734393,0.005537791061215103,0.0,2.7755575615628914e-17,21.38464651093218,2.7084024623036385e-05,19.678675928504795,2.7919886633753777e-06,0.027321478061914206,0.31655765288050475,-1.3894129295468787,0.027321478061914206,0.31655765288050475,1.3894129295468787,-0.027321478061914206,0.28923617481859054,-1.4167344076087929,0.027321478061914206,0.28923617481859054,1.4167344076087929
100,90,0.05,0.6,1.0,8,call,20.62555291344337,0.1017451616515056,0.0056834169663488865,20.648895791266646,0.008364223243395393,1.092522736594464,20.62555291344337,0.10174516165150563,18.75291338939098,147.97089504468332,0.006571665988303721,0.0,-2.7755575615628914e-17,20.958703973415297,1.566705759614706e-05,19.678675928504795,2.415967173874378e-06,0.023342877823274932,0.3331510599719252,-0.9468769849385765,0.023342877823274932,0.3331510599719252,0.9468769849385765,-0.023342877823274932,0.30980818214865025,-0.9702198627618515,0.023342877823274932,0.30980818214865025,0.9702198627618515
100,90,0.05,0.6,1.0,12,call,20.2207063789138,0.0986988203884673,0.008671625051647425,20.20852428827716,0.00795112915075756,1.0961080199425186,20.220706378913796,0.09869882038846729,18.303680444079166,154.08710964200878,0.00848558300640434,3.552713678800501e-15,1.3877787807814457e-17,20.53239768656622,1.7459038645029068e-05,19.678675928504795,2.666027285158634e-06,-0.012182090636638776,0.3116913076524206,-0.5420304504090048,0.012182090636638776,0.3116913076524206,0.5420304504090048,0.012182090636638776,0.32387339828905937,-0.529848359772366,0.012182090636638776,0.32387339828905937,0.529848359772366
100,90,0.05,0.6,1.0,18,call,19.852429573198346,0.09636426927538375,0.014491125009953976,19.905258700999784,0.007686472258356356,1.0995699668830554,19.852429573198346,0.09636426927538375,18.007594954743407,157.17299787933774,0.014932416030205786,0.0,0.0,20.24799060187759,2.5999965146183968e-05,19.678675928504795,2.9169023036956787e-06,0.05282912780143789,0.3955610286792428,-0.17375364469355148,0.05282912780143789,0.3955610286792428,0.17375364469355148,-0.05282912780143789,0.3427319008778049,-0.22658277249498937,0.05282912780143789,0.3427319008778049,0.22658277249498937
100,90,0.05,0.6,1.0,26,call,19.77540329571886,0.09518521840489877,0.02388854103628546,19.71369184295855,0.00754520874301827,1.1000568237429516,19.775403295718863,0.09518521840489878,17.82672847665451,159.1462841393419,0.02129800000693649,-3.552713678800501e-15,-1.3877787807814457e-17,20.07288894962518,2.9916060157120228e-05,19.678675928504795,4.58303838968277e-06,-0.06171145276030998,0.2974856539063211,-0.09672736721406494,0.06171145276030998,0.2974856539063211,0.09672736721406494,0.06171145276030998,0.35919710666663107,-0.03501591445375496,0.06171145276030998,0.35919710666663107,0.03501591445375496
100,90,0.05,0.6,1.0,36,call,19.671509225037617,0.09454262036940655,0.03366399998776615,19.613276850910285,0.007554928457222121,1.1026290709259556,19.671509225037614,0.09454262036940655,17.714202180284115,156.60100981042936,0.02609145804308355,3.552713678800501e-15,0.0,19.963418220360083,3.324996214359999e-05,19.678675928504795,4.542060196399689e-06,-0.058232374127332065,0.2919089953224656,0.007166703467177626,0.058232374127332065,0.2919089953224656,0.007166703467177626,0.058232374127332065,0.3501413694497977,0.06539907759450969,0.058232374127332065,0.3501413694497977,0.06539907759450969
100,90,0.05,0.6,1.0,52,call,19.536975170547304,0.09369179581352098,0.0397535830270499,19.51281758675575,0.0074167370062272414,1.1026405516224693,19.53697517054731,0.093691795813521,17.624465381756526,159.5795983586992,0.03455187508370727,-7.105427357601002e-15,-1.3877787807814457e-17,19.875823570770564,3.812497016042471e-05,19.678675928504795,4.582921974360943e-06,-0.02415758379155264,0.33884840022325946,0.1417007579574907,0.02415758379155264,0.33884840022325946,0.1417007579574907,0.02415758379155264,0.3630059840148121,0.16585834174904335,0.02415758379155264,0.3630059840148121,0.16585834174904335
100,90,0.05,0.6,1.0,78,call,19.47141910490928,0.0933845343208798,0.06183645792771131,19.44828142753183,0.0074679040336600765,1.1044958468380113,19.47141910490928,0.0933845343208798,17.557328129272733,156.369647826995,0.05255754094105214,0.0,0.0,19.8101169339533,0.00013325002510100603,19.678675928504795,4.707952030003071e-06,-0.023137677377452093,0.338697829044019,0.20725682359551456,0.023137677377452093,0.338697829044019,0.20725682359551456,0.023137677377452093,0.3618355064214711,0.23039450097296665,0.023137677377452093,0.3618355064214711,0.23039450097296665
100,90,0.05,0.6,1.0,126,call,19.423046201034285,0.09292732769439642,0.10268495802301913,19.381996114331688,0.007144306677910712,1.102081030670103,19.423046201034282,0.09292732769439639,17.506270860973842,169.18689453432867,0.08543816593009979,3.552713678800501e-15,2.7755575615628914e-17,19.760048553380162,0.00037391704972833395,19.678675928504795,4.916917532682419e-06,-0.041050086702597355,0.33700235234587694,0.2556297274705095,0.041050086702597355,0.33700235234587694,0.2556297274705095,0.041050086702597355,0.3780524390484743,0.29667981417310685,0.041050086702597355,0.3780524390484743,0.29667981417310685
100,90,0.05,0.6,1.0,180,call,19.409440180226685,0.09322553987150486,0.15468625002540648,19.372121097642296,0.007400757183011317,1.1055064073981722,19.409440180226685,0.09322553987150486,17.481410165689308,158.67828698890028,0.14197283401153982,0.0,0.0,19.73563826709831,0.00023074995260685682,19.678675928504795,4.541943781077862e-06,-0.03731908258438921,0.3261980868716243,0.2692357482781098,0.03731908258438921,0.3261980868716243,0.2692357482781098,0.03731908258438921,0.36351716945601353,0.306554830862499,0.03731908258438921,0.36351716945601353,0.306554830862499
100,90,0.05,0.6,1.0,252,call,19.416710569085815,0.09363509415128396,0.21637829102110118,19.36696844808456,0.007664226955351826,1.1079956811996905,19.416710569085815,0.09363509415128396,17.464847182170054,149.25902129697903,0.1956949169980362,0.0,0.0,19.719364029485227,0.0003438340499997139,19.678675928504795,4.66697383671999e-06,-0.04974212100125541,0.3026534603994122,0.2619653594189799,0.04974212100125541,0.3026534603994122,0.2619653594189799,0.04974212100125541,0.3523955814006676,0.31170748042023533,0.04974212100125541,0.3523955814006676,0.31170748042023533
100,100,0.05,0.1,1.0,4,call,4.445567616564896,0.01619957000260288,0.0034539999905973673,4.43157477134078,0.0002427481870689212,1.0122777328118244,4.4455676165648965,0.01619957000260288,4.366132437542154,4453.433621474918,0.004421166959218681,-8.881784197001252e-16,0.0,4.435925957132098,1.6832957044243813e-05,3.6474792355206875,3.5830307751893997e-06,-0.013992845224115591,-0.00964165943279749,-0.7980883810442081,0.013992845224115591,0.00964165943279749,0.7980883810442081,0.013992845224115591,0.004351185791318102,-0.7840955358200925,0.013992845224115591,0.004351185791318102,0.7840955358200925
100,100,0.05,0.1,1.0,6,call,4.159935120505599,0.015191420612059655,0.004401959013193846,4.168380434436879,0.0002272702787741792,1.014077645618567,4.1599351205055966,0.01519142061205965,4.100679205232313,4467.982747869212,0.005347375059500337,2.6645352591003757e-15,5.204170427930421e-18,4.173240516600025,1.670804340392351e-05,3.6474792355206875,2.708984538912773e-06,0.008445313931280118,0.013305396094425603,-0.5124558849849117,0.008445313931280118,0.013305396094425603,0.5124558849849117,-0.008445313931280118,0.004860082163145485,-0.5209011989161918,0.008445313931280118,0.004860082163145485,0.5209011989161918
100,100,0.05,0.1,1.0,8,call,4.030305918193528,0.014724198078054323,0.0056964169489219785,4.036776521584064,0.00022048024090724527,1.0149005571349536,4.030305918193529,0.014724198078054323,3.9682834438451047,4459.888003327931,0.0066007080022245646,-8.881784197001252e-16,0.0,4.041867582199769,2.0209001377224922e-05,3.6474792355206875,2.499902620911598e-06,0.006470603390535956,0.011561664006241479,-0.38282668267284015,0.006470603390535956,0.011561664006241479,0.38282668267284015,-0.006470603390535956,0.005091060615705523,-0.3892972860633761,0.006470603390535956,0.005091060615705523,0.3892972860633761
100,100,0.05,0.1,1.0,12,call,3.907390797783857,0.014273109024786483,0.008451791945844889,3.905300142108834,0.00021178753719026152,1.0158873513634352,3.907390797783854,0.014273109024786476,3.836091432627759,4541.88742987992,0.00826150004286319,3.1086244689504383e-15,6.938893903907228e-18,3.9104590473033647,3.841693978756666e-05,3.6474792355206875,4.124944098293781e-06,-0.00209065567502309,0.003068249519507571,-0.2599115622631696,0.00209065567502309,0.003068249519507571,0.2599115622631696,0.00209065567502309,0.005158905194530661,-0.2578209065881465,0.00209065567502309,0.005158905194530661,0.2578209065881465
100,100,0.05,0.1,1.0,18,call,3.8116844540263295,0.013930744380906303,0.014185333042405546,3.8171940427850886,0.00020489340098207905,1.0165362978479815,3.811684454026326,0.013930744380906298,3.7480695476699486,4622.668005798645,0.01491470797918737,3.552713678800501e-15,5.204170427930421e-18,3.8228269751500292,2.3250002413988113e-05,3.6474792355206875,4.00003045797348e-06,0.005509588758759065,0.011142521123699733,-0.16420521850564196,0.005509588758759065,0.011142521123699733,0.16420521850564196,-0.005509588758759065,0.005632932364940668,-0.16971480726440102,0.005509588758759065,0.005632932364940668,0.16971480726440102
100,100,0.05,0.1,1.0,26,call,3.7716579903861778,0.013788324554258168,0.023711625020951033,3.7629065242677986,0.00020215762381717487,1.0169275634588901,3.771657990386181,0.013788324554258173,3.693942040782804,4652.032567779097,0.01822870795149356,-3.1086244689504383e-15,-5.204170427930421e-18,3.7688868010687524,3.283401019871235e-05,3.6474792355206875,3.4580007195472717e-06,-0.008751466118379181,-0.002771189317425371,-0.12417875486549024,0.008751466118379181,0.002771189317425371,0.12417875486549024,0.008751466118379181,0.00598027680095381,-0.11542728874711106,0.008751466118379181,0.00598027680095381,0.11542728874711106
100,100,0.05,0.1,1.0,36,call,3.742356540172411,0.013658578409206623,0.030524333007633686,3.7293762809075917,0.0002000635193806137,1.0173140848050397,3.742356540172407,0.013658578409206618,3.6601271146200567,4660.958022204211,0.024477833998389542,3.9968028886505635e-15,5.204170427930421e-18,3.7351686573535923,4.200008697807789e-05,3.6474792355206875,4.083034582436085e-06,-0.01298025926481916,-0.007187882818818547,-0.09487730465172328,0.01298025926481916,0.007187882818818547,0.09487730465172328,0.01298025926481916,0.005792376446000613,-0.08189704538690412,0.01298025926481916,0.005792376446000613,0.08189704538690412
100,100,0.05,0.1,1.0,52,call,3.709270522889218,0.013555242237444679,0.03889291710220277,3.7022979651504233,0.000196971328020481,1.0173933419032262,3.7092705228892227,0.013555242237444684,3.633083110445522,4735.965608208543,0.035478874924592674,-4.440892098500626e-15,-5.204170427930421e-18,3.7081908469015343,5.125009920448065e-05,3.6474792355206875,4.458008334040642e-06,-0.0069725577387949045,-0.0010796759876838813,-0.06179128736853068,0.0069725577387949045,0.0010796759876838813,0.06179128736853068,0.0069725577387949045,0.005892881751111023,-0.054818729629735774,0.0069725577387949045,0.005892881751111023,0.054818729629735774
100,100,0.05,0.1,1.0,78,call,3.6877262716806047,0.013489233845662793,0.06250229198485613,3.6820739001064475,0.0001968237635606152,1.017679289058033,3.687726271680602,0.013489233845662788,3.612804634640633,4696.988569433757,0.05213479103986174,2.6645352591003757e-15,5.204170427930421e-18,3.6879554687094336,0.00011237501166760921,3.6474792355206875,4.917033948004246e-06,-0.005652371574157211,0.00022919702882884252,-0.040247036159917204,0.005652371574157211,0.00022919702882884252,0.040247036159917204,0.005652371574157211,0.005881568602986054,-0.03459466458575999,0.005652371574157211,0.005881568602986054,0.03459466458575999
100,100,0.05,0.1,1.0,126,call,3.671209963109508,0.013455525560299391,0.1025277910521254,3.666280069687192,0.00019374661570009224,1.0176022187132594,3.671209963109504,0.013455525560299384,3.5973569253521065,4823.1756783861265,0.088400415959768,3.9968028886505635e-15,6.938893903907228e-18,3.672536830654333,0.0002407910069450736,3.6474792355206875,5.209003575146198e-06,-0.0049298934223158675,0.0013268675448250278,-0.023730727588820333,0.0049298934223158675,0.0013268675448250278,0.023730727588820333,0.0049298934223158675,0.006256760967140895,-0.018800834166504465,0.0049298934223158675,0.006256760967140895,0.018800834166504465
100,100,0.05,0.1,1.0,180,call,3.663410078449417,0.013433355814524223,0.15153779205866158,3.658968698713748,0.00019564887086709928,1.0178704454690604,3.6634100784494197,0.013433355814524227,3.589826958960684,4714.268833915196,0.15571929200086743,-2.6645352591003757e-15,-3.469446951953614e-18,3.6650198562553955,0.00026474997866898775,3.6474792355206875,5.00003807246685e-06,-0.004441379735669049,0.001609777805978485,-0.015930842928729483,0.004441379735669049,0.001609777805978485,0.015930842928729483,0.004441379735669049,0.006051157541647534,-0.011489463193060434,0.004441379735669049,0.006051157541647534,0.011489463193060434
100,100,0.05,0.1,1.0,252,call,3.657855586629179,0.013438014002071496,0.22941754199564457,3.6541303574475186,0.00019713933782407902,1.0180997496722952,3.657855586629176,0.013438014002071494,3.5848072672843547,4646.474859130608,0.20420570892747492,3.1086244689504383e-15,1.734723475976807e-18,3.660008396226371,0.0003582920180633664,3.6474792355206875,4.749977961182594e-06,-0.0037252291816605165,0.002152809597192107,-0.010376351108491555,0.0037252291816605165,0.002152809597192107,0.010376351108491555,0.0037252291816605165,0.005878038778852623,-0.006651121926831038,0.0037252291816605165,0.005878038778852623,0.006651121926831038
100,100,0.05,0.2,1.0,4,call,6.972530971039304,0.03065639962389766,0.0035961250541731715,6.939469894569209,0.0008728101856272431,1.024617758098594,6.972530971039304,0.03065639962389766,6.733487432526951,1233.6804592983397,0.004605207941494882,0.0,0.0,6.954240365735108,1.7457990907132626e-05,5.782838338049759,3.6670826375484467e-06,-0.03306107647009515,-0.018290605304195573,-1.1896926329895452,0.03306107647009515,0.018290605304195573,1.1896926329895452,0.03306107647009515,0.014770471165899579,-1.15663155651945,0.03306107647009515,0.014770471165899579,1.15663155651945
100,100,0.05,0.2,1.0,6,call,6.536595590277966,0.02868728154623786,0.004678208963014185,6.548657308849986,0.0008153234563514943,1.0280763245640787,6.536595590277963,0.02868728154623786,6.335661118880461,1237.9950770818668,0.005610833060927689,3.552713678800501e-15,0.0,6.564558500832378,1.7457990907132626e-05,5.782838338049759,3.1670788303017616e-06,0.012061718572019764,0.027962910554411913,-0.7537572522282074,0.012061718572019764,0.027962910554411913,0.7537572522282074,-0.012061718572019764,0.01590119198239215,-0.7658189708002272,0.012061718572019764,0.01590119198239215,0.7658189708002272
100,100,0.05,0.2,1.0,8,call,6.343293865926135,0.027798499853092414,0.005947332945652306,6.352312012739399,0.0007876878109319061,1.029684859048367,6.343293865926135,0.027798499853092414,6.137651561852493,1245.4734372925516,0.006606874987483025,0.0,0.0,6.3694665833851225,1.954101026058197e-05,5.782838338049759,3.5419361665844917e-06,0.00901814681326396,0.026172717458987194,-0.5604555278763765,0.00901814681326396,0.026172717458987194,0.5604555278763765,-0.00901814681326396,0.017154570645723233,-0.5694736746896405,0.00901814681326396,0.017154570645723233,0.5694736746896405
100,100,0.05,0.2,1.0,12,call,6.158862220363357,0.026961897317981307,0.00873533298727125,6.157142715907756,0.0007574711807143256,1.0314622516032554,6.158862220363355,0.0269618973179813,5.940200221633534,1266.9768300439357,0.009088749997317791,1.7763568394002505e-15,6.938893903907228e-18,6.174171148981057,2.6416033506393433e-05,5.782838338049759,4.500034265220165e-06,-0.0017195044556013173,0.015308928617700168,-0.3760238823135982,0.0017195044556013173,0.015308928617700168,0.3760238823135982,0.0017195044556013173,0.017028433073301485,-0.37430437785799686,0.0017195044556013173,0.017028433073301485,0.37430437785799686
100,100,0.05,0.2,1.0,18,call,6.012177402246725,0.026299155422183435,0.013167166034691036,6.025329534711979,0.0007308936521403154,1.032745651958188,6.01217740224672,0.026299155422183435,5.808857819143395,1294.718111516653,0.012037334032356739,5.329070518200751e-15,0.0,6.043845623179887,2.2666994482278824e-05,5.782838338049759,3.5410048440098763e-06,0.013152132465253707,0.03166822093316224,-0.22933906419696637,0.013152132465253707,0.03166822093316224,0.22933906419696637,-0.013152132465253707,0.01851608846790853,-0.24249119666222008,0.013152132465253707,0.01851608846790853,0.24249119666222008
100,100,0.05,0.2,1.0,26,call,5.961820914866956,0.026031597380692214,0.02100004197563976,5.943837208257122,0.0007209021770422956,1.0334244850742658,5.96182091486696,0.026031597380692217,5.7281416392869255,1303.914044385206,0.020966000040061772,-4.440892098500626e-15,-3.469446951953614e-18,5.963588877223737,2.604199107736349e-05,5.782838338049759,2.959044650197029e-06,-0.01798370660983384,0.0017679623567810054,-0.1789825768171971,0.01798370660983384,0.0017679623567810054,0.1789825768171971,0.01798370660983384,0.019751668966614844,-0.16099887020736325,0.01798370660983384,0.019751668966614844,0.16099887020736325
100,100,0.05,0.2,1.0,36,call,5.913000589214003,0.02580602668969121,0.030408249935135245,5.8947586158570395,0.0007148944850533748,1.034190201406676,5.913000589214,0.0258060266896912,5.677734936002795,1303.0419292350919,0.024140416993759573,3.552713678800501e-15,1.0408340855860843e-17,5.913405161170312,3.5708071663975716e-05,5.782838338049759,3.832974471151829e-06,-0.018241973356963648,0.0004045719563086081,-0.1301622511642444,0.018241973356963648,0.0004045719563086081,0.1301622511642444,0.018241973356963648,0.018646545313272256,-0.11192027780728075,0.018241973356963648,0.018646545313272256,0.11192027780728075
100,100,0.05,0.2,1.0,52,call,5.862505895599935,0.025598574083538328,0.03912349999882281,5.853736041712488,0.0007016794159084746,1.034337281149417,5.862505895599937,0.02559857408353833,5.637431620369425,1330.9265112176288,0.033711166004650295,-1.7763568394002505e-15,-3.469446951953614e-18,5.873244770616853,4.566693678498268e-05,5.782838338049759,4.500034265220165e-06,-0.008769853887446999,0.010738875016917504,-0.0796675575501764,0.008769853887446999,0.010738875016917504,0.0796675575501764,0.008769853887446999,0.019508728904364503,-0.0708977036627294,0.008769853887446999,0.019508728904364503,0.0708977036627294
100,100,0.05,0.2,1.0,78,call,5.83194581331403,0.025476493537297543,0.05937200004700571,5.823790484965711,0.0007018550546281201,1.0349227257881959,5.831945813314028,0.025476493537297543,5.607216735887686,1317.6026001295565,0.05159937497228384,1.7763568394002505e-15,0.0,5.843116420243362,0.00011737504974007607,5.782838338049759,4.9578957259655e-06,-0.008155328348318669,0.011170606929332472,-0.04910747526427084,0.008155328348318669,0.011170606929332472,0.04910747526427084,0.008155328348318669,0.01932593527765114,-0.04095214691595217,0.008155328348318669,0.01932593527765114,0.04095214691595217
100,100,0.05,0.2,1.0,126,call,5.811309701571528,0.025403258673543625,0.10095220897346735,5.799743512281673,0.0006892970816587969,1.034572595522347,5.811309701571525,0.02540325867354361,5.584203004341197,1358.207053325515,0.08447937504388392,2.6645352591003757e-15,1.3877787807814457e-17,5.820156745889735,0.00014825002290308475,5.782838338049759,3.7919962778687477e-06,-0.0115661892898542,0.008847044318207153,-0.028471363521768822,0.0115661892898542,0.008847044318207153,0.028471363521768822,0.0115661892898542,0.020413233608061354,-0.01690517423191462,0.0115661892898542,0.020413233608061354,0.01690517423191462
100,100,0.05,0.2,1.0,180,call,5.799080335506804,0.025379829255850063,0.16699125000741333,5.7893815429913955,0.0006987452279508295,1.0352797145782515,5.799080335506806,0.025379829255850063,5.5729860211632145,1319.2882127812932,0.15164441603701562,-2.6645352591003757e-15,0.0,5.808962394898613,0.00021700002253055573,5.782838338049759,4.458939656615257e-06,-0.009698792515408172,0.009882059391808973,-0.01624199745704491,0.009698792515408172,0.009882059391808973,0.01624199745704491,0.009698792515408172,0.019580851907217145,-0.006543204941636738,0.009698792515408172,0.019580851907217145,0.006543204941636738
100,100,0.05,0.2,1.0,252,call,5.793191324865851,0.025407534264940662,0.22022100002504885,5.782691992782219,0.0007074171570289171,1.0358073323158703,5.7931913248658455,0.025407534264940655,5.565508831349343,1289.9529283085196,0.22578258404973894,5.329070518200751e-15,6.938893903907228e-18,5.801498938949076,0.0004200419643893838,5.782838338049759,4.999921657145023e-06,-0.010499332083631963,0.008307614083225445,-0.010352986816092091,0.010499332083631963,0.008307614083225445,0.010352986816092091,0.010499332083631963,0.018806946166857408,0.00014634526753987132,0.010499332083631963,0.018806946166857408,0.00014634526753987132
100,100,0.05,0.3,1.0,4,call,9.585627988434686,0.04641768695666875,0.0037121670320630074,9.527859210919695,0.001971082864086052,1.0384186814902636,9.585627988434686,0.04641768695666875,9.096608048499732,554.5710899948808,0.0052900000009685755,0.0,0.0,9.563590076616475,3.0333991162478924e-05,7.992519977232636,5.124951712787151e-06,-0.05776877751499043,-0.022037911818211242,-1.59310801120205,0.05776877751499043,0.022037911818211242,1.59310801120205,0.05776877751499043,0.03573086569677919,-1.5353392336870595,0.05776877751499043,0.03573086569677919,1.5353392336870595
100,100,0.05,0.3,1.0,6,call,8.988526957360309,0.043332451659624543,0.005223750020377338,9.003131422501205,0.0018322586232471425,1.0436761088409976,8.988526957360305,0.04333245165962452,8.558085891402259,559.3105017024441,0.006004333961755037,3.552713678800501e-15,2.0816681711721685e-17,9.04135802605614,4.1207997128367424e-05,7.992519977232636,5.249981768429279e-06,0.01460446514089675,0.05283106869583065,-0.9960069801276727,0.01460446514089675,0.05283106869583065,0.9960069801276727,-0.01460446514089675,0.0382266035549339,-1.0106114452685695,0.01460446514089675,0.0382266035549339,1.0106114452685695
100,100,0.05,0.3,1.0,8,call,8.72799073819095,0.04196784449553726,0.008825458935461938,8.738422150267096,0.0017709020845952102,1.0461159702577931,8.72799073819095,0.04196784449553726,8.290781168949598,561.6221526149754,0.007650209008716047,0.0,0.0,8.779758965712304,2.845795825123787e-05,7.992519977232636,5.124951712787151e-06,0.010431412076146174,0.05176822752135379,-0.7354707609583144,0.010431412076146174,0.05176822752135379,0.7354707609583144,-0.010431412076146174,0.04133681544520762,-0.7459021730344606,0.010431412076146174,0.04133681544520762,0.7459021730344606
100,100,0.05,0.3,1.0,12,call,8.48024732023173,0.04069321320931239,0.01048262498807162,8.476104118234382,0.0016986530900676919,1.0487114161344777,8.480247320231728,0.04069321320931239,8.024703223306888,573.8978275703488,0.009941917029209435,1.7763568394002505e-15,0.0,8.517785340653202,2.5541987270116806e-05,7.992519977232636,4.500034265220165e-06,-0.004143201997347745,0.03753802042147214,-0.4877273429990936,0.004143201997347745,0.03753802042147214,0.4877273429990936,0.004143201997347745,0.041681222418819885,-0.48358414100174585,0.004143201997347745,0.041681222418819885,0.48358414100174585
100,100,0.05,0.3,1.0,18,call,8.275883804644566,0.03967929321650309,0.014625375042669475,8.29940011032943,0.0016408998314254937,1.0506143650704938,8.275883804644563,0.03967929321650308,7.847967879050976,584.7412269162965,0.014285833924077451,3.552713678800501e-15,1.3877787807814457e-17,8.342905317457447,2.975005190819502e-05,7.992519977232636,4.666042514145374e-06,0.02351630568486307,0.0670215128128806,-0.28336382741193056,0.02351630568486307,0.0670215128128806,0.28336382741193056,-0.02351630568486307,0.04350520712801753,-0.30688013309679363,0.02351630568486307,0.04350520712801753,0.30688013309679363
100,100,0.05,0.3,1.0,26,call,8.21645684164828,0.039255877035769084,0.02316816698294133,8.188729874778353,0.0016164528146269989,1.0515515969704696,8.216456841648284,0.03925587703576909,7.739455636258397,589.7708531638723,0.020287999999709427,-3.552713678800501e-15,-6.938893903907228e-18,8.235187135270067,3.250001464039087e-05,7.992519977232636,4.832982085645199e-06,-0.027726966869927594,0.01873029362178613,-0.22393686441564498,0.027726966869927594,0.01873029362178613,0.22393686441564498,0.027726966869927594,0.046457260491713726,-0.19620989754571738,0.027726966869927594,0.046457260491713726,0.19620989754571738
100,100,0.05,0.3,1.0,36,call,8.14604961343473,0.03893489912106515,0.03594133397564292,8.123041986099897,0.0016018514372534963,1.0528240122173145,8.146049613434727,0.038934899121065146,7.671728679108127,590.7906822006706,0.029293041909113526,3.552713678800501e-15,6.938893903907228e-18,8.167822571322914,7.02079851180315e-05,7.992519977232636,5.665933713316917e-06,-0.023007627334832748,0.021772957888183342,-0.15352963620209437,0.023007627334832748,0.021772957888183342,0.15352963620209437,0.023007627334832748,0.04478058522301609,-0.13052200886726162,0.023007627334832748,0.04478058522301609,0.13052200886726162
100,100,0.05,0.3,1.0,52,call,8.07793407502824,0.038601269340258156,0.040957125020213425,8.067447667889764,0.0015723570192034974,1.052991708270176,8.077934075028244,0.038601269340258156,7.617597697163664,602.699518412192,0.03492000000551343,-3.552713678800501e-15,0.0,8.113907566703775,4.349998198449612e-05,7.992519977232636,5.625071935355663e-06,-0.01048640713847604,0.03597349167553432,-0.0854140977956046,0.01048640713847604,0.03597349167553432,0.0854140977956046,0.01048640713847604,0.04645989881401036,-0.07492769065712857,0.01048640713847604,0.04645989881401036,0.07492769065712857
100,100,0.05,0.3,1.0,78,call,8.038606405710846,0.03842333392436463,0.06161325005814433,8.027480351221586,0.0015741521612207192,1.0539222621002942,8.038606405710844,0.038423333924364624,7.577028532263783,595.7947476729364,0.05628991697449237,1.7763568394002505e-15,6.938893903907228e-18,8.073457343642689,0.0003242500824853778,7.992519977232636,5.624955520033836e-06,-0.011126054489260184,0.03485093793184291,-0.046086428478210095,0.011126054489260184,0.03485093793184291,0.046086428478210095,0.011126054489260184,0.04597699242110309,-0.03496037398894991,0.011126054489260184,0.04597699242110309,0.03496037398894991
100,100,0.05,0.3,1.0,126,call,8.011787678698127,0.03829913679801358,0.10262758296448737,7.994196519359376,0.0015395974859295182,1.0531815739871622,8.011787678698125,0.03829913679801358,7.546135220151063,618.8189221829372,0.0915779999922961,1.7763568394002505e-15,0.0,8.042629930675195,0.000295042060315609,7.992519977232636,5.042064003646374e-06,-0.01759115933875144,0.030842251977068358,-0.01926770146549117,0.01759115933875144,0.030842251977068358,0.01926770146549117,0.01759115933875144,0.048433411315819797,-0.001676542126739733,0.01759115933875144,0.048433411315819797,0.001676542126739733
100,100,0.05,0.3,1.0,180,call,7.995217275410428,0.038297988295345704,0.1580260000191629,7.981357652999686,0.0015668389004588371,1.0544599165730641,7.995217275410431,0.038297988295345704,7.531079870038319,597.4522945291936,0.14266720798332244,-2.6645352591003757e-15,0.0,8.027598962020946,0.0003000829601660371,7.992519977232636,4.749977961182594e-06,-0.013859622410741679,0.03238168661051777,-0.0026972981777921845,0.013859622410741679,0.03238168661051777,0.0026972981777921845,0.013859622410741679,0.04624130902125945,0.011162324232949494,0.013859622410741679,0.04624130902125945,0.011162324232949494
100,100,0.05,0.3,1.0,252,call,7.992305294648473,0.038366236815813456,0.21376725006848574,7.972709516115987,0.0015917874633824074,1.0554272785906613,7.992305294648471,0.03836623681581345,7.521044831211096,580.9359415461264,0.20290937495883554,1.7763568394002505e-15,6.938893903907228e-18,8.01757735937471,0.00041745800990611315,7.992519977232636,5.00003807246685e-06,-0.019595778532485397,0.025272064726237886,0.00021468258416312835,0.019595778532485397,0.025272064726237886,0.00021468258416312835,0.019595778532485397,0.04486784325872328,0.019810461116648526,0.019595778532485397,0.04486784325872328,0.019810461116648526
100,100,0.05,0.4,1.0,4,call,12.214475207293479,0.06371938902391366,0.0037783749867230654,12.127033379210856,0.003625141263468617,1.053754826070842,12.214475207293479,0.06371938902391366,11.382838891825909,308.9536542893071,0.004592417040839791,0.0,0.0,12.199862498368281,1.7874990589916706e-05,10.2303181485673,3.6669662222266197e-06,-0.08744182808262302,-0.014612708925197282,-1.9841570587261792,0.08744182808262302,0.014612708925197282,1.9841570587261792,0.08744182808262302,0.07282911915742574,-1.8967152306435562,0.08744182808262302,0.07282911915742574,1.8967152306435562
100,100,0.05,0.4,1.0,6,call,11.451856420519636,0.059321023771035375,0.004582833964377642,11.467920739547102,0.003357858451592602,1.0609416252457515,11.451856420519634,0.05932102377103537,10.701333586419203,312.09909226151683,0.006217082962393761,1.7763568394002505e-15,6.938893903907228e-18,11.545582383220605,2.3124972358345985e-05,10.2303181485673,4.291068762540817e-06,0.016064319027465856,0.09372596270096878,-1.2215382719523369,0.016064319027465856,0.09372596270096878,1.2215382719523369,-0.016064319027465856,0.07766164367350292,-1.2376025909798027,0.016064319027465856,0.07766164367350292,1.2376025909798027
100,100,0.05,0.4,1.0,8,call,11.123303920497522,0.05741969182845121,0.005789916962385178,11.134139070291235,0.003244869670009267,1.0642677901485822,11.123303920497522,0.05741969182845121,10.36405914060422,313.1318172829886,0.006767207989469171,0.0,0.0,11.217682683090251,2.0332983694970608e-05,10.2303181485673,3.2499665394425392e-06,0.010835149793713583,0.09437876259272926,-0.8929857719302223,0.010835149793713583,0.09437876259272926,0.8929857719302223,-0.010835149793713583,0.08354361279901568,-0.9038209217239359,0.010835149793713583,0.08354361279901568,0.9038209217239359
100,100,0.05,0.4,1.0,12,call,10.81208718491968,0.055641854118384605,0.008866582997143269,10.804379890479241,0.0031038077978194872,1.0676392798789236,10.812087184919676,0.05564185411838459,10.028982778743229,321.3760782715038,0.008683791966177523,3.552713678800501e-15,1.3877787807814457e-17,10.88921276749759,2.0167091861367226e-05,10.2303181485673,3.0830269679427147e-06,-0.007707294440438162,0.07712558257791002,-0.5817690363523802,0.007707294440438162,0.07712558257791002,0.5817690363523802,0.007707294440438162,0.08483287701834819,-0.574061741911942,0.007707294440438162,0.08483287701834819,0.574061741911942
100,100,0.05,0.4,1.0,18,call,10.547740601482055,0.05423577610137018,0.01361900009214878,10.581530824768098,0.0029970803492299198,1.0703038300666123,10.54774060148205,0.054235776101370176,9.806771250944289,327.47258347852903,0.01266749994829297,5.329070518200751e-15,6.938893903907228e-18,10.669887550178807,2.570892684161663e-05,10.2303181485673,3.7079444155097008e-06,0.03379022328604364,0.12214694869675213,-0.3174224529147551,0.03379022328604364,0.12214694869675213,0.3174224529147551,-0.03379022328604364,0.08835672541070849,-0.35121267620079877,0.03379022328604364,0.08835672541070849,0.35121267620079877
100,100,0.05,0.4,1.0,26,call,10.478566453701713,0.05361693406596941,0.0244108330225572,10.441121735027007,0.0029475868301121044,1.0713994341886417,10.478566453701717,0.05361693406596942,9.670476108286648,330.880168358223,0.01887458295095712,-3.552713678800501e-15,-1.3877787807814457e-17,10.534770922932436,2.7999980375170708e-05,10.2303181485673,4.708068445324898e-06,-0.03744471867470622,0.056204469230722864,-0.24824830513441398,0.03744471867470622,0.056204469230722864,0.24824830513441398,0.03744471867470622,0.09364918790542909,-0.21080358645970776,0.03744471867470622,0.09364918790542909,0.21080358645970776
100,100,0.05,0.4,1.0,36,call,10.38792113035135,0.05319757882288597,0.03015362494625151,10.360414277198382,0.0029301622879649276,1.073194677086975,10.387921130351346,0.053197578822885956,9.585461775073322,329.6100038857461,0.02522762503940612,3.552713678800501e-15,1.3877787807814457e-17,10.450263339040122,3.1333998776972294e-05,10.2303181485673,3.832974471151829e-06,-0.027506853152967636,0.06234220868877216,-0.1576029817840503,0.027506853152967636,0.06234220868877216,0.1576029817840503,0.027506853152967636,0.0898490618417398,-0.13009612863108266,0.027506853152967636,0.0898490618417398,0.13009612863108266
100,100,0.05,0.4,1.0,52,call,10.300481049024402,0.05271522524894422,0.03909945907071233,10.288351200558143,0.002870349638273383,1.0734424051388805,10.300481049024404,0.05271522524894422,9.517542988491064,337.2892736321891,0.03443700005300343,-1.7763568394002505e-15,0.0,10.382623167027969,5.6083896197378635e-05,10.2303181485673,4.749977961182594e-06,-0.012129848466258863,0.08214211800356708,-0.0701629004571025,0.012129848466258863,0.08214211800356708,0.0701629004571025,0.012129848466258863,0.09427196646982594,-0.05803305199084363,0.012129848466258863,0.09427196646982594,0.05803305199084363
100,100,0.05,0.4,1.0,78,call,10.252810564426412,0.052484181503284266,0.06028029206208885,10.239586185480459,0.0028800539908857793,1.0747199146050626,10.25281056442641,0.05248418150328425,9.466657311014213,332.08984752477414,0.0523114160168916,1.7763568394002505e-15,1.3877787807814457e-17,10.331872695494406,0.0001116250641644001,10.2303181485673,3.999914042651653e-06,-0.013224378945952964,0.0790621310679942,-0.022492415859112214,0.013224378945952964,0.0790621310679942,0.022492415859112214,0.013224378945952964,0.09228651001394717,-0.00926803691315925,0.013224378945952964,0.09228651001394717,0.00926803691315925
100,100,0.05,0.4,1.0,126,call,10.218757010510188,0.05228622929172852,0.1020941250026226,10.195344876692845,0.0027993486835907674,1.0734738988688708,10.218757010510185,0.052286229291728506,9.427917705644035,348.86761166756776,0.08654179202858359,3.552713678800501e-15,1.3877787807814457e-17,10.293193760881122,0.0001532919704914093,10.2303181485673,4.166970029473305e-06,-0.023412133817343417,0.07443675037093378,0.011561138057111009,0.023412133817343417,0.07443675037093378,0.011561138057111009,0.023412133817343417,0.0978488841882772,0.034973271874454426,0.023412133817343417,0.0978488841882772,0.034973271874454426
100,100,0.05,0.4,1.0,180,call,10.200644137881746,0.05233879905778854,0.14731529203709215,10.181170031446303,0.0028620456223216076,1.0754866681090773,10.200644137881746,0.05233879905778855,9.409041627357313,334.4216627962394,0.14058687502983958,0.0,-6.938893903907228e-18,10.274334000601034,0.00026533298660069704,10.2303181485673,4.666042514145374e-06,-0.01947410643544245,0.0736898627192879,0.029674010685553753,0.01947410643544245,0.0736898627192879,0.029674010685553753,0.01947410643544245,0.09316396915473035,0.049148117120996204,0.01947410643544245,0.09316396915473035,0.049148117120996204
100,100,0.05,0.4,1.0,252,call,10.201261393983772,0.052480915765481716,0.21861329104285687,10.172552911293675,0.002923470662836011,1.076943087054246,10.201261393983769,0.052480915765481695,9.396461011721607,322.25920342131053,0.1944802920334041,3.552713678800501e-15,2.0816681711721685e-17,10.261759439897292,0.00048762501683086157,10.2303181485673,5.166977643966675e-06,-0.028708482690097625,0.06049804591351915,0.029056754583526967,0.028708482690097625,0.06049804591351915,0.029056754583526967,0.028708482690097625,0.08920652860361677,0.05776523727362459,0.028708482690097625,0.08920652860361677,0.05776523727362459
100,100,0.05,0.5,1.0,4,call,14.844202866561213,0.0827687622776649,0.0035881249932572246,14.720075775798676,0.005954316080863819,1.0707519833226802,14.844202866561213,0.0827687622776649,13.572026380054337,193.2275962672585,0.004613208002410829,0.0,0.0,14.850913917555998,1.6459031030535698e-05,12.489536842731711,3.125052899122238e-06,-0.1241270907625367,0.006711050994784529,-2.354666023829502,0.1241270907625367,0.006711050994784529,2.354666023829502,0.1241270907625367,0.13083814175732122,-2.230538933066965,0.1241270907625367,0.13083814175732122,2.230538933066965
100,100,0.05,0.5,1.0,6,call,13.910687579914773,0.07682211114671471,0.004602999892085791,13.927550442949427,0.005491641740770114,1.0800250988101188,13.91068757991477,0.07682211114671471,12.74711750851795,195.68975115409592,0.005439499975182116,3.552713678800501e-15,0.0,14.066946480415682,1.4459015801548958e-05,12.489536842731711,5.332985892891884e-06,0.01686286303465323,0.15625890050090874,-1.421150737183062,0.01686286303465323,0.15625890050090874,1.421150737183062,-0.01686286303465323,0.1393960374662555,-1.4380136002177153,0.01686286303465323,0.1393960374662555,1.4380136002177153
100,100,0.05,0.5,1.0,8,call,13.514221514511005,0.07431963452030155,0.00568070902954787,13.524492924012286,0.005310369589701502,1.0843158268405582,13.514221514511005,0.07431963452030155,12.340130573575284,195.86535969833128,0.0067461669677868485,0.0,0.0,13.67386407706141,1.5042023733258247e-05,12.489536842731711,2.584070898592472e-06,0.01027140950128036,0.15964256255040432,-1.0246846717792941,0.01027140950128036,0.15964256255040432,1.0246846717792941,-0.01027140950128036,0.14937115304912396,-1.0349560812805745,0.01027140950128036,0.14937115304912396,1.0349560812805745
100,100,0.05,0.5,1.0,12,call,13.13868193213473,0.0719584578395858,0.00866733305156231,13.1261071928818,0.0050557591728308295,1.0884457912531953,13.138681932134729,0.07195845783958578,11.936611363219296,202.577374243339,0.00937704206444323,1.7763568394002505e-15,1.3877787807814457e-17,13.279981050752683,2.4292035959661007e-05,12.489536842731711,4.666042514145374e-06,-0.012574739252929845,0.14129911861795286,-0.6491450894030191,0.012574739252929845,0.14129911861795286,0.6491450894030191,0.012574739252929845,0.1538738578708827,-0.6365703501500892,0.012574739252929845,0.1538738578708827,0.6365703501500892
100,100,0.05,0.5,1.0,18,call,12.813301650093953,0.07011510793792444,0.014548790990374982,12.858241417997894,0.0048813534981930334,1.091934380407948,12.81330165009395,0.07011510793792443,11.66945504993289,206.32064876853062,0.012836500070989132,3.552713678800501e-15,1.3877787807814457e-17,13.016915714799392,2.8250040486454964e-05,12.489536842731711,4.792003892362118e-06,0.04493976790394072,0.2036140647054392,-0.32376480736224167,0.04493976790394072,0.2036140647054392,0.32376480736224167,-0.04493976790394072,0.15867429680149847,-0.3687045752661824,0.04493976790394072,0.15867429680149847,0.3687045752661824
100,100,0.05,0.5,1.0,26,call,12.734086834964803,0.06923848880590298,0.02212966699153185,12.687691406105479,0.004793003126675729,1.0930365096694463,12.734086834964806,0.069238488805903,11.505766627549631,208.67947538924972,0.018007582984864712,-3.552713678800501e-15,-1.3877787807814457e-17,12.854828393143322,2.6332912966609e-05,12.489536842731711,4.333909600973129e-06,-0.04639542885932357,0.12074155817851917,-0.24454999223309137,0.04639542885932357,0.12074155817851917,0.24454999223309137,0.04639542885932357,0.16713698703784274,-0.1981545633737678,0.04639542885932357,0.16713698703784274,0.1981545633737678
100,100,0.05,0.5,1.0,36,call,12.62452528470945,0.0687242363674926,0.032340124947950244,12.592261326758923,0.004775531285991495,1.0954997535290045,12.624525284709444,0.06872423636749259,11.403732308310154,207.09826307659552,0.024835625081323087,5.329070518200751e-15,1.3877787807814457e-17,12.753442901272885,3.395904786884785e-05,12.489536842731711,4.124944098293781e-06,-0.03226395795052639,0.12891761656343625,-0.13498844197773785,0.03226395795052639,0.12891761656343625,0.13498844197773785,0.03226395795052639,0.16118157451396264,-0.10272448402721146,0.03226395795052639,0.16118157451396264,0.10272448402721146
100,100,0.05,0.5,1.0,52,call,12.5167039421992,0.06806348188944966,0.03853412496391684,12.50276830423064,0.004677414347751651,1.095799796598522,12.516703942199205,0.06806348188944966,11.322252730452565,211.74669361738225,0.03320112498477101,-5.329070518200751e-15,0.0,12.672288463852325,5.445897113531828e-05,12.489536842731711,4.124944098293781e-06,-0.013935637968559789,0.1555845216531253,-0.027167099467488853,0.013935637968559789,0.1555845216531253,0.027167099467488853,0.013935637968559789,0.1695201596216851,-0.013231461498929065,0.013935637968559789,0.1695201596216851,0.013231461498929065
100,100,0.05,0.5,1.0,78,call,12.460941999747092,0.06778658881277905,0.059948917012661695,12.446274143089006,0.004703212925896943,1.0974833789628586,12.460941999747092,0.06778658881277905,11.261228392689771,207.72954883752473,0.051401832955889404,0.0,0.0,12.611395246618535,0.00013891607522964478,12.489536842731711,4.417030140757561e-06,-0.01466785665808601,0.150453246871443,0.028594842984619007,0.01466785665808601,0.150453246871443,0.028594842984619007,0.01466785665808601,0.16512110352952902,0.043262699642705016,0.01466785665808601,0.16512110352952902,0.043262699642705016
100,100,0.05,0.5,1.0,126,call,12.419144541335083,0.0674779634442704,0.10005762497894466,12.390291741920091,0.004537786011567671,1.0955209367320071,12.419144541335083,0.06747796344427039,11.214782346348743,221.12401395595725,0.08510412508621812,0.0,1.3877787807814457e-17,12.564984413019026,0.00013779103755950928,12.489536842731711,4.416913725435734e-06,-0.028852799414991637,0.1458398716839433,0.07039230139662855,0.028852799414991637,0.1458398716839433,0.07039230139662855,0.028852799414991637,0.17469267109893494,0.09924510081162019,0.028852799414991637,0.17469267109893494,0.09924510081162019
100,100,0.05,0.5,1.0,180,call,12.402081610689704,0.06763513202371285,0.14624441601336002,12.376034661576492,0.00466214964921077,1.098480031374571,12.402081610689704,0.06763513202371285,11.192155075865225,210.46130780232744,0.13751833303831518,0.0,0.0,12.542354059877901,0.00022904202342033386,12.489536842731711,5.041016265749931e-06,-0.026046949113212037,0.14027244918819726,0.08745523204200722,0.026046949113212037,0.14027244918819726,0.08745523204200722,0.026046949113212037,0.1663193983014093,0.11350218115521926,0.026046949113212037,0.1663193983014093,0.11350218115521926
100,100,0.05,0.5,1.0,252,call,12.40674461957685,0.06789671755776581,0.20906612498220056,12.36736288359284,0.004789625129532603,1.100618427407708,12.406744619576846,0.0678967175577658,11.177075734125149,200.95300757894958,0.23301162500865757,3.552713678800501e-15,1.3877787807814457e-17,12.527265297979307,0.000437874929048121,12.489536842731711,5.00003807246685e-06,-0.03938173598401029,0.12052067840245684,0.08279222315486123,0.03938173598401029,0.12052067840245684,0.08279222315486123,0.03938173598401029,0.15990241438646713,0.12217395913887152,0.03938173598401029,0.15990241438646713,0.12217395913887152
100,100,0.05,0.6,1.0,4,call,17.466956587880546,0.10381310411726075,0.0039847909938544035,17.29819570661921,0.009107688869920966,1.0896032023112625,17.466956587880546,0.10381310411726076,15.653573298027448,129.92358088644949,0.00497804197948426,0.0,-1.3877787807814457e-17,17.513526145323702,2.2833002731204033e-05,14.770188773089266,4.749977961182594e-06,-0.16876088126133482,0.046569557443156384,-2.6967678147912792,0.16876088126133482,0.046569557443156384,2.6967678147912792,0.16876088126133482,0.2153304387044912,-2.5280069335299444,0.16876088126133482,0.2153304387044912,2.5280069335299444
100,100,0.05,0.6,1.0,6,call,16.35656465927208,0.096033031766233,0.004819417023099959,16.37304774219293,0.008363778763293299,1.1011778308457651,16.356564659272077,0.09603303176623297,14.68597694074693,131.83666447743056,0.005676875007338822,3.552713678800501e-15,2.7755575615628914e-17,16.60333607999098,1.9541941583156586e-05,14.770188773089266,3.5420525819063187e-06,0.016483082920849768,0.24677142071890046,-1.5863758861828146,0.016483082920849768,0.24677142071890046,1.5863758861828146,-0.016483082920849768,0.2302883377980507,-1.6028589691036643,0.016483082920849768,0.2302883377980507,1.6028589691036643
100,100,0.05,0.6,1.0,8,call,15.892550886448559,0.09286376412210974,0.0057385420659556985,15.902335055534863,0.00809446482967732,1.106487233015501,15.892550886448559,0.09286376412210974,14.210099512508055,131.6183026352379,0.0068699580151587725,0.0,0.0,16.14672832704633,2.4416949599981308e-05,14.770188773089266,3.125052899122238e-06,0.009784169086303862,0.25417744059777014,-1.1223621133592925,0.009784169086303862,0.25417744059777014,1.1223621133592925,-0.009784169086303862,0.24439327151146628,-1.1321462824455963,0.009784169086303862,0.24439327151146628,1.1321462824455963
100,100,0.05,0.6,1.0,12,call,15.45368610237765,0.08981139952571207,0.00852166605181992,15.434423569188752,0.0076629271051664285,1.1112956609306186,15.45368610237765,0.08981139952571206,13.73925235183413,137.3641931369505,0.00879633310250938,0.0,1.3877787807814457e-17,15.689048709599343,1.879199407994747e-05,14.770188773089266,2.749962732195854e-06,-0.0192625331888987,0.2353626072216919,-0.6834973292883841,0.0192625331888987,0.2353626072216919,0.6834973292883841,0.0192625331888987,0.2546251404105906,-0.6642347960994854,0.0192625331888987,0.2546251404105906,0.6642347960994854
100,100,0.05,0.6,1.0,18,call,15.065565345692495,0.08748692868994427,0.015156457899138331,15.121451130830906,0.007393250919382759,1.115762472304375,15.065565345692491,0.08748692868994426,13.428051460235439,140.02818157959268,0.013847959111444652,3.552713678800501e-15,1.3877787807814457e-17,15.383301261118607,2.6957946829497814e-05,14.770188773089266,4.708068445324898e-06,0.05588578513841114,0.31773591542611257,-0.295376572603228,0.05588578513841114,0.31773591542611257,0.295376572603228,-0.05588578513841114,0.26185013028770143,-0.35126235774163916,0.05588578513841114,0.26185013028770143,0.35126235774163916
100,100,0.05,0.6,1.0,26,call,14.97585883707899,0.08625642401758829,0.024224707973189652,14.921386974697965,0.0072456288560809575,1.1166083741452435,14.975858837078993,0.08625642401758832,13.237584405464412,141.71986504458738,0.020682083093561232,-3.552713678800501e-15,-2.7755575615628914e-17,15.194887343732999,2.7708010748028755e-05,14.770188773089266,4.458008334040642e-06,-0.05447186238102475,0.2190285066540092,-0.20567006398972332,0.05447186238102475,0.2190285066540092,0.20567006398972332,0.05447186238102475,0.27350036903503394,-0.15119820160869857,0.05447186238102475,0.27350036903503394,0.15119820160869857
100,100,0.05,0.6,1.0,36,call,14.849238952791328,0.08566048374412698,0.03624891699291766,14.811636784250881,0.007237035366578227,1.1199221195677282,14.849238952791325,0.08566048374412695,13.118937310693934,140.100490343676,0.024599375086836517,3.552713678800501e-15,2.7755575615628914e-17,15.077023993857967,3.366696182638407e-05,14.770188773089266,4.417030140757561e-06,-0.03760216854044707,0.22778504106663888,-0.07905017970206174,0.03760216854044707,0.22778504106663888,0.07905017970206174,0.03760216854044707,0.26538720960708595,-0.04144801116161467,0.03760216854044707,0.26538720960708595,0.04144801116161467
100,100,0.05,0.6,1.0,52,call,14.720325189986434,0.08478199367776668,0.04074629198294133,14.70402453203053,0.007088289039455416,1.1202195539709854,14.720325189986434,0.0847819936777667,13.024235330269143,143.06203977247495,0.03479441604577005,0.0,-2.7755575615628914e-17,14.982674003652992,4.416704177856445e-05,14.770188773089266,4.583969712257385e-06,-0.016300657955904185,0.2623488136665575,0.04986358310283201,0.016300657955904185,0.2623488136665575,0.04986358310283201,0.016300657955904185,0.2786494716224617,0.0661642410587362,0.016300657955904185,0.2786494716224617,0.0661642410587362
100,100,0.05,0.6,1.0,78,call,14.656787490557884,0.08447359893675106,0.05960554105695337,14.641638290086822,0.007144230419664561,1.1223897148616668,14.656787490557878,0.08447359893675106,12.953333424920372,139.8076991040489,0.051474333042278886,5.329070518200751e-15,0.0,14.911876325717435,0.00010800000745803118,14.770188773089266,4.375004209578037e-06,-0.015149200471061164,0.25508883515955105,0.11340128253138282,0.015149200471061164,0.25508883515955105,0.11340128253138282,0.015149200471061164,0.2702380356306122,0.12855048300244398,0.015149200471061164,0.2702380356306122,0.12855048300244398
100,100,0.05,0.6,1.0,126,call,14.605339555251435,0.08400163948856851,0.10288783302530646,14.571103674491034,0.006833678082243328,1.119501833858058,14.605339555251431,0.0840016394885685,12.89938403907302,151.1007054787565,0.08576062496285886,3.552713678800501e-15,1.3877787807814457e-17,14.857914723006264,0.00014441600069403648,14.770188773089266,4.790956154465675e-06,-0.034235880760400406,0.2525751677548289,0.16484921783783157,0.034235880760400406,0.2525751677548289,0.16484921783783157,0.034235880760400406,0.2868110485152293,0.19908509859823198,0.034235880760400406,0.2868110485152293,0.19908509859823198
100,100,0.05,0.6,1.0,180,call,14.592927476710557,0.08433797269104146,0.143914166954346,14.559318559995923,0.00706071261658152,1.1236365859845256,14.592927476710557,0.08433797269104146,12.873105891394982,142.67544767988664,0.1394332500640303,0.0,0.0,14.831601948137125,0.00021783402189612389,14.770188773089266,4.500034265220165e-06,-0.03360891671463406,0.2386744714265685,0.1772612963787097,0.03360891671463406,0.2386744714265685,0.1772612963787097,0.03360891671463406,0.27228338814120256,0.21087021309334375,0.03360891671463406,0.27228338814120256,0.21087021309334375
100,100,0.05,0.6,1.0,252,call,14.603741024100557,0.08477610706738468,0.21427145798224956,14.551559414239055,0.007300583746404221,1.1266276756117144,14.603741024100554,0.08477610706738468,12.85559517336399,134.8440429454553,0.2166360830888152,3.552713678800501e-15,0.0,14.81405771908524,0.0006471669767051935,14.770188773089266,5.207955837249756e-06,-0.052181609861502665,0.21031669498468197,0.16644774898870907,0.052181609861502665,0.21031669498468197,0.16644774898870907,0.052181609861502665,0.26249830484618464,0.21862935885021173,0.052181609861502665,0.26249830484618464,0.21862935885021173
100,110,0.05,0.1,1.0,4,call,0.6828372583225143,0.00665428556252253,0.003965083975344896,0.6665096275042235,0.00019547163212426473,1.0310285463541837,0.6828372583225143,0.00665428556252253,0.6382218809261494,1158.8717874628162,0.004965416970662773,0.0,0.0,0.6619429014377,1.9749975763261318e-05,0.32398684634686503,3.959052264690399e-06,-0.016327630818290806,-0.020894356884814336,-0.35885041197564926,0.016327630818290806,0.020894356884814336,0.35885041197564926,0.016327630818290806,-0.00456672606652353,-0.34252278115735846,0.016327630818290806,0.00456672606652353,0.34252278115735846
100,110,0.05,0.1,1.0,6,call,0.5452712066557582,0.005712679345190423,0.004790915991179645,0.5429670222859937,0.00018270195042790796,1.0384356766598326,0.5452712066557576,0.00571267934519042,0.5149704048624975,977.6723388516633,0.006139207980595529,6.661338147750939e-16,3.469446951953614e-18,0.5373478666784439,2.1082931198179722e-05,0.32398684634686503,4.58303838968277e-06,-0.0023041843697645392,-0.007923339977314314,-0.2212843603088932,0.0023041843697645392,0.007923339977314314,0.2212843603088932,0.0023041843697645392,-0.005619155607549775,-0.21898017593912866,0.0023041843697645392,0.005619155607549775,0.21898017593912866
100,110,0.05,0.1,1.0,8,call,0.48583763474743974,0.005290526548051968,0.006441625067964196,0.48521441226979733,0.0001765234951413831,1.0422193162319455,0.48583763474743974,0.005290526548051967,0.4578774137359923,898.2407641213994,0.007425707997754216,0.0,8.673617379884035e-19,0.47935966590771106,4.5166932977735996e-05,0.32398684634686503,1.325004268437624e-05,-0.0006232224776424045,-0.006477968839728676,-0.1618507884005747,0.0006232224776424045,0.006477968839728676,0.1618507884005747,0.0006232224776424045,-0.005854746362086272,-0.1612275659229323,0.0006232224776424045,0.005854746362086272,0.1612275659229323
100,110,0.05,0.1,1.0,12,call,0.43213521139344857,0.004897793236746114,0.00890745793003589,0.43088944067684354,0.00017206818967418797,1.0464237461908967,0.43213521139344807,0.00489779323674611,0.4039428731279576,810.2139478472834,0.009217708953656256,4.996003610813204e-16,4.336808689942018e-18,0.424395909842871,2.216699067503214e-05,0.32398684634686503,3.875000402331352e-06,-0.0012457707166050325,-0.00773930155057756,-0.10814836504658354,0.0012457707166050325,0.00773930155057756,0.10814836504658354,0.0012457707166050325,-0.006493530833972527,-0.1069025943299785,0.0012457707166050325,0.006493530833972527,0.1069025943299785
100,110,0.05,0.1,1.0,18,call,0.39177873860689927,0.004614735527067212,0.015064875013194978,0.3963164937123218,0.00016765913182081765,1.0499353915082519,0.39177873860689855,0.004614735527067208,0.36979048201020726,757.5986759150917,0.012666042079217732,7.216449660063518e-16,4.336808689942018e-18,0.38948915211265506,2.733292058110237e-05,0.32398684634686503,4.375004209578037e-06,0.004537755105422536,-0.0022895864942442112,-0.06779189226003424,0.004537755105422536,0.0022895864942442112,0.06779189226003424,-0.004537755105422536,-0.0068273415996667475,-0.07232964736545677,0.004537755105422536,0.0068273415996667475,0.07232964736545677
100,110,0.05,0.1,1.0,26,call,0.3779860428637388,0.004466817471796273,0.020449917064979672,0.375672896067338,0.0001659280203598221,1.052203218935994,0.37798604286373955,0.004466817471796278,0.3495057045462907,724.697809896816,0.017560374923050404,-7.216449660063518e-16,-5.204170427930421e-18,0.36871510627375154,2.6458059437572956e-05,0.32398684634686503,3.7079444155097008e-06,-0.0023131467964008223,-0.009270936589987289,-0.05399919651687379,0.0023131467964008223,0.009270936589987289,0.05399919651687379,0.0023131467964008223,-0.006957789793586466,-0.05168604972047297,0.0023131467964008223,0.006957789793586466,0.05168604972047297
100,110,0.05,0.1,1.0,36,call,0.3659174824429577,0.004368859958433177,0.029886333039030433,0.3633375975867941,0.00016413326417067233,1.054244167563351,0.36591748244295713,0.0043688599584331715,0.33711450124227277,708.5051878702179,0.024579542106948793,5.551115123125783e-16,5.204170427930421e-18,0.35600897068150655,3.162503708153963e-05,0.32398684634686503,4.166970029473305e-06,-0.0025798848561635612,-0.009908511761451133,-0.041930636096092655,0.0025798848561635612,0.009908511761451133,0.041930636096092655,0.0025798848561635612,-0.007328626905287572,-0.039350751239929094,0.0025798848561635612,0.007328626905287572,0.039350751239929094
100,110,0.05,0.1,1.0,52,call,0.3516011688813551,0.004274709963100922,0.03932120802346617,0.35310643371039224,0.00016002019652690575,1.0551167612316878,0.35160116888135584,0.004274709963100927,0.32736161551225085,713.6145689875559,0.03322366694919765,-7.216449660063518e-16,-5.204170427930421e-18,0.3459992842174872,3.466603811830282e-05,0.32398684634686503,4.875008016824722e-06,0.0015052648290371229,-0.0056018846638679065,-0.027614322534490088,0.0015052648290371229,0.0056018846638679065,0.027614322534490088,-0.0015052648290371229,-0.007107149492905029,-0.02911958736352721,0.0015052648290371229,0.007107149492905029,0.02911958736352721
100,110,0.05,0.1,1.0,78,call,0.345447129003961,0.0042277369763624745,0.060449665994383395,0.3460123460580232,0.00016124227787796185,1.0564537637750202,0.3454471290039606,0.004227736976362472,0.3201408296593283,687.4768384350707,0.052133999997749925,4.440892098500626e-16,2.6020852139652106e-18,0.3385831532845174,0.00011983304284512997,0.32398684634686503,4.332978278398514e-06,0.0005652170540622059,-0.006863975719443638,-0.021460282657095986,0.0005652170540622059,0.006863975719443638,0.021460282657095986,-0.0005652170540622059,-0.007429192773505844,-0.022025499711158192,0.0005652170540622059,0.007429192773505844,0.022025499711158192
100,110,0.05,0.1,1.0,126,call,0.3428942050890457,0.004190173629488555,0.09992900001816452,0.3398978954792644,0.00015816377157511284,1.0557418264920804,0.34289420508904506,0.00419017362948855,0.3146935069249273,701.859226479717,0.08451312500983477,6.661338147750939e-16,5.204170427930421e-18,0.33298545691822967,0.00017991603817790747,0.32398684634686503,4.917033948004246e-06,-0.0029963096097813113,-0.00990874817081605,-0.01890735874218069,0.0029963096097813113,0.00990874817081605,0.01890735874218069,0.0029963096097813113,-0.006912438561034739,-0.01591104913239938,0.0029963096097813113,0.006912438561034739,0.01591104913239938
100,110,0.05,0.1,1.0,180,call,0.3394102993113612,0.0041903878245648585,0.144606624962762,0.3375160887930091,0.00015897894995124573,1.0571824389118014,0.3394102993113616,0.004190387824564861,0.31205498866682824,694.7510152686413,0.13870925002265722,-3.885780586188048e-16,-2.6020852139652106e-18,0.3302731575184598,0.0002478749956935644,0.32398684634686503,4.707952030003071e-06,-0.0018942105183520908,-0.009137141792901371,-0.015423452964496154,0.0018942105183520908,0.009137141792901371,0.015423452964496154,0.0018942105183520908,-0.00724293127454928,-0.013529242446144063,0.0018942105183520908,0.00724293127454928,0.013529242446144063
100,110,0.05,0.1,1.0,252,call,0.33919050101645976,0.00422469726127924,0.20650070894043893,0.3358796358891888,0.0001607681139273441,1.0577874055330203,0.33919050101645914,0.004224697261279236,0.31030219661698943,690.5439946126725,0.21518141601700336,6.106226635438361e-16,4.336808689942018e-18,0.3284710075058362,0.0003512909170240164,0.32398684634686503,4.875008016824722e-06,-0.0033108651272709677,-0.010719493510623568,-0.015203654669594724,0.0033108651272709677,0.010719493510623568,0.015203654669594724,0.0033108651272709677,-0.0074086283833526,-0.011892789542323756,0.0033108651272709677,0.0074086283833526,0.011892789542323756
100,110,0.05,0.2,1.0,4,call,2.953131872779557,0.02085526780609462,0.003527291934005916,2.9187463786059578,0.0007971382030327621,1.0384393013905013,2.9531318727795575,0.02085526780609462,2.777237202496703,684.4855677547607,0.004527124925516546,-4.440892098500626e-16,0.0,2.9112631756722025,1.591700129210949e-05,1.971072950313612,3.500026650726795e-06,-0.03438549417359926,-0.041868697107354524,-0.9820589224659451,0.03438549417359926,0.041868697107354524,0.9820589224659451,0.03438549417359926,-0.007483202933755262,-0.9476734282923458,0.03438549417359926,0.007483202933755262,0.9476734282923458
100,110,0.05,0.2,1.0,6,call,2.599856804808286,0.01886471933672194,0.004474499961361289,2.6004422193258945,0.0007433239194583196,1.0456315361569455,2.5998568048082844,0.018864719336721934,2.455534631734587,644.0869207181593,0.005533250048756599,1.7763568394002505e-15,6.938893903907228e-18,2.589566242244922,1.525005791336298e-05,1.971072950313612,2.708984538912773e-06,0.0005854145176082959,-0.010290562563364247,-0.6287838544946742,0.0005854145176082959,0.010290562563364247,0.6287838544946742,-0.0005854145176082959,-0.010875977080972543,-0.6293692690122825,0.0005854145176082959,0.010875977080972543,0.6293692690122825
100,110,0.05,0.2,1.0,8,call,2.441464026446085,0.01797020985737335,0.0057674170238897204,2.4440832826606,0.0007194268250416749,1.049073392746828,2.441464026446085,0.01797020985737335,2.2985571041980197,623.9259419464764,0.0066860419465228915,0.0,0.0,2.4316103931726034,1.4666002243757248e-05,1.971072950313612,2.415967173874378e-06,0.0026192562145146425,-0.009853633273481766,-0.4703910761324732,0.0026192562145146425,0.009853633273481766,0.4703910761324732,-0.0026192562145146425,-0.012472889487996408,-0.47301033234698786,0.0026192562145146425,0.012472889487996408,0.47301033234698786
100,110,0.05,0.2,1.0,12,call,2.29611910172597,0.01713509273451286,0.008441457990556955,2.291117190924999,0.0006969042923575228,1.052952402777979,2.296119101725969,0.017135092734512854,2.144327625239437,604.5422241300179,0.008463166886940598,8.881784197001252e-16,6.938893903907228e-18,2.275768725910666,1.791701652109623e-05,1.971072950313612,3.08395829051733e-06,-0.005001910800970677,-0.020350375815303856,-0.32504615141235793,0.005001910800970677,0.020350375815303856,0.32504615141235793,0.005001910800970677,-0.015348465014333179,-0.32004424061138725,0.005001910800970677,0.015348465014333179,0.32004424061138725
100,110,0.05,0.2,1.0,18,call,2.1761696618817234,0.016495755785102012,0.014341790927574039,2.189071513755217,0.0006670607390858235,1.0560446299254773,2.1761696618817217,0.016495755785102005,2.0431036880385003,611.5242393923886,0.015591499977745116,1.7763568394002505e-15,6.938893903907228e-18,2.173125769141037,2.6332912966609e-05,1.971072950313612,4.58303838968277e-06,0.012901851873493353,-0.0030438927406866156,-0.2050967115681115,0.012901851873493353,0.0030438927406866156,0.2050967115681115,-0.012901851873493353,-0.01594574461417997,-0.21799856344160484,0.012901851873493353,0.01594574461417997,0.21799856344160484
100,110,0.05,0.2,1.0,26,call,2.1354075309656317,0.01620754562899461,0.02241954195778817,2.127335591951977,0.0006603216304451641,1.0576416085684095,2.135407530965633,0.016207545628994617,1.9814696925582609,602.453397811029,0.022529250010848045,-1.3322676295501878e-15,-6.938893903907228e-18,2.1104842112458515,5.220901221036911e-05,1.971072950313612,6.00004568696022e-06,-0.00807193901365455,-0.024923319719780235,-0.16433458065201978,0.00807193901365455,0.024923319719780235,0.16433458065201978,0.00807193901365455,-0.016851380706125685,-0.15626264163836523,0.00807193901365455,0.016851380706125685,0.15626264163836523
100,110,0.05,0.2,1.0,36,call,2.09501840423833,0.016007222018345667,0.04974191600922495,2.089059695435746,0.0006484740623640588,1.059497519763484,2.095018404238328,0.016007222018345663,1.9432090079046118,609.3218015092233,0.03292987507302314,1.7763568394002505e-15,3.469446951953614e-18,2.071542488056444,5.7582976296544075e-05,1.971072950313612,5.915993824601173e-06,-0.0059587088025838675,-0.023475916181885825,-0.12394545392471801,0.0059587088025838675,0.023475916181885825,0.12394545392471801,0.0059587088025838675,-0.017517207379301958,-0.11798674512213414,0.0059587088025838675,0.017517207379301958,0.11798674512213414
100,110,0.05,0.2,1.0,52,call,2.0628565498201406,0.01577363968483647,0.10744866693858057,2.0583703058487135,0.0006379745951735318,1.0601329636911259,2.062856549820142,0.015773639684836475,1.9127470766613772,611.3037530989967,0.07841129100415856,-1.3322676295501878e-15,-3.469446951953614e-18,2.0405075505863524,5.679205060005188e-05,1.971072950313612,5.125068128108978e-06,-0.004486243971427051,-0.02234899923378819,-0.09178359950652859,0.004486243971427051,0.02234899923378819,0.09178359950652859,0.004486243971427051,-0.01786275526236114,-0.08729735553510154,0.004486243971427051,0.01786275526236114,0.08729735553510154
100,110,0.05,0.2,1.0,78,call,2.036060022713471,0.01567406052801465,0.07675583299715072,2.0356952214169692,0.0006342486106736091,1.06136289959505,2.0360600227134698,0.015674060528014646,1.8899871298528066,610.7225977829105,0.06304999999701977,1.3322676295501878e-15,3.469446951953614e-18,2.0173015154139207,0.0001562499674037099,1.971072950313612,5.958019755780697e-06,-0.0003648012965018488,-0.01875850729955042,-0.06498707239985912,0.0003648012965018488,0.01875850729955042,0.06498707239985912,0.0003648012965018488,-0.01839370600304857,-0.06462227110335728,0.0003648012965018488,0.01839370600304857,0.06462227110335728
100,110,0.05,0.2,1.0,126,call,2.025031855867676,0.015596914771062422,0.10944358294364065,2.017283957915789,0.0006308257849624192,1.060460993133897,2.0250318558676743,0.015596914771062417,1.872696426546832,611.3058113105209,0.0888373329071328,1.7763568394002505e-15,5.204170427930421e-18,1.9996615841657261,0.0003682919777929783,1.971072950313612,5.041947588324547e-06,-0.007747897951887239,-0.025370271701949942,-0.05395890555406413,0.007747897951887239,0.025370271701949942,0.05395890555406413,0.007747897951887239,-0.017622373750062703,-0.04621100760217689,0.007747897951887239,0.017622373750062703,0.04621100760217689
100,110,0.05,0.2,1.0,180,call,2.0160331737602286,0.015588010938383863,0.166546875028871,2.009861244774694,0.0006322565123098215,1.0620670847266471,2.01603317376023,0.01558801093838387,1.8642830502141068,607.8477047206949,0.13914729200769216,-1.3322676295501878e-15,-6.938893903907228e-18,1.9910750369031804,0.00021945801563560963,1.971072950313612,4.375004209578037e-06,-0.006171928985534425,-0.024958136857048174,-0.044960223446616654,0.006171928985534425,0.024958136857048174,0.044960223446616654,0.006171928985534425,-0.01878620787151375,-0.03878829446108223,0.006171928985534425,0.01878620787151375,0.03878829446108223
100,110,0.05,0.2,1.0,252,call,2.0115187301092576,0.01564113967614266,0.22092012502253056,2.005164266382134,0.0006389385206155464,1.063040276003772,2.011518730109256,0.015641139676142654,1.8586799243922563,599.2646293406425,0.21236616699025035,1.7763568394002505e-15,6.938893903907228e-18,1.9853554020252449,0.0004227499011904001,1.971072950313612,4.792003892362118e-06,-0.0063544637271237825,-0.026163328084012782,-0.040445779795645675,0.0063544637271237825,0.026163328084012782,0.040445779795645675,0.0063544637271237825,-0.019808864356889,-0.03409131606852189,0.0063544637271237825,0.019808864356889,0.03409131606852189
100,110,0.05,0.3,1.0,4,call,5.559932865260225,0.03675278964820316,0.0037278749514371157,5.5014338755454935,0.001863165455695772,1.050923822690048,5.559932865260225,0.03675278964820316,5.163224841542751,389.11481913270006,0.004670458030886948,0.0,0.0,5.5028792217380005,2.3540924303233624e-05,4.057238320310715,4.375004209578037e-06,-0.058498989714731664,-0.05705364352222464,-1.5026945449495104,0.058498989714731664,0.05705364352222464,1.5026945449495104,0.058498989714731664,0.0014453461925070243,-1.4441955552347787,0.058498989714731664,0.0014453461925070243,1.4441955552347787
100,110,0.05,0.3,1.0,6,call,5.015169735965265,0.0336238124115361,0.00492645800113678,5.018781731878746,0.00172278952910362,1.0595007049144505,5.015169735965263,0.033623812411536086,4.672097122832636,380.91621571290216,0.006079541053622961,1.7763568394002505e-15,1.3877787807814457e-17,5.016013550544621,2.0999927073717117e-05,4.057238320310715,4.083034582436085e-06,0.0036119959134808255,0.0008438145793556728,-0.9579314156545502,0.0036119959134808255,0.0008438145793556728,0.9579314156545502,-0.0036119959134808255,-0.0027681813341251527,-0.961543411568031,0.0036119959134808255,0.0027681813341251527,0.961543411568031
100,110,0.05,0.3,1.0,8,call,4.775188122317515,0.0322406931657173,0.006203583907335997,4.780003546538368,0.0016712841661052176,1.0634668459700365,4.775188122317515,0.0322406931657173,4.430463804520177,372.14153406559655,0.006872583064250648,0.0,0.0,4.774311526720098,2.0041014067828655e-05,4.057238320310715,3.6660348996520042e-06,0.004815424220852904,-0.0008765955974174844,-0.7179498020068005,0.004815424220852904,0.0008765955974174844,0.7179498020068005,-0.004815424220852904,-0.0056920198182703885,-0.7227652262276534,0.004815424220852904,0.0056920198182703885,0.7227652262276534
100,110,0.05,0.3,1.0,12,call,4.55219266345788,0.030953592850745417,0.009024541941471398,4.54325919597694,0.0016040166803592162,1.0678727732344817,4.552192663457878,0.03095359285074541,4.191527674937822,372.39545430561304,0.008693958050571382,2.6645352591003757e-15,6.938893903907228e-18,4.533880186053533,1.9707949832081795e-05,4.057238320310715,3.0830269679427147e-06,-0.008933467480940038,-0.01831247740434705,-0.4949543431471657,0.008933467480940038,0.01831247740434705,0.4949543431471657,0.008933467480940038,-0.009379009923407011,-0.48602087566622565,0.008933467480940038,0.009379009923407011,0.48602087566622565
100,110,0.05,0.3,1.0,18,call,4.363145562089792,0.029954187552767002,0.013063541031442583,4.38447665683329,0.0015368569164608754,1.0713852991246526,4.36314556208979,0.02995418755276699,4.03376907237983,379.8815641502679,0.01275124994572252,1.7763568394002505e-15,1.3877787807814457e-17,4.374347192713424,2.8708018362522125e-05,4.057238320310715,5.00003807246685e-06,0.02133109474349837,0.01120163062363222,-0.30590724177907713,0.02133109474349837,0.01120163062363222,0.30590724177907713,-0.02133109474349837,-0.01012946411986615,-0.3272383365225755,0.02133109474349837,0.01012946411986615,0.3272383365225755
100,110,0.05,0.3,1.0,26,call,4.304620957192057,0.029506083270839867,0.01989883405622095,4.287296200418517,0.0015186587061812432,1.0730391525250533,4.304620957192059,0.029506083270839877,3.937307772350665,377.4876598547448,0.021645459113642573,-1.7763568394002505e-15,-1.0408340855860843e-17,4.276489416678921,2.6791938580572605e-05,4.057238320310715,3.7919962778687477e-06,-0.017324756773540173,-0.02813154051313571,-0.24738263688134232,0.017324756773540173,0.02813154051313571,0.24738263688134232,0.017324756773540173,-0.010806783739595538,-0.23005788010780215,0.017324756773540173,0.010806783739595538,0.23005788010780215
100,110,0.05,0.3,1.0,36,call,4.23935755885171,0.029204385588164468,0.03094883298035711,4.228991517195477,0.0014981462725686323,1.0751750050771232,4.239357558851708,0.029204385588164457,3.8772628559948115,380.003600474855,0.02532958402298391,1.7763568394002505e-15,1.0408340855860843e-17,4.215455034934627,3.15000070258975e-05,4.057238320310715,4.624947905540466e-06,-0.01036604165623256,-0.023902523917082696,-0.1821192385409951,0.01036604165623256,0.023902523917082696,0.1821192385409951,0.01036604165623256,-0.013536482260850136,-0.17175319688476254,0.01036604165623256,0.013536482260850136,0.17175319688476254
100,110,0.05,0.3,1.0,52,call,4.188570658983242,0.02884099213593404,0.039614457986317575,4.178476930860552,0.0014654519110258645,1.0758795068622877,4.188570658983243,0.02884099213593405,3.8293629381332432,387.32653355990266,0.034636624972335994,-1.7763568394002505e-15,-1.0408340855860843e-17,4.166699350985522,3.5624951124191284e-05,4.057238320310715,4.500034265220165e-06,-0.010093728122689605,-0.021871307997719747,-0.13133233867252692,0.010093728122689605,0.021871307997719747,0.13133233867252692,0.010093728122689605,-0.011777579875030142,-0.12123861054983731,0.010093728122689605,0.011777579875030142,0.12123861054983731
100,110,0.05,0.3,1.0,78,call,4.1458534885034455,0.02868847964004993,0.06252766691613942,4.1440338869123385,0.0014626939390755234,1.0772860319430182,4.145853488503445,0.02868847964004993,3.793517859977276,384.6875603759226,0.052235082956030965,8.881784197001252e-16,0.0,4.130175176289378,0.000343875028192997,4.057238320310715,4.249974153935909e-06,-0.0018196015911069452,-0.015678312214067347,-0.08861516819273074,0.0018196015911069452,0.015678312214067347,0.08861516819273074,0.0018196015911069452,-0.013858710622960402,-0.0867955666016238,0.0018196015911069452,0.013858710622960402,0.0867955666016238
100,110,0.05,0.3,1.0,126,call,4.125370485286603,0.028558748578996918,0.10256416699849069,4.113997087380698,0.0014415993671575145,1.076031440638882,4.125370485286601,0.02855874857899691,3.7662535060804263,392.45437982711314,0.08723266702145338,1.7763568394002505e-15,6.938893903907228e-18,4.1023720501578,0.00017437501810491085,4.057238320310715,4.749977961182594e-06,-0.011373397905905414,-0.022998435128803507,-0.06813216497588837,0.011373397905905414,0.022998435128803507,0.06813216497588837,0.011373397905905414,-0.011625037222898094,-0.05675876706998295,0.011373397905905414,0.011625037222898094,0.05675876706998295
100,110,0.05,0.3,1.0,180,call,4.115147548607942,0.028569507140025076,0.1749175419099629,4.103715306747805,0.0014595230195742083,1.0781138765609046,4.115147548607943,0.028569507140025083,3.7529766675522067,383.16302962293514,0.13998041697777808,-1.7763568394002505e-15,-6.938893903907228e-18,4.088825877241842,0.00032245798502117395,4.057238320310715,4.459056071937084e-06,-0.011432241860136472,-0.026321671366099864,-0.05790922829722689,0.011432241860136472,0.026321671366099864,0.05790922829722689,0.011432241860136472,-0.014889429505963392,-0.04647698643709042,0.011432241860136472,0.014889429505963392,0.04647698643709042
100,110,0.05,0.3,1.0,252,call,4.110352703632958,0.02867003708021536,0.21371875004842877,4.096770156434151,0.001480135682911618,1.079525185335786,4.110352703632956,0.028670037080215354,3.744130746842806,375.19189836162695,0.20166887494269758,1.7763568394002505e-15,6.938893903907228e-18,4.079797970691952,0.0003607909893617034,4.057238320310715,4.583969712257385e-06,-0.013582547198806694,-0.03055473294100608,-0.053114383322243164,0.013582547198806694,0.03055473294100608,0.053114383322243164,0.013582547198806694,-0.016972185742199386,-0.03953183612343647,0.013582547198806694,0.016972185742199386,0.03953183612343647
100,110,0.05,0.4,1.0,4,call,8.254156534936184,0.05425919249257107,0.0036045840242877603,8.16568690905437,0.0034839366531723612,1.065655035514572,8.254156534936184,0.05425919249257107,7.54358434848785,242.55272189947038,0.004513917025178671,0.0,0.0,8.193649016776428,1.5625031664967537e-05,6.284273495091239,3.416091203689575e-06,-0.08846962588181384,-0.0605075181597563,-1.9698830398449454,0.08846962588181384,0.0605075181597563,1.9698830398449454,0.08846962588181384,0.02796210772205754,-1.8814134139631316,0.08846962588181384,0.02796210772205754,1.8814134139631316
100,110,0.05,0.4,1.0,6,call,7.525169734453056,0.04980418447343765,0.0045877499505877495,7.530579646708484,0.0032078978065334337,1.0760134393678515,7.525169734453054,0.049804184473437645,6.893148043821433,241.04083158102947,0.005523792002350092,1.7763568394002505e-15,6.938893903907228e-18,7.554575564668879,2.53340695053339e-05,6.284273495091239,2.7919886633753777e-06,0.005409912255427862,0.02940583021582288,-1.2408962393618168,0.005409912255427862,0.02940583021582288,1.2408962393618168,-0.005409912255427862,0.02399591796039502,-1.2463061516172447,0.005409912255427862,0.02399591796039502,1.2463061516172447
100,110,0.05,0.4,1.0,8,call,7.208803598119994,0.04787940173653945,0.005746333044953644,7.215523472508565,0.003107758477762217,1.0807395487493925,7.208803598119994,0.04787940173653945,6.572762675164152,237.35747352159296,0.006679416983388364,0.0,0.0,7.235941381191658,1.5291967429220676e-05,6.284273495091239,2.583954483270645e-06,0.006719874388570801,0.027137783071664145,-0.9245301030287552,0.006719874388570801,0.027137783071664145,0.9245301030287552,-0.006719874388570801,0.020417908683093344,-0.931249977417326,0.006719874388570801,0.020417908683093344,0.931249977417326
100,110,0.05,0.4,1.0,12,call,6.913922579458489,0.04608048924691689,0.0089641670929268,6.90068088567805,0.0029705675680268585,1.0858018572214467,6.913922579458486,0.04608048924691688,6.25559008547995,240.63305926529432,0.008469583000987768,2.6645352591003757e-15,1.3877787807814457e-17,6.917975768504215,1.6750069335103035e-05,6.284273495091239,2.5830231606960297e-06,-0.013241693780438268,0.004053189045726491,-0.6296490843672498,0.013241693780438268,0.004053189045726491,0.6296490843672498,0.013241693780438268,0.01729488282616476,-0.6164073905868115,0.013241693780438268,0.01729488282616476,0.6164073905868115
100,110,0.05,0.4,1.0,18,call,6.659491234179159,0.044684948588766905,0.013034167001023889,6.689956354537711,0.0028485260017915054,1.089965609713736,6.659491234179157,0.0446849485887669,6.045925735250618,246.0833038981279,0.01217537501361221,1.7763568394002505e-15,6.938893903907228e-18,6.7063969549197555,1.9875005818903446e-05,6.284273495091239,2.7919886633753777e-06,0.030465120358551978,0.046905720740596735,-0.3752177390879199,0.030465120358551978,0.046905720740596735,0.3752177390879199,-0.030465120358551978,0.016440600382044757,-0.40568285944647187,0.030465120358551978,0.016440600382044757,0.40568285944647187
100,110,0.05,0.4,1.0,26,call,6.585435151891348,0.044035956208276814,0.020792916999198496,6.5592045320388515,0.002808621681831694,1.0916783960755863,6.58543515189135,0.04403595620827682,5.9176112587340794,245.82631669095406,0.017553166951984167,-1.7763568394002505e-15,-6.938893903907228e-18,6.5763617818247635,2.26249685510993e-05,6.284273495091239,2.9170187190175056e-06,-0.026230619852496417,-0.009073370066584374,-0.301161656800109,0.026230619852496417,0.009073370066584374,0.301161656800109,0.026230619852496417,0.017157249785912043,-0.27493103694761256,0.026230619852496417,0.017157249785912043,0.27493103694761256
100,110,0.05,0.4,1.0,36,call,6.499544785085994,0.043632142597719935,0.03129579208325595,6.482622618180408,0.0027782497738438727,1.0943435220360682,6.499544785085991,0.04363214259771993,5.8376895243020055,246.6439713399346,0.024969000020064414,2.6645352591003757e-15,6.938893903907228e-18,6.495156774086981,3.27499583363533e-05,6.284273495091239,4.58303838968277e-06,-0.016922166905585456,-0.00438801099901287,-0.21527128999475487,0.016922166905585456,0.00438801099901287,0.21527128999475487,0.016922166905585456,0.012534155906572586,-0.1983491230891694,0.016922166905585456,0.012534155906572586,0.1983491230891694
100,110,0.05,0.4,1.0,52,call,6.428148910788442,0.04311799881416694,0.039547375054098666,6.4136344439550905,0.0027167252445409323,1.0950703453728479,6.428148910788444,0.043117998814166954,5.773904450711063,251.89860115007815,0.03323625004850328,-1.7763568394002505e-15,-1.3877787807814457e-17,6.430230721023172,4.9875001423060894e-05,6.284273495091239,4.833098500967026e-06,-0.014514466833351669,0.002081810234729531,-0.1438754156972033,0.014514466833351669,0.002081810234729531,0.1438754156972033,0.014514466833351669,0.0165962770680812,-0.12936094886385163,0.014514466833351669,0.0165962770680812,0.12936094886385163
100,110,0.05,0.4,1.0,78,call,6.371948628405085,0.042917825508866164,0.06022604100871831,6.368771709821054,0.0027204586578278376,1.096807332970842,6.371948628405083,0.042917825508866164,5.726154550014229,248.88066504357815,0.051966500002890825,1.7763568394002505e-15,0.0,6.381558682428107,0.00011300004553049803,6.284273495091239,5.041947588324547e-06,-0.0031769185840309078,0.009610054023021952,-0.08767513331384613,0.0031769185840309078,0.009610054023021952,0.08767513331384613,0.0031769185840309078,0.01278697260705286,-0.08449821472981522,0.0031769185840309078,0.01278697260705286,0.08449821472981522
100,110,0.05,0.4,1.0,126,call,6.343786888029217,0.04270770765702309,0.10143525002058595,6.327524992102936,0.002658608887656157,1.0949732606973779,6.343786888029214,0.04270770765702308,5.689824848966069,258.04985415463307,0.08893091604113579,2.6645352591003757e-15,1.3877787807814457e-17,6.344488333562288,0.00021445797756314278,6.284273495091239,4.459056071937084e-06,-0.0162618959262808,0.0007014455330711655,-0.05951339293797808,0.0162618959262808,0.0007014455330711655,0.05951339293797808,0.0162618959262808,0.016963341459351966,-0.04325149701169728,0.0162618959262808,0.016963341459351966,0.04325149701169728
100,110,0.05,0.4,1.0,180,call,6.3326367621130055,0.042777414311089425,0.15416899998672307,6.315247747148726,0.002708184672360232,1.0978069265637354,6.332636762113007,0.04277741431108943,5.672130173884807,249.50112517771808,0.14833837503101677,-1.7763568394002505e-15,-6.938893903907228e-18,6.326420685104038,0.00024504191242158413,6.284273495091239,4.584086127579212e-06,-0.017389014964279248,-0.006216077008967424,-0.04836326702176663,0.017389014964279248,0.006216077008967424,0.04836326702176663,0.017389014964279248,0.011172937955311824,-0.030974252057487384,0.017389014964279248,0.011172937955311824,0.030974252057487384
100,110,0.05,0.4,1.0,252,call,6.329515044387023,0.04295947093903225,0.21322333405259997,6.307573056195096,0.002761999290375519,1.099755357454575,6.32951504438702,0.04295947093903224,5.660339571496908,241.91941473179577,0.21531054191291332,2.6645352591003757e-15,6.938893903907228e-18,6.314377104625304,0.00036541593726724386,6.284273495091239,5.00003807246685e-06,-0.021941988191926498,-0.0151379397617184,-0.045241549295783834,0.021941988191926498,0.0151379397617184,0.045241549295783834,0.021941988191926498,0.006804048430208098,-0.023299561103857336,0.021941988191926498,0.006804048430208098,0.023299561103857336
100,110,0.05,0.5,1.0,4,call,10.977441163762473,0.07354663956133513,0.003828790970146656,10.85208201660703,0.005777127739015898,1.0823045186350462,10.977441163762473,0.07354663956133513,9.855436682164363,162.06966234005418,0.004823417053557932,0.0,0.0,10.929285491978481,2.104195300489664e-05,8.580754024415477,4.083034582436085e-06,-0.12535914715544294,-0.048155671783991494,-2.396687139346996,0.12535914715544294,0.048155671783991494,2.396687139346996,0.12535914715544294,0.07720347537145145,-2.2713279921915532,0.12535914715544294,0.07720347537145145,2.2713279921915532
100,110,0.05,0.5,1.0,6,call,10.064646542861169,0.06753021847319818,0.004749082960188389,10.07041392841437,0.005299055515327808,1.0947167841806889,10.064646542861167,0.06753021847319815,9.050627923955638,162.40499059529802,0.005917208036407828,1.7763568394002505e-15,2.7755575615628914e-17,10.145800076668325,1.966708805412054e-05,8.580754024415477,3.2919924706220627e-06,0.005767385553200555,0.0811535338071554,-1.4838925184456926,0.005767385553200555,0.0811535338071554,1.4838925184456926,-0.005767385553200555,0.07538614825395484,-1.4896599039988931,0.005767385553200555,0.07538614825395484,1.4896599039988931
100,110,0.05,0.5,1.0,8,call,9.67380572398376,0.06500373133773539,0.0061760409735143185,9.681852348954996,0.0051304745732463075,1.100346748959018,9.67380572398376,0.06500373133773539,8.65461876801611,160.53195483053355,0.006906582973897457,0.0,0.0,9.75425901209858,3.3833086490631104e-05,8.580754024415477,3.3329706639051437e-06,0.008046624971235872,0.08045328811481944,-1.0930516995682833,0.008046624971235872,0.08045328811481944,1.0930516995682833,-0.008046624971235872,0.07240666314358357,-1.1010983245395192,0.008046624971235872,0.07240666314358357,1.1010983245395192
100,110,0.05,0.5,1.0,12,call,9.310272673348415,0.0626103567699966,0.009154667030088603,9.292192765094931,0.004883109859009569,1.1060412873842316,9.310272673348413,0.06261035676999659,8.262776387377588,164.39907398121395,0.009350625099614263,1.7763568394002505e-15,1.3877787807814457e-17,9.362888344328562,2.850010059773922e-05,8.580754024415477,4.958012141287327e-06,-0.018079908253483268,0.0526156709801473,-0.7295186489329382,0.018079908253483268,0.0526156709801473,0.7295186489329382,0.018079908253483268,0.07069557923363057,-0.7114387406794549,0.018079908253483268,0.07069557923363057,0.7114387406794549
100,110,0.05,0.5,1.0,18,call,8.990474085834125,0.06077784590118073,0.01425391691736877,9.030980116184393,0.004681576132854533,1.111049469846806,8.990474085834123,0.060777845901180724,8.003827565190718,168.54133383663944,0.012539457995444536,1.7763568394002505e-15,6.938893903907228e-18,9.10208141872118,2.5875051505863667e-05,8.580754024415477,4.333094693720341e-06,0.040506030350268674,0.11160733288705593,-0.40972006141864803,0.040506030350268674,0.11160733288705593,0.40972006141864803,-0.040506030350268674,0.07110130253678726,-0.4502260917689167,0.040506030350268674,0.07110130253678726,0.4502260917689167
100,110,0.05,0.5,1.0,26,call,8.90294975364039,0.059861080224044474,0.02153083391021937,8.868147461243819,0.004610022174633768,1.1126612843072612,8.902949753640392,0.059861080224044474,7.845369928231714,168.60989987774173,0.022394167026504874,-1.7763568394002505e-15,0.0,8.941630859786038,2.7333968318998814e-05,8.580754024415477,3.1659146770834923e-06,-0.03480229239657184,0.03868110614564735,-0.322195729224914,0.03480229239657184,0.03868110614564735,0.322195729224914,0.03480229239657184,0.07348339854221919,-0.2873934368283422,0.03480229239657184,0.07348339854221919,0.2873934368283422
100,110,0.05,0.5,1.0,36,call,8.79785004937023,0.05936153188968967,0.0324498750269413,8.774820832153107,0.004570879105311837,1.1160169644531632,8.797850049370227,0.059361531889689664,7.74667768384937,168.6594695356536,0.025725374929606915,1.7763568394002505e-15,6.938893903907228e-18,8.841367887188175,3.0791969038546085e-05,8.580754024415477,4.083034582436085e-06,-0.02302921721712181,0.04351783781794616,-0.21709602495475266,0.02302921721712181,0.04351783781794616,0.21709602495475266,0.02302921721712181,0.06654705503506797,-0.19406680773763085,0.02302921721712181,0.06654705503506797,0.19406680773763085
100,110,0.05,0.5,1.0,52,call,8.705329238268531,0.0586664180065507,0.04021608305629343,8.68711709407606,0.004471993907157458,1.116763837776184,8.705329238268533,0.0586664180065507,7.6679133197629135,172.0983625858028,0.03462137491442263,-1.7763568394002505e-15,0.0,8.761168111879638,3.833300434052944e-05,8.580754024415477,4.166970029473305e-06,-0.018212144192471413,0.05583887361110662,-0.12457521385305448,0.018212144192471413,0.05583887361110662,0.12457521385305448,0.018212144192471413,0.07405101780357803,-0.10636306966058307,0.018212144192471413,0.07405101780357803,0.10636306966058307
100,110,0.05,0.5,1.0,78,call,8.63740786981344,0.05842596503882824,0.06229504197835922,8.633493388657572,0.004487312994606205,1.118909194823003,8.637407869813439,0.05842596503882824,7.608950150626038,169.52707267116924,0.05324954097159207,1.7763568394002505e-15,0.0,8.701024579832128,0.00010995892807841301,8.580754024415477,4.708068445324898e-06,-0.0039144811558688986,0.06361671001868707,-0.05665384539796392,0.0039144811558688986,0.06361671001868707,0.05665384539796392,0.0039144811558688986,0.06753119117455597,-0.05273936424209502,0.0039144811558688986,0.06753119117455597,0.05273936424209502
100,110,0.05,0.5,1.0,126,call,8.601548933765315,0.05809711716207981,0.10346358304377645,8.579502003876113,0.004347547992217759,1.116311672028881,8.601548933765311,0.05809711716207981,7.56408899918853,178.57489190147064,0.08745237498078495,3.552713678800501e-15,0.0,8.655204610385944,0.0001360839232802391,8.580754024415477,4.500034265220165e-06,-0.02204692988920165,0.05365567662062887,-0.02079490934983852,0.02204692988920165,0.05365567662062887,0.02079490934983852,0.02204692988920165,0.07570260650983052,0.00125202053936313,0.02204692988920165,0.07570260650983052,0.00125202053936313
100,110,0.05,0.5,1.0,180,call,8.591501500516221,0.05827972065019677,0.14998412504792213,8.567545147919235,0.0044551440953915274,1.120101313677951,8.591501500516225,0.05827972065019677,7.542238958018787,171.12419271314357,0.1419015839928761,-3.552713678800501e-15,0.0,8.632868537982313,0.0002126250183209777,8.580754024415477,4.500034265220165e-06,-0.023956352596986363,0.041367037466091716,-0.01074747610074489,0.023956352596986363,0.041367037466091716,0.01074747610074489,0.023956352596986363,0.06532339006307808,0.013208876496241473,0.023956352596986363,0.06532339006307808,0.013208876496241473
100,110,0.05,0.5,1.0,252,call,8.591867775397587,0.05858791435197018,0.2145493330899626,8.559944409059177,0.004573074806130486,1.1227535987628323,8.591867775397583,0.05858791435197018,7.527679454152104,164.1343443991049,0.19805820903275162,3.552713678800501e-15,0.0,8.61797824890878,0.0003546660300344229,8.580754024415477,4.416913725435734e-06,-0.03192336633840931,0.026110473511193888,-0.011113750982110204,0.03192336633840931,0.026110473511193888,0.011113750982110204,0.03192336633840931,0.0580338398496032,0.020809615356299105,0.03192336633840931,0.0580338398496032,0.020809615356299105
100,110,0.05,0.6,1.0,4,call,13.707682974542207,0.0948532771328836,0.003577709081582725,13.537499695002023,0.0088947826518033,1.100914678204851,13.707682974542207,0.0948532771328836,12.073091087581219,113.71925334786091,0.004546666983515024,0.0,0.0,13.691941952621473,1.870805863291025e-05,10.923727386881767,3.0420487746596336e-06,-0.17018327954018453,-0.0157410219207339,-2.78395558766044,0.17018327954018453,0.0157410219207339,2.78395558766044,0.17018327954018453,0.15444225761945063,-2.6137723081202555,0.17018327954018453,0.15444225761945063,2.6137723081202555
100,110,0.05,0.6,1.0,6,call,12.609050312312627,0.08698742304392665,0.004529749974608421,12.613238509367239,0.008126088801828813,1.1156412299107492,12.609050312312622,0.08698742304392663,11.117426891261596,114.59081351283041,0.005584583035670221,5.329070518200751e-15,1.3877787807814457e-17,12.770413274692363,1.49579718708992e-05,10.923727386881767,2.4579931050539017e-06,0.00418819705461182,0.16136296237973546,-1.6853229254308602,0.00418819705461182,0.16136296237973546,1.6853229254308602,-0.00418819705461182,0.15717476532512364,-1.689511122485472,0.00418819705461182,0.15717476532512364,1.689511122485472
100,110,0.05,0.6,1.0,8,call,12.144087682729168,0.08379759138191438,0.005866292049176991,12.153307866792227,0.007864007376000234,1.1222848232703335,12.144087682729168,0.08379759138191438,10.648122940547,113.5468909414614,0.006753457942977548,0.0,0.0,12.309176518042381,1.5459023416042328e-05,10.923727386881767,2.500019036233425e-06,0.009220184063059023,0.16508883531321317,-1.2203602958474011,0.009220184063059023,0.16508883531321317,1.2203602958474011,-0.009220184063059023,0.15586865125015414,-1.2295804799104602,0.009220184063059023,0.15586865125015414,1.2295804799104602
100,110,0.05,0.6,1.0,12,call,11.714135110062228,0.08070125916016849,0.008286459022201598,11.690245211896325,0.007446300254342762,1.128540895522685,11.714135110062225,0.08070125916016846,10.184310979710556,117.45717023441865,0.00876804196741432,3.552713678800501e-15,2.7755575615628914e-17,11.8476468597977,1.7874990589916706e-05,10.923727386881767,2.749962732195854e-06,-0.023889898165903034,0.1335117497354723,-0.7904077231804614,0.023889898165903034,0.1335117497354723,0.7904077231804614,0.023889898165903034,0.15740164790137534,-0.7665178250145583,0.023889898165903034,0.15740164790137534,0.7665178250145583
100,110,0.05,0.6,1.0,18,call,11.328281698226617,0.0783892866627219,0.013646041974425316,11.380285120989647,0.007138316281683718,1.1345473311899696,11.328281698226615,0.07838928666272188,9.878081297501712,120.59293124050033,0.013092875014990568,1.7763568394002505e-15,1.3877787807814457e-17,11.539801460793635,2.116698306053877e-05,10.923727386881767,2.834014594554901e-06,0.05200342276303083,0.21151976256701843,-0.40455431134484954,0.05200342276303083,0.21151976256701843,0.40455431134484954,-0.05200342276303083,0.1595163398039876,-0.45655773410788036,0.05200342276303083,0.1595163398039876,0.45655773410788036
100,110,0.05,0.6,1.0,26,call,11.228497697241398,0.07710362107747562,0.022895250003784895,11.185224588551975,0.007013652928029755,1.135838546960091,11.2284976972414,0.07710362107747562,9.690793675873758,120.85399394772358,0.02181575004942715,-1.7763568394002505e-15,0.0,11.350295069404746,2.775003667920828e-05,10.923727386881767,3.500026650726795e-06,-0.04327310868942291,0.12179737216334807,-0.30477031035963087,0.04327310868942291,0.12179737216334807,0.30477031035963087,0.04327310868942291,0.16507048085277098,-0.26149720167020796,0.04327310868942291,0.16507048085277098,0.26149720167020796
100,110,0.05,0.6,1.0,36,call,11.105574784368729,0.07652456735162932,0.03508454200346023,11.07680092451615,0.006973550996448037,1.140071470510697,11.105574784368729,0.07652456735162932,9.574182526108277,120.41866368968172,0.02551604202017188,0.0,0.0,11.231828996665822,3.7207966670393944e-05,10.923727386881767,4.666042514145374e-06,-0.02877385985257952,0.1262542122970931,-0.18184739748696188,0.02877385985257952,0.1262542122970931,0.18184739748696188,0.02877385985257952,0.15502807214967262,-0.15307353763438236,0.02877385985257952,0.15502807214967262,0.15307353763438236
100,110,0.05,0.6,1.0,52,call,10.991216480474938,0.07560908832584276,0.03999016701709479,10.969995709639704,0.00682689452922322,1.1407916043758777,10.99121648047494,0.07560908832584277,9.481137202921031,122.6596203828948,0.034778625005856156,-1.7763568394002505e-15,-1.3877787807814457e-17,11.137042408257555,5.804200191050768e-05,10.923727386881767,4.790956154465675e-06,-0.021220770835233438,0.14582592778261727,-0.06748909359317068,0.021220770835233438,0.14582592778261727,0.06748909359317068,0.021220770835233438,0.1670466986178507,-0.04626832275793724,0.021220770835233438,0.1670466986178507,0.04626832275793724
100,110,0.05,0.6,1.0,78,call,10.912666779025008,0.07534313935078904,0.06294866697862744,10.908615416484055,0.006866994461912919,1.1434676004191757,10.912666779025008,0.07534313935078904,9.411494439879009,120.37991435849024,0.05197604198474437,0.0,0.0,11.065944393742345,0.00010412500705569983,10.923727386881767,4.166970029473305e-06,-0.004051362540952397,0.15327761471733758,0.01106060785675922,0.004051362540952397,0.15327761471733758,0.01106060785675922,0.004051362540952397,0.15732897725828998,0.015111970397711616,0.004051362540952397,0.15732897725828998,0.015111970397711616
100,110,0.05,0.6,1.0,126,call,10.868218964510843,0.07483959903224802,0.1017587500391528,10.840210826471397,0.006591487247011882,1.1398502246404572,10.86821896451084,0.074839599032248,9.358514150128352,128.91280899144078,0.08745154202915728,3.552713678800501e-15,1.3877787807814457e-17,11.011769799761671,0.00021091708913445473,10.923727386881767,4.875008016824722e-06,-0.02800813803944635,0.1435508352508279,0.05550842237092368,0.02800813803944635,0.1435508352508279,0.05550842237092368,0.02800813803944635,0.17155897329027425,0.08351656041037003,0.02800813803944635,0.17155897329027425,0.08351656041037003
100,110,0.05,0.6,1.0,180,call,10.862131816781277,0.07521319533847255,0.15130029199644923,10.830842892997516,0.006794528229460343,1.1448569419294468,10.862131816781279,0.07521319533847255,9.332711531764538,122.5376265994016,0.14525220799259841,-1.7763568394002505e-15,0.0,10.985358210157449,0.0002335830358788371,10.923727386881767,4.625064320862293e-06,-0.03128892378376058,0.12322639337617147,0.061595570100489994,0.03128892378376058,0.12322639337617147,0.061595570100489994,0.03128892378376058,0.15451531715993205,0.09288449388425057,0.03128892378376058,0.15451531715993205,0.09288449388425057
100,110,0.05,0.6,1.0,252,call,10.868064111507891,0.07570551173019363,0.21984299994073808,10.824481016716371,0.007022328624501089,1.1483893275556603,10.86806411150789,0.07570551173019362,9.315518969300802,116.22316557806799,0.2036717910086736,1.7763568394002505e-15,1.3877787807814457e-17,10.967749944593088,0.0003551250556483865,10.923727386881767,4.916917532682419e-06,-0.04358309479152034,0.09968583308519641,0.05566327537387572,0.04358309479152034,0.09968583308519641,0.05566327537387572,0.04358309479152034,0.14326892787671675,0.09924637016539606,0.04358309479152034,0.14326892787671675,0.09924637016539606
100,120,0.05,0.1,1.0,4,call,0.04155077985392723,0.0015291095893037552,0.0035143749555572867,0.03783267953116097,0.00010095469438143244,1.0713128214642744,0.041550779853927244,0.0015291095893037552,0.03361713749554598,229.41625546166654,0.0045499170664697886,-1.3877787807814457e-17,0.0,0.03603353058701798,2.6415917091071606e-05,0.006392603976818298,3.500026650726795e-06,-0.00371810032276626,-0.0055172492669092535,-0.035158175877108934,0.00371810032276626,0.0055172492669092535,0.035158175877108934,0.00371810032276626,-0.0017991489441429934,-0.031440075554342674,0.00371810032276626,0.0017991489441429934,0.031440075554342674
100,120,0.05,0.1,1.0,6,call,0.023717217841025613,0.0010683732892111462,0.004442833014763892,0.023787886194196577,8.90397259110247e-05,1.101464246339398,0.023717217841025567,0.001068373289211145,0.020285241036846865,143.97212478862107,0.0053844579961150885,4.5102810375396984e-17,1.3010426069826053e-18,0.022047968349898903,2.0042061805725098e-05,0.006392603976818298,2.7080532163381577e-06,7.066835317096412e-05,-0.0016692494911267099,-0.017324613864207312,7.066835317096412e-05,0.0016692494911267099,0.017324613864207312,-7.066835317096412e-05,-0.001739917844297674,-0.01739528221737828,7.066835317096412e-05,0.001739917844297674,0.01739528221737828
100,120,0.05,0.1,1.0,8,call,0.018532583173254062,0.0009574721975943324,0.005690500023774803,0.018230509477514506,8.304773398055763e-05,1.1092850972407602,0.018532583173254062,0.0009574721975943324,0.015303968986758842,132.92197035430024,0.006716375006362796,0.0,0.0,0.01676572400848849,2.0915991626679897e-05,0.006392603976818298,2.750079147517681e-06,-0.00030207369573955617,-0.0017668591647655718,-0.012139979196435764,0.00030207369573955617,0.0017668591647655718,0.012139979196435764,0.00030207369573955617,-0.0014647854690260156,-0.011837905500696208,0.00030207369573955617,0.0014647854690260156,0.011837905500696208
100,120,0.05,0.1,1.0,12,call,0.014505438394262484,0.000826202556877217,0.008792790933512151,0.01367234106092055,7.509819278523395e-05,1.1211557787877453,0.014505438394262455,0.0008262025568772161,0.011287766785694603,121.03587032904511,0.008923834073357284,2.949029909160572e-17,9.75781955236954e-19,0.012473293648757265,3.612495493143797e-05,0.006392603976818298,5.583977326750755e-06,-0.0008330973333419353,-0.0020321447455052197,-0.008112834417444186,0.0008330973333419353,0.0020321447455052197,0.008112834417444186,0.0008330973333419353,-0.0011990474121632844,-0.007279737084102251,0.0008330973333419353,0.0011990474121632844,0.007279737084102251
100,120,0.05,0.1,1.0,18,call,0.011485704809940432,0.00073931335011647,0.013286583009175956,0.011188114955433955,7.209082790904481e-05,1.124421254048749,0.011485704809940406,0.000739313350116469,0.009087020282033136,105.17125851000263,0.01509470900055021,2.6020852139652106e-17,9.75781955236954e-19,0.010104203166820673,4.1207997128367424e-05,0.006392603976818298,4.707952030003071e-06,-0.0002975898545064769,-0.001381501643119759,-0.0050931008331221335,0.0002975898545064769,0.001381501643119759,0.0050931008331221335,0.0002975898545064769,-0.0010839117886132822,-0.004795510978615657,0.0002975898545064769,0.0010839117886132822,0.004795510978615657
100,120,0.05,0.1,1.0,26,call,0.009702092554834365,0.0006222315391229048,0.022501082974486053,0.009833698811239671,6.672390913771588e-05,1.146768324002746,0.00970209255483439,0.0006222315391229056,0.007903930183886966,86.96431418062706,0.017845916911028326,-2.42861286636753e-17,-7.589415207398531e-19,0.008824281097695265,4.012498538941145e-05,0.006392603976818298,3.875000402331352e-06,0.0001316062564053061,-0.0008778114571391001,-0.0033094885780160666,0.0001316062564053061,0.0008778114571391001,0.0033094885780160666,-0.0001316062564053061,-0.0010094177135444062,-0.0034410948344213727,0.0001316062564053061,0.0010094177135444062,0.0034410948344213727
100,120,0.05,0.1,1.0,36,call,0.008697695380581436,0.0006057636115062405,0.0311789580155164,0.009174083455891349,6.901673908634358e-05,1.1483766074642485,0.008697695380581407,0.0006057636115062395,0.007226230603459701,77.03666817997868,0.024387332960031927,2.949029909160572e-17,1.0842021724855044e-18,0.008088766253919648,3.1374976970255375e-05,0.006392603976818298,4.041939973831177e-06,0.0004763880753099123,-0.0006089291266617881,-0.002305091403763138,0.0004763880753099123,0.0006089291266617881,0.002305091403763138,-0.0004763880753099123,-0.0010853172019717004,-0.0027814794790730502,0.0004763880753099123,0.0010853172019717004,0.0027814794790730502
100,120,0.05,0.1,1.0,52,call,0.008448923975288491,0.0005752669390079796,0.04010091698728502,0.008553945521515885,6.769689948244939e-05,1.1618198836292495,0.008448923975288517,0.0005752669390079808,0.0067166435973592346,72.21065330391765,0.034204666037112474,-2.6020852139652106e-17,-1.1926223897340549e-18,0.007534449145744788,4.1499966755509377e-05,0.006392603976818298,4.292000085115433e-06,0.00010502154622739346,-0.000914474829543703,-0.002056319998470193,0.00010502154622739346,0.000914474829543703,0.002056319998470193,-0.00010502154622739346,-0.0010194963757710965,-0.0021613415446975863,0.00010502154622739346,0.0010194963757710965,0.0021613415446975863
100,120,0.05,0.1,1.0,78,call,0.007826832723739992,0.0005601158439791128,0.059758416027761996,0.008121200104706124,6.50637488070406e-05,1.1640597930090095,0.007826832723739977,0.0005601158439791122,0.006352793940200266,74.11012575755147,0.05134437489323318,1.5612511283791264e-17,5.421010862427522e-19,0.007137947638496677,9.329104796051979e-05,0.006392603976818298,4.917033948004246e-06,0.00029436738096613214,-0.0006888850852433152,-0.0014342287469216938,0.00029436738096613214,0.0006888850852433152,0.0014342287469216938,-0.00029436738096613214,-0.0009832524662094473,-0.001728596127887826,0.00029436738096613214,0.0009832524662094473,0.001728596127887826
100,120,0.05,0.1,1.0,126,call,0.006977496824726952,0.0005179213388681732,0.1007820829981938,0.007835411091346684,6.5369768273054e-05,1.1550482221100686,0.00697749682472693,0.0005179213388681723,0.006085835012534959,62.77312054122056,0.08578383398707956,2.2551405187698492e-17,8.673617379884035e-19,0.006846629254395455,0.00038091593887656927,0.006392603976818298,4.375004209578037e-06,0.0008579142666197319,-0.0001308675703314971,-0.0005848928479086539,0.0008579142666197319,0.0001308675703314971,0.0005848928479086539,-0.0008579142666197319,-0.000988781836951229,-0.0014428071145283859,0.0008579142666197319,0.000988781836951229,0.0014428071145283859
100,120,0.05,0.1,1.0,180,call,0.007938966467722295,0.0005887555751356916,0.148678999976255,0.007677233065679324,6.7659127057513e-05,1.148174035995098,0.007938966467722318,0.0005887555751356926,0.005958847129038491,75.72116461130274,0.15114174992777407,-2.2551405187698492e-17,-9.75781955236954e-19,0.006707929120039905,0.0002604159526526928,0.006392603976818298,4.624947905540466e-06,-0.00026173340204297107,-0.0012310373476823906,-0.001546362490903997,0.00026173340204297107,0.0012310373476823906,0.001546362490903997,0.00026173340204297107,-0.0009693039456394196,-0.001284629088861026,0.00026173340204297107,0.0009693039456394196,0.001284629088861026
100,120,0.05,0.1,1.0,252,call,0.008477850814926503,0.0005962358187449051,0.21324070810806006,0.007682174644149029,7.186453675710385e-05,1.1601645853847238,0.008477850814926479,0.0005962358187449041,0.005875322552355995,68.83461130631666,0.2000298749189824,2.42861286636753e-17,9.75781955236954e-19,0.006616655827939301,0.000346458051353693,0.006392603976818298,4.582921974360943e-06,-0.0007956761707774741,-0.001861194986987202,-0.002085246838108205,0.0007956761707774741,0.001861194986987202,0.002085246838108205,0.0007956761707774741,-0.001065518816209728,-0.001289570667330731,0.0007956761707774741,0.001065518816209728,0.001289570667330731
100,120,0.05,0.2,1.0,4,call,1.056971807710626,0.012461815002136124,0.0035465420223772526,1.0227084188689775,0.0006917772494688345,1.0598107714392915,1.0569718077106258,0.012461815002136124,0.9413414699115502,324.5114680304062,0.004482583026401699,2.220446049250313e-16,0.0,1.0048230115699652,1.5542027540504932e-05,0.5007498033842315,3.500026650726795e-06,-0.03426338884164859,-0.052148796140660814,-0.5562220043263946,0.03426338884164859,0.052148796140660814,0.5562220043263946,0.03426338884164859,-0.017885407299012224,-0.521958615484746,0.03426338884164859,0.017885407299012224,0.521958615484746
100,120,0.05,0.2,1.0,6,call,0.8477082249638479,0.010691607127709632,0.004536624997854233,0.8406153568361497,0.000639056799433475,1.074241152127815,0.8477082249638473,0.010691607127709626,0.760238412538763,279.90268446909226,0.005544667015783489,5.551115123125783e-16,5.204170427930421e-18,0.819451517575888,1.6584061086177826e-05,0.5007498033842315,2.6670750230550766e-06,-0.00709286812769816,-0.028256707387959934,-0.3469584215796164,0.00709286812769816,0.028256707387959934,0.3469584215796164,0.00709286812769816,-0.021163839260261774,-0.33986555345191827,0.00709286812769816,0.021163839260261774,0.33986555345191827
100,120,0.05,0.2,1.0,8,call,0.7563418662510044,0.009929794839228238,0.005678083980455995,0.7554943257118948,0.0006209921229056185,1.0813335008355627,0.7563418662510044,0.009929794839228236,0.6765132163646109,255.68683570319328,0.006389459013007581,0.0,1.734723475976807e-18,0.7330344468964546,1.4792080037295818e-05,0.5007498033842315,2.459040842950344e-06,-0.0008475405391096258,-0.02330741935454983,-0.25559206286677294,0.0008475405391096258,0.02330741935454983,0.25559206286677294,0.0008475405391096258,-0.022459878815440204,-0.2547445223276633,0.0008475405391096258,0.022459878815440204,0.2547445223276633
100,120,0.05,0.2,1.0,12,call,0.675635585578604,0.00922002593802926,0.008240416063927114,0.6745534621959446,0.0005989200800822485,1.088929705022999,0.6756355855786035,0.009220025938029255,0.5975006906761432,236.98809921762123,0.008789958083070815,5.551115123125783e-16,5.204170427930421e-18,0.6510079978662665,1.929106656461954e-05,0.5007498033842315,3.0420487746596336e-06,-0.00108212338265945,-0.02462758771233753,-0.17488578219437256,0.00108212338265945,0.02462758771233753,0.17488578219437256,0.00108212338265945,-0.02354546432967808,-0.1738036588117131,0.00108212338265945,0.02354546432967808,0.1738036588117131
100,120,0.05,0.2,1.0,18,call,0.615475226913959,0.008718219124091061,0.01358204206917435,0.6230501142006105,0.0005832533762663002,1.095758329592116,0.6154752269139583,0.008718219124091056,0.5475015540174537,223.4297696948641,0.012453834060579538,6.661338147750939e-16,5.204170427930421e-18,0.5988405046307349,1.9834027625620365e-05,0.5007498033842315,3.250082954764366e-06,0.007574887286651566,-0.016634722283224046,-0.11472542352972748,0.007574887286651566,0.016634722283224046,0.11472542352972748,-0.007574887286651566,-0.024209609569875612,-0.12230031081637904,0.007574887286651566,0.024209609569875612,0.12230031081637904
100,120,0.05,0.2,1.0,26,call,0.5961239572322603,0.008413322506967694,0.02331366704311222,0.5931880407979634,0.0005813403104862105,1.1000221506965662,0.5961239572322609,0.0084133225069677,0.5178140154061129,209.44702573361585,0.017819166998378932,-5.551115123125783e-16,-5.204170427930421e-18,0.5677617975047503,2.2875028662383556e-05,0.5007498033842315,3.0830269679427147e-06,-0.0029359164342969146,-0.028362159727509995,-0.09537415384802883,0.0029359164342969146,0.028362159727509995,0.09537415384802883,0.0029359164342969146,-0.02542624329321308,-0.09243823741373192,0.0029359164342969146,0.02542624329321308,0.09243823741373192
100,120,0.05,0.2,1.0,36,call,0.5784831330137756,0.0082413406623465,0.03077075001783669,0.5753883315753721,0.0005770385238843045,1.1042285257786502,0.5784831330137752,0.008241340662346499,0.49968168603058766,203.9793090755752,0.025335459038615227,4.440892098500626e-16,1.734723475976807e-18,0.5487396790537362,4.283396992832422e-05,0.5007498033842315,4.332978278398514e-06,-0.0030948014384035716,-0.029743453960039412,-0.07773332962954416,0.0030948014384035716,0.029743453960039412,0.07773332962954416,0.0030948014384035716,-0.02664865252163584,-0.07463852819114059,0.0030948014384035716,0.02664865252163584,0.07463852819114059
100,120,0.05,0.2,1.0,52,call,0.5552584505401444,0.008078701202890448,0.04079662496224046,0.5594371179234765,0.0005587380944533143,1.1057709921072403,0.555258450540145,0.008078701202890452,0.4854111810935492,209.05787265441734,0.034395875059999526,-5.551115123125783e-16,-3.469446951953614e-18,0.5337467132145406,3.887503407895565e-05,0.5007498033842315,4.625064320862293e-06,0.0041786673833320576,-0.021511737325603852,-0.05450864715591297,0.0041786673833320576,0.021511737325603852,0.05450864715591297,-0.0041786673833320576,-0.02569040470893591,-0.05868731453924503,0.0041786673833320576,0.02569040470893591,0.05868731453924503
100,120,0.05,0.2,1.0,78,call,0.5472333812912277,0.008000795129661169,0.06291300000157207,0.549055416522095,0.000562917861036847,1.108410497660504,0.5472333812912273,0.008000795129661164,0.4748461650341399,202.0115692239405,0.05220145802013576,3.3306690738754696e-16,5.204170427930421e-18,0.5226339096643805,0.00029991602059453726,0.5007498033842315,4.917033948004246e-06,0.0018220352308673249,-0.02459947162684717,-0.0464835779069962,0.0018220352308673249,0.02459947162684717,0.0464835779069962,-0.0018220352308673249,-0.026421506857714494,-0.04830561313786352,0.0018220352308673249,0.026421506857714494,0.04830561313786352
100,120,0.05,0.2,1.0,126,call,0.5442630334633097,0.007906248521948815,0.1000183749711141,0.539703619132231,0.000552802412927838,1.1064544496518265,0.5442630334633093,0.00790624852194881,0.4668761918465399,204.55074391328355,0.0843949590343982,4.440892098500626e-16,5.204170427930421e-18,0.5142432727343649,0.00019529100973159075,0.5007498033842315,4.334026016294956e-06,-0.004559414331078759,-0.030019760728944855,-0.04351323007907826,0.004559414331078759,0.030019760728944855,0.04351323007907826,0.004559414331078759,-0.025460346397866096,-0.0389538157479995,0.004559414331078759,0.025460346397866096,0.0389538157479995
100,120,0.05,0.2,1.0,180,call,0.5402063685349325,0.007951651188246372,0.14386220800224692,0.5366968332078571,0.0005623087649919725,1.1096191993732296,0.5402063685349329,0.007951651188246376,0.46301583207343283,199.97004085059382,0.13755149999633431,-3.3306690738754696e-16,-3.469446951953614e-18,0.5101768294011287,0.00025120796635746956,0.5007498033842315,4.375004209578037e-06,-0.0035095353270754304,-0.030029539133803795,-0.03945656515070106,0.0035095353270754304,0.030029539133803795,0.03945656515070106,0.0035095353270754304,-0.026520003806728365,-0.03594702982362563,0.0035095353270754304,0.026520003806728365,0.03594702982362563
100,120,0.05,0.2,1.0,252,call,0.5432800147952496,0.008056063496007992,0.22226983401924372,0.5342147780292298,0.0005662869719422965,1.1111065048892639,0.5432800147952491,0.008056063496007989,0.46045137559820015,202.38234347910452,0.19776170898694545,4.440892098500626e-16,3.469446951953614e-18,0.5074746221285785,0.0003471659729257226,0.5007498033842315,4.624947905540466e-06,-0.00906523676601978,-0.03580539266667104,-0.04253021141101809,0.00906523676601978,0.03580539266667104,0.04253021141101809,0.00906523676601978,-0.026740155900651263,-0.03346497464499831,0.00906523676601978,0.026740155900651263,0.03346497464499831
100,120,0.05,0.3,1.0,4,call,3.0499030736461834,0.027722838674221133,0.0036284170346334577,2.9860647032019996,0.0017381865046651656,1.0673442386796153,3.049903073646183,0.027722838674221133,2.7374212823990627,254.3798154840459,0.004498290945775807,4.440892098500626e-16,0.0,2.962017080297968,1.6040983609855175e-05,1.8540130649054898,3.250082954764366e-06,-0.06383837044418383,-0.08788599334821523,-1.1958900087406936,0.06383837044418383,0.08788599334821523,1.1958900087406936,0.06383837044418383,-0.024047622904031396,-1.1320516382965098,0.06383837044418383,0.024047622904031396,1.1320516382965098
100,120,0.05,0.3,1.0,6,call,2.6174795393842274,0.02466751050481468,0.004467874998226762,2.6104192425570876,0.0016155191382850825,1.080922361160579,2.6174795393842256,0.02466751050481467,2.3567104769501666,233.14517342647375,0.006031040917150676,1.7763568394002505e-15,1.0408340855860843e-17,2.576288153078353,3.345799632370472e-05,1.8540130649054898,2.625049091875553e-06,-0.0070602968271398225,-0.04119138630587438,-0.7634664744787376,0.0070602968271398225,0.04119138630587438,0.7634664744787376,0.0070602968271398225,-0.034131089478734555,-0.7564061776515978,0.0070602968271398225,0.034131089478734555,0.7564061776515978
100,120,0.05,0.3,1.0,8,call,2.426715244908015,0.02334472289456629,0.005976125015877187,2.426518793658713,0.0015599774691848623,1.087489020922549,2.426715244908015,0.02334472289456629,2.173894683036047,223.9447030569224,0.006595166982151568,0.0,0.0,2.389178974674028,3.454193938523531e-05,1.8540130649054898,2.749962732195854e-06,-0.0001964512493017878,-0.03753627023398698,-0.5727021800025252,0.0001964512493017878,0.03753627023398698,0.5727021800025252,0.0001964512493017878,-0.03733981898468519,-0.5725057287532234,0.0001964512493017878,0.03733981898468519,0.5725057287532234
100,120,0.05,0.3,1.0,12,call,2.256454551323435,0.022100096318756594,0.00873754103668034,2.250092499377836,0.0015129246282126036,1.0944555533517337,2.256454551323434,0.022100096318756583,1.996369880461616,213.38001813753326,0.008441124926321208,8.881784197001252e-16,1.0408340855860843e-17,2.2062420296817424,1.7166021279990673e-05,1.8540130649054898,3.08395829051733e-06,-0.006362051945599134,-0.05021252164169265,-0.4024414864179453,0.006362051945599134,0.05021252164169265,0.4024414864179453,0.006362051945599134,-0.04385046969609352,-0.39607943447234617,0.006362051945599134,0.04385046969609352,0.39607943447234617
100,120,0.05,0.3,1.0,18,call,2.116297311031997,0.02117521189116857,0.014366166898980737,2.132436490154131,0.001444632569816042,1.1008167331429302,2.116297311031996,0.021175211891168562,1.8810672933155643,214.85265545828915,0.012731082970276475,8.881784197001252e-16,6.938893903907228e-18,2.08673764774775,2.1875021047890186e-05,1.8540130649054898,3.5419361665844917e-06,0.016139179122133918,-0.029559663284246973,-0.26228424612650714,0.016139179122133918,0.029559663284246973,0.26228424612650714,-0.016139179122133918,-0.04569884240638089,-0.27842342524864105,0.016139179122133918,0.04569884240638089,0.27842342524864105
100,120,0.05,0.3,1.0,26,call,2.070830194042276,0.020706220013108685,0.02024970797356218,2.0606036601342166,0.001431292702100982,1.1038390223492343,2.070830194042277,0.020706220013108696,1.8113591141742087,209.2881961183577,0.01707550010178238,-8.881784197001252e-16,-1.0408340855860843e-17,2.01421667595443,2.237502485513687e-05,1.8540130649054898,3.1669624149799347e-06,-0.010226533908059388,-0.05661351808784598,-0.2168171291367862,0.010226533908059388,0.05661351808784598,0.2168171291367862,0.010226533908059388,-0.046386984179786594,-0.2065905952287268,0.010226533908059388,0.046386984179786594,0.2065905952287268
100,120,0.05,0.3,1.0,36,call,2.032508137193984,0.02041833440186989,0.030688625061884522,2.018918756890755,0.001413008304659283,1.1076420504663107,2.0325081371939833,0.020418334401869888,1.7682833306538521,208.80995306360896,0.02390024997293949,8.881784197001252e-16,3.469446951953614e-18,1.9692973570688452,3.5334029234945774e-05,1.8540130649054898,4.499917849898338e-06,-0.013589380303228982,-0.06321078012513892,-0.17849507228849437,0.013589380303228982,0.06321078012513892,0.17849507228849437,0.013589380303228982,-0.04962139982190994,-0.1649056919852654,0.013589380303228982,0.04962139982190994,0.1649056919852654
100,120,0.05,0.3,1.0,52,call,1.980405555999967,0.020075451665314898,0.03905516699887812,1.984116616183582,0.0013866673596891377,1.108816706953791,1.9804055559999685,0.020075451665314905,1.7340985586778885,209.59748350318574,0.03315870801452547,-1.5543122344752192e-15,-6.938893903907228e-18,1.93359123991947,3.38749960064888e-05,1.8540130649054898,3.6249402910470963e-06,0.0037110601836150003,-0.04681431608049702,-0.12639249109447714,0.0037110601836150003,0.04681431608049702,0.12639249109447714,-0.0037110601836150003,-0.05052537626411202,-0.13010355127809214,0.0037110601836150003,0.05052537626411202,0.13010355127809214
100,120,0.05,0.3,1.0,78,call,1.9596357077174875,0.019947380450424494,0.06124420801643282,1.958801720693531,0.001385191422997005,1.1113911564656913,1.9596357077174869,0.01994738045042449,1.7086223481234428,207.37297315856236,0.05593666702043265,6.661338147750939e-16,3.469446951953614e-18,1.906947245329119,0.00016458297614008188,1.8540130649054898,6.332993507385254e-06,-0.0008339870239564284,-0.05268846238836855,-0.10562264281199774,0.0008339870239564284,0.05268846238836855,0.10562264281199774,0.0008339870239564284,-0.05185447536441212,-0.10478865578804131,0.0008339870239564284,0.05185447536441212,0.10478865578804131
100,120,0.05,0.3,1.0,126,call,1.947895541542726,0.019801408070461327,0.1035289999563247,1.9350907900318879,0.0013591514474464515,1.1091088387571884,1.9478955415427248,0.01980140807046132,1.689305971490746,212.25427387848924,0.08543395902961493,1.1102230246251565e-15,6.938893903907228e-18,1.8867258863960599,0.00013745808973908424,1.8540130649054898,4.541943781077862e-06,-0.012804751510838042,-0.06116965514666606,-0.09388247663723615,0.012804751510838042,0.06116965514666606,0.09388247663723615,0.012804751510838042,-0.048364903635828016,-0.0810777251263981,0.012804751510838042,0.048364903635828016,0.0810777251263981
100,120,0.05,0.3,1.0,180,call,1.9384257226425572,0.019856633485848808,0.15103158308193088,1.9292968779514608,0.0013778904604531928,1.1124809188869391,1.9384257226425583,0.019856633485848815,1.6799188796655502,207.67386831917258,0.1471947090467438,-1.1102230246251565e-15,-6.938893903907228e-18,1.8768928714190545,0.0003287079744040966,1.8540130649054898,4.66697383671999e-06,-0.009128844691096427,-0.061532851223502716,-0.08441265773706741,0.009128844691096427,0.061532851223502716,0.08441265773706741,0.009128844691096427,-0.05240400653240629,-0.07528381304597098,0.009128844691096427,0.05240400653240629,0.07528381304597098
100,120,0.05,0.3,1.0,252,call,1.9371883260293934,0.020010729482138803,0.21962079091463238,1.924748940745583,0.0013979165486291572,1.1144587815416966,1.9371883260293923,0.020010729482138792,1.6736716464147396,204.91009262105783,0.20094829192385077,1.1102230246251565e-15,1.0408340855860843e-17,1.8703466368423534,0.00036966707557439804,1.8540130649054898,4.458008334040642e-06,-0.0124393852838105,-0.06684168918704003,-0.08317526112390361,0.0124393852838105,0.06684168918704003,0.08317526112390361,0.0124393852838105,-0.05440230390322953,-0.07073587584009311,0.0124393852838105,0.05440230390322953,0.07073587584009311
100,120,0.05,0.4,1.0,4,call,5.454016240036686,0.045169796976600424,0.003632000065408647,5.360604149284975,0.003328438427951072,1.0799655900845946,5.454016240036686,0.045169796976600424,4.85573597979019,184.16844542804643,0.004582624998874962,0.0,0.0,5.34932205996645,1.6457983292639256e-05,3.6827214321801534,3.2499665394425392e-06,-0.09341209075171086,-0.10469418007023545,-1.7712948078565325,0.09341209075171086,0.10469418007023545,1.7712948078565325,0.09341209075171086,-0.01128208931852459,-1.6778827171048216,0.09341209075171086,0.01128208931852459,1.6778827171048216
100,120,0.05,0.4,1.0,6,call,4.814738616128957,0.040719307973282506,0.004974417039193213,4.8069791601682255,0.003080487742083899,1.0945332003557853,4.814738616128955,0.0407193079732825,4.289727951527652,174.7277188771764,0.005595874972641468,1.7763568394002505e-15,6.938893903907228e-18,4.7808903541154155,2.0999927073717117e-05,3.6827214321801534,4.207948222756386e-06,-0.007759455960731465,-0.03384826201354141,-1.1320171839488036,0.007759455960731465,0.03384826201354141,1.1320171839488036,0.007759455960731465,-0.026088806052809943,-1.124257727988072,0.007759455960731465,0.026088806052809943,1.124257727988072
100,120,0.05,0.4,1.0,8,call,4.530284519930351,0.038827233447433,0.005984624964185059,4.533087974014081,0.0029750330115589987,1.1013851894183995,4.530284519930351,0.03882723344743301,4.01471295833658,170.32928195768724,0.0069404999958351254,0.0,-6.938893903907228e-18,4.501150096155382,2.2249994799494743e-05,3.6827214321801534,4.250090569257736e-06,0.0028034540837298394,-0.029134423774968887,-0.8475630877501978,0.0028034540837298394,0.029134423774968887,0.8475630877501978,-0.0028034540837298394,-0.03193787785869873,-0.8503665418339277,0.0028034540837298394,0.03193787785869873,0.8503665418339277
100,120,0.05,0.4,1.0,12,call,4.275767974809754,0.03703556623529456,0.008873958024196327,4.2651642215155965,0.0028584153606391327,1.1085694635082277,4.275767974809753,0.03703556623529455,3.7452259013386615,167.8754940732062,0.008914500009268522,8.881784197001252e-16,1.3877787807814457e-17,4.224699857523042,2.2292020730674267e-05,3.6827214321801534,3.374996595084667e-06,-0.010603753294157414,-0.05106811728671179,-0.5930465426296005,0.010603753294157414,0.05106811728671179,0.5930465426296005,0.010603753294157414,-0.040464363992554375,-0.5824427893354431,0.010603753294157414,0.040464363992554375,0.5824427893354431
100,120,0.05,0.4,1.0,18,call,4.0596157138453135,0.0356904844816563,0.012852084008045495,4.085427265012195,0.00272813470703421,1.1150660065731217,4.059615713845312,0.0356904844816563,3.568725212961834,171.14856627066655,0.011886124964803457,1.7763568394002505e-15,0.0,4.0423532624935445,2.187490463256836e-05,3.6827214321801534,3.2919924706220627e-06,0.02581155116688194,-0.01726245135176896,-0.37689428166516015,0.02581155116688194,0.01726245135176896,0.37689428166516015,-0.02581155116688194,-0.0430740025186509,-0.4027058328320421,0.02581155116688194,0.0430740025186509,0.4027058328320421
100,120,0.05,0.4,1.0,26,call,3.991142153487665,0.035004980693375785,0.02167525002732873,3.9768460646379586,0.0027022365513612616,1.1176494926212888,3.9911421534876665,0.03500498069337579,3.4613942373276925,167.80811413214533,0.018276792019605637,-1.3322676295501878e-15,-6.938893903907228e-18,3.9309585856620637,2.779101487249136e-05,3.6827214321801534,4.124944098293781e-06,-0.014296088849706567,-0.060183567825601525,-0.30842072130751186,0.014296088849706567,0.060183567825601525,0.30842072130751186,0.014296088849706567,-0.04588747897589496,-0.2941246324578053,0.014296088849706567,0.04588747897589496,0.2941246324578053
100,120,0.05,0.4,1.0,36,call,3.928221803234812,0.034617083998963495,0.0299771660938859,3.911610410693677,0.0026677343481349924,1.1217402224472903,3.9282218032348104,0.034617083998963495,3.394817320229302,168.38205391681126,0.025237124995328486,1.7763568394002505e-15,0.0,3.8616646091608824,3.829097840934992e-05,3.6827214321801534,4.415982402861118e-06,-0.016611392541135306,-0.06655719407392979,-0.24550037105465883,0.016611392541135306,0.06655719407392979,0.24550037105465883,0.016611392541135306,-0.04994580153279449,-0.22888897851352352,0.016611392541135306,0.04994580153279449,0.22888897851352352
100,120,0.05,0.4,1.0,52,call,3.8600638418029423,0.03409567047962665,0.0393687499454245,3.8575088586091675,0.0026168880525556265,1.1229214674480335,3.860063841802944,0.03409567047962665,3.341838421830872,169.75719143552448,0.03318250004667789,-1.7763568394002505e-15,0.0,3.8064150440835065,4.216702654957771e-05,3.6827214321801534,3.500026650726795e-06,-0.0025549831937747847,-0.05364879771943576,-0.1773424096227889,0.0025549831937747847,0.05364879771943576,0.1773424096227889,0.0025549831937747847,-0.051093814525660974,-0.17478742642901413,0.0025549831937747847,0.051093814525660974,0.17478742642901413
100,120,0.05,0.4,1.0,78,call,3.8189580173413478,0.033925535693985834,0.0605030000442639,3.8173179659561463,0.0026017938829720247,1.1256287661049025,3.818958017341347,0.03392553569398582,3.302270382874215,170.0229908250139,0.05146112490911037,8.881784197001252e-16,1.3877787807814457e-17,3.76508788684595,0.0001354999840259552,3.6827214321801534,4.208995960652828e-06,-0.001640051385201513,-0.053870130495397905,-0.1362365851611944,0.001640051385201513,0.053870130495397905,0.1362365851611944,0.001640051385201513,-0.05223007911019639,-0.1345965337759929,0.001640051385201513,0.05223007911019639,0.1345965337759929
100,120,0.05,0.4,1.0,126,call,3.800297310331284,0.03369044352600045,0.10016366699710488,3.7824906595724412,0.0025581839374764275,1.1227542260311776,3.800297310331282,0.033690443526000445,3.272219461297815,173.44026217078996,0.08674724993761629,1.7763568394002505e-15,6.938893903907228e-18,3.733664612142346,0.0003202500520274043,3.6827214321801534,4.625064320862293e-06,-0.01780665075884258,-0.06663269818893802,-0.11757587815113046,0.01780665075884258,0.06663269818893802,0.11757587815113046,0.01780665075884258,-0.04882604743009544,-0.09976922739228788,0.01780665075884258,0.04882604743009544,0.09976922739228788
100,120,0.05,0.4,1.0,180,call,3.787881620460848,0.03380711603018671,0.1470830839825794,3.7735518461438406,0.00260077327839969,1.1268080283252304,3.787881620460849,0.03380711603018672,3.2575999161435547,168.97064411607548,0.14217195799574256,-8.881784197001252e-16,-6.938893903907228e-18,3.7183660337706157,0.00027129193767905235,3.6827214321801534,4.708999767899513e-06,-0.014329774317007438,-0.06951558669023239,-0.10516018828069473,0.014329774317007438,0.06951558669023239,0.10516018828069473,0.014329774317007438,-0.05518581237322495,-0.0908304139636873,0.014329774317007438,0.05518581237322495,0.0908304139636873
100,120,0.05,0.4,1.0,252,call,3.7856837338735256,0.0340434489196391,0.21890770795289427,3.7672867044547367,0.0026442513558227725,1.1293842476309783,3.785683733873524,0.0340434489196391,3.247864608873264,165.75308950383544,0.21214933402370661,1.7763568394002505e-15,0.0,3.7081744031408204,0.0003635419998317957,3.6827214321801534,4.749977961182594e-06,-0.018397029418788957,-0.07750933073270527,-0.10296230169337228,0.018397029418788957,0.07750933073270527,0.10296230169337228,0.018397029418788957,-0.059112301313916316,-0.08456527227458333,0.018397029418788957,0.059112301313916316,0.08456527227458333
100,120,0.05,0.5,1.0,4,call,8.045097459452153,0.06458163470814897,0.004062541993334889,7.915326280851264,0.005593337142686627,1.0954547393006486,8.045097459452153,0.06458163470814897,7.06237510074186,133.31409613008088,0.00482083298265934,0.0,0.0,7.940767522556437,2.1249987185001373e-05,5.759943246232933,4.541943781077862e-06,-0.1297711786008886,-0.10432993689571557,-2.2851542132192195,0.1297711786008886,0.10432993689571557,2.2851542132192195,0.1297711786008886,0.025441241705173034,-2.155383034618331,0.1297711786008886,0.025441241705173034,2.155383034618331
100,120,0.05,0.5,1.0,6,call,7.202727135148633,0.05853191899075133,0.004505625111050904,7.193394716676795,0.005137197723104649,1.1117604241590127,7.20272713514863,0.05853191899075132,6.322649963335694,129.81741678183494,0.00612258305773139,2.6645352591003757e-15,1.3877787807814457e-17,7.204389525618632,2.0458013750612736e-05,5.759943246232933,3.7919962778687477e-06,-0.009332418471838189,0.0016623904699990533,-1.4427838889156996,0.009332418471838189,0.0016623904699990533,1.4427838889156996,0.009332418471838189,0.010994808941837242,-1.4334514704438615,0.009332418471838189,0.010994808941837242,1.4334514704438615
100,120,0.05,0.5,1.0,8,call,6.832121338125174,0.056024805378727414,0.005778499995358288,6.835884444742554,0.004961495912540213,1.1192930031564392,6.832121338125173,0.056024805378727414,5.961789234092378,127.50741383470621,0.007175709004513919,8.881784197001252e-16,0.0,6.839438794588236,2.8250040486454964e-05,5.759943246232933,4.459056071937084e-06,0.0037631066173799965,0.007317456463061589,-1.0721780918922406,0.0037631066173799965,0.007317456463061589,1.0721780918922406,-0.0037631066173799965,0.0035543498456815925,-1.0759411985096206,0.0037631066173799965,0.0035543498456815925,1.0759411985096206
100,120,0.05,0.5,1.0,12,call,6.500805216982686,0.05361569424272562,0.009055249975062907,6.4853085038040685,0.004740497738696346,1.1267665853717355,6.500805216982684,0.053615694242725616,5.607025906767705,127.91927229936739,0.009007417014800012,1.7763568394002505e-15,6.938893903907228e-18,6.476902658718279,2.266606315970421e-05,5.759943246232933,4.249974153935909e-06,-0.015496713178617227,-0.023902558264406792,-0.7408619707497524,0.015496713178617227,0.023902558264406792,0.7408619707497524,0.015496713178617227,-0.008405845085789565,-0.7253652575711351,0.015496713178617227,0.008405845085789565,0.7253652575711351
100,120,0.05,0.5,1.0,18,call,6.209018423321644,0.05182542115248768,0.014262667042203248,6.246808899533175,0.004526951787483896,1.1338689603146168,6.209018423321643,0.051825421152487665,5.37394994478962,131.06114009941945,0.012957624974660575,8.881784197001252e-16,1.3877787807814457e-17,6.236657449058236,2.6499968953430653e-05,5.759943246232933,4.166970029473305e-06,0.037790476211530866,0.02763902573659216,-0.4490751770887105,0.037790476211530866,0.02763902573659216,0.4490751770887105,-0.037790476211530866,-0.010151450474938706,-0.48686565330024134,0.037790476211530866,0.010151450474938706,0.48686565330024134
100,120,0.05,0.5,1.0,26,call,6.124860964191707,0.05085369750852887,0.021730207954533398,6.103929026305468,0.004479709019758169,1.136109686984184,6.1248609641917096,0.05085369750852888,5.2319000142116705,128.86811035754374,0.019622166990302503,-2.6645352591003757e-15,-1.3877787807814457e-17,6.089423494860187,8.462497498840094e-05,5.759943246232933,7.500057108700275e-06,-0.020931937886238927,-0.035437469331520255,-0.3649177179587735,0.020931937886238927,0.035437469331520255,0.3649177179587735,0.020931937886238927,-0.014505531445281328,-0.34398578007253455,0.020931937886238927,0.014505531445281328,0.34398578007253455
100,120,0.05,0.5,1.0,36,call,6.036337438379087,0.05037483931435898,0.0304213750641793,6.016786181208475,0.004419110407810832,1.1408199227712184,6.036337438379086,0.050374839314358974,5.143657835376704,129.9444224829187,0.026911666966043413,8.881784197001252e-16,6.938893903907228e-18,5.997647013675118,3.079103771597147e-05,5.759943246232933,4.00003045797348e-06,-0.01955125717061268,-0.03869042470396966,-0.2763941921461539,0.01955125717061268,0.03869042470396966,0.2763941921461539,0.01955125717061268,-0.019139167533356982,-0.2568429349755412,0.01955125717061268,0.019139167533356982,0.2568429349755412
100,120,0.05,0.5,1.0,52,call,5.951417448353656,0.049658871424480444,0.039373792009428144,5.94350424605517,0.004335486907622581,1.1419598500284904,5.951417448353658,0.04965887142448045,5.073364398862931,131.1951959366938,0.034016459016129375,-2.6645352591003757e-15,-6.938893903907228e-18,5.924364761320962,3.3125048503279686e-05,5.759943246232933,3.875000402331352e-06,-0.0079132022984858,-0.027052687032694145,-0.1914742021207223,0.0079132022984858,0.027052687032694145,0.1914742021207223,0.0079132022984858,-0.019139484734208345,-0.1835609998222365,0.0079132022984858,0.019139484734208345,0.1835609998222365
100,120,0.05,0.5,1.0,78,call,5.892318211576085,0.04945157828568342,0.061376208905130625,5.891982357829823,0.004328846088316595,1.144941637113582,5.892318211576083,0.04945157828568341,5.020820263492729,130.5016565209001,0.05248620896600187,1.7763568394002505e-15,6.938893903907228e-18,5.86948554384573,0.00011033297050744295,5.759943246232933,4.666042514145374e-06,-0.0003358537462618827,-0.02283266773035475,-0.13237496534315163,0.0003358537462618827,0.02283266773035475,0.13237496534315163,0.0003358537462618827,-0.022496813984092867,-0.13203911159688975,0.0003358537462618827,0.022496813984092867,0.13203911159688975
100,120,0.05,0.5,1.0,126,call,5.8676989954558465,0.04908822472874067,0.10087808396201581,5.843572008003823,0.004221639833442774,1.141358300421771,5.867698995455846,0.049088224728740665,4.980888210091757,135.20485736819447,0.0878681659232825,8.881784197001252e-16,6.938893903907228e-18,5.827720900974336,0.00015287497080862522,5.759943246232933,4.832982085645199e-06,-0.02412698745202313,-0.03997809448151024,-0.10775574922291309,0.02412698745202313,0.03997809448151024,0.10775574922291309,0.02412698745202313,-0.01585110702948711,-0.08362876177088996,0.02412698745202313,0.01585110702948711,0.08362876177088996
100,120,0.05,0.5,1.0,180,call,5.853328445673149,0.04932586412809702,0.14412062498740852,5.832637232798663,0.004296926496585617,1.1463557334971584,5.853328445673149,0.04932586412809702,4.96145326339366,131.77516091291068,0.14900041604414582,0.0,0.0,5.807375860664972,0.0002429999876767397,5.759943246232933,4.708999767899513e-06,-0.020691212874486276,-0.04595258500817767,-0.09338519944021595,0.020691212874486276,0.04595258500817767,0.09338519944021595,0.020691212874486276,-0.025261372133691395,-0.07269398656572967,0.020691212874486276,0.025261372133691395,0.07269398656572967
100,120,0.05,0.5,1.0,252,call,5.853197018340712,0.0496917303176225,0.21821449999697506,5.827059924880014,0.004409965943634335,1.149606073013354,5.85319701834071,0.04969173031762249,4.948508277833836,126.96902013069915,0.2138497499981895,1.7763568394002505e-15,1.3877787807814457e-17,5.793818077569385,0.00042554200626909733,5.759943246232933,4.415982402861118e-06,-0.026137093460698146,-0.059378940771327215,-0.09325377210777841,0.026137093460698146,0.059378940771327215,0.09325377210777841,0.026137093460698146,-0.03324184731062907,-0.06711667864708026,0.026137093460698146,0.03324184731062907,0.06711667864708026
100,120,0.05,0.6,1.0,4,call,10.727718864880302,0.08609414773837977,0.00381637504324317,10.553319907033341,0.008682673757950631,1.1133367603208875,10.727718864880302,0.08609414773837978,9.258456445842139,98.31964371010127,0.004574625054374337,0.0,-1.3877787807814457e-17,10.645303447283773,2.0583043806254864e-05,7.984863091092939,4.208995960652828e-06,-0.1743989578469609,-0.08241541759652904,-2.7428557737873627,0.1743989578469609,0.08241541759652904,2.7428557737873627,0.1743989578469609,0.09198354025043187,-2.5684568159404018,0.1743989578469609,0.09198354025043187,2.5684568159404018
100,120,0.05,0.6,1.0,6,call,9.68370185331985,0.0781679670243947,0.004588415962643921,9.672912384913866,0.00792706707804871,1.1317723111033595,9.683701853319848,0.0781679670243947,8.353184363665514,97.23722758547102,0.005525875021703541,1.7763568394002505e-15,0.0,9.752235349603664,3.920809831470251e-05,7.984863091092939,3.1659146770834923e-06,-0.010789468405983271,0.06853349628381444,-1.6988387622269103,0.010789468405983271,0.06853349628381444,1.6988387622269103,0.010789468405983271,0.07932296468979771,-1.688049293820927,0.010789468405983271,0.07932296468979771,1.688049293820927
100,120,0.05,0.6,1.0,8,call,9.23031517664589,0.0749914471940549,0.005496458034031093,9.23526867145387,0.007652382746936519,1.1402127999921905,9.23031517664589,0.0749914471940549,7.911196334702513,96.0351240606065,0.006496791960671544,0.0,0.0,9.307797455927146,1.9832979887723923e-05,7.984863091092939,2.5830231606960297e-06,0.004953494807979908,0.07748227928125573,-1.2454520855529507,0.004953494807979908,0.07748227928125573,1.2454520855529507,-0.004953494807979908,0.07252878447327582,-1.2504055803609306,0.004953494807979908,0.07252878447327582,1.2504055803609306
100,120,0.05,0.6,1.0,12,call,8.826189415178124,0.0718622891732123,0.008413875009864569,8.804526722824681,0.007266779284509069,1.148049423426395,8.826189415178122,0.0718622891732123,7.476280239824684,97.79533892340272,0.00842133304104209,1.7763568394002505e-15,0.0,8.86497234891979,1.8042046576738358e-05,7.984863091092939,2.6669586077332497e-06,-0.02166269235344309,0.038782933741666525,-0.8413263240851849,0.02166269235344309,0.038782933741666525,0.8413263240851849,0.02166269235344309,0.06044562609510962,-0.8196636317317418,0.02166269235344309,0.06044562609510962,0.8196636317317418
100,120,0.05,0.6,1.0,18,call,8.46038645511045,0.06958958253708393,0.013611208996735513,8.511195325085131,0.006938360117151941,1.1560235700084238,8.460386455110447,0.06958958253708392,7.190262776442962,100.59462787716137,0.013518874999135733,3.552713678800501e-15,1.3877787807814457e-17,8.570736547654308,2.187490463256836e-05,7.984863091092939,3.7080608308315277e-06,0.050808869974680704,0.11035009254385741,-0.47552336401751116,0.050808869974680704,0.11035009254385741,0.47552336401751116,-0.050808869974680704,0.05954122256917671,-0.5263322339921919,0.050808869974680704,0.05954122256917671,0.5263322339921919
100,120,0.05,0.6,1.0,26,call,8.362978752875307,0.06822933473753522,0.021732207969762385,8.334154891273487,0.0068463044825807385,1.157785962767434,8.362978752875309,0.06822933473753523,7.0158144627609555,99.31843176250766,0.0210992080392316,-1.7763568394002505e-15,-1.3877787807814457e-17,8.390085964053297,2.3124972358345985e-05,7.984863091092939,3.00002284348011e-06,-0.028823861601820155,0.027107211177989754,-0.3781156617823678,0.028823861601820155,0.027107211177989754,0.3781156617823678,0.028823861601820155,0.05593107277980991,-0.3492918001805476,0.028823861601820155,0.05593107277980991,0.3492918001805476
100,120,0.05,0.6,1.0,36,call,8.25215055630433,0.0676754908022438,0.03013558394741267,8.228065429398079,0.006772047694754256,1.1633456311905588,8.252150556304327,0.06767549080224379,6.907389418125028,99.86718580445336,0.02533145807683468,1.7763568394002505e-15,1.3877787807814457e-17,8.27734802559336,3.0166935175657272e-05,7.984863091092939,4.249974153935909e-06,-0.02408512690625031,0.025197469289031105,-0.2672874652113899,0.02408512690625031,0.025197469289031105,0.2672874652113899,0.02408512690625031,0.049282596195281414,-0.2432023383051396,0.02408512690625031,0.049282596195281414,0.2432023383051396
100,120,0.05,0.6,1.0,52,call,8.146425349318264,0.0667328119725179,0.03966708399821073,8.13547349737904,0.006646280334156836,1.1644049718751739,8.146425349318266,0.0667328119725179,6.820984869174503,100.8141609425792,0.034181582974269986,-1.7763568394002505e-15,0.0,8.187253736327593,3.658304922282696e-05,7.984863091092939,4.29095234721899e-06,-0.010951851939223545,0.04082838700932889,-0.16156225822532466,0.010951851939223545,0.04082838700932889,0.16156225822532466,0.010951851939223545,0.05178023894855244,-0.15061040628610112,0.010951851939223545,0.05178023894855244,0.15061040628610112
100,120,0.05,0.6,1.0,78,call,8.073234391293417,0.06650145498589659,0.062338292016647756,8.073989464543061,0.006657100972024455,1.167876781362708,8.073234391293415,0.06650145498589657,6.756377319629011,99.79114512895299,0.052090875105932355,1.7763568394002505e-15,1.3877787807814457e-17,8.119740162505021,0.00010670896153897047,7.984863091092939,4.624947905540466e-06,0.0007550732496444112,0.046505771211604596,-0.08837130020047734,0.0007550732496444112,0.046505771211604596,0.08837130020047734,-0.0007550732496444112,0.045750697961960185,-0.08912637345012175,0.0007550732496444112,0.045750697961960185,0.08912637345012175
100,120,0.05,0.6,1.0,126,call,8.040342735278934,0.06595418707710533,0.09963549999520183,8.009405763910774,0.006424591633481557,1.1632845678627597,8.040342735278932,0.06595418707710532,6.70726528350342,105.38861277418155,0.08434679207857698,1.7763568394002505e-15,1.3877787807814457e-17,8.06833462397772,0.00015020905993878841,7.984863091092939,4.00003045797348e-06,-0.03093697136815976,0.027991888698785772,-0.05547964418599438,0.03093697136815976,0.027991888698785772,0.05547964418599438,0.03093697136815976,0.05892886006694553,-0.02454267281783462,0.03093697136815976,0.05892886006694553,0.02454267281783462
100,120,0.05,0.6,1.0,180,call,8.029586486780557,0.06639148472605069,0.1456295830430463,8.002019709704308,0.006582640342572488,1.169430511969608,8.029586486780559,0.06639148472605069,6.683358545340962,101.72425263288925,0.13829233299475163,-1.7763568394002505e-15,0.0,8.043284998697246,0.00024804205168038607,7.984863091092939,4.250090569257736e-06,-0.027566777076248883,0.01369851191668836,-0.04472339568761807,0.027566777076248883,0.01369851191668836,0.04472339568761807,0.027566777076248883,0.041265288992937244,-0.01715661861136919,0.027566777076248883,0.041265288992937244,0.01715661861136919
100,120,0.05,0.6,1.0,252,call,8.034109794636683,0.06694635920804899,0.21759308397304267,7.997480138899489,0.006803759770751421,1.1735898375269034,8.034109794636679,0.06694635920804898,6.667433607875354,96.81797276401815,0.1969780420185998,3.552713678800501e-15,1.3877787807814457e-17,8.026589125136091,0.0003601249773055315,7.984863091092939,4.334026016294956e-06,-0.0366296557371939,-0.0075206695005913815,-0.049246703543743386,0.0366296557371939,0.0075206695005913815,0.049246703543743386,0.0366296557371939,0.02910898623660252,-0.012617047806549486,0.0366296557371939,0.02910898623660252,0.012617047806549486
100,130,0.05,0.1,1.0,4,call,0.001326505613324432,0.00025350666552767395,0.0034612080780789256,0.0008783842035687826,3.058082138685542e-05,1.143856498391927,0.0013265056133244329,0.0002535066655276739,0.0006867011171681314,68.71957633408347,0.004440792021341622,-8.673617379884035e-19,5.421010862427522e-20,0.0007684096159608084,1.60830095410347e-05,3.1566418625911865e-05,3.2499665394425392e-06,-0.00044812140975564944,-0.0005580959973636236,-0.00129493919469852,0.00044812140975564944,0.0005580959973636236,0.00129493919469852,0.00044812140975564944,-0.0001099745876079742,-0.0008468177849428707,0.00044812140975564944,0.0001099745876079742,0.0008468177849428707
100,130,0.05,0.1,1.0,6,call,0.0003130255365937614,0.0001242750687766632,0.004823041963391006,0.0004029719194817346,2.0041254987441213e-05,1.2301206148717687,0.0003130255365937613,0.00012427506877666318,0.0002732156024812367,38.45193477948707,0.005785500048659742,5.421010862427522e-20,2.710505431213761e-20,0.00031336274710756106,1.7000013031065464e-05,3.1566418625911865e-05,2.7921050786972046e-06,8.994638288797321e-05,3.3721051379969084e-07,-0.00028145911796784954,8.994638288797321e-05,3.3721051379969084e-07,0.00028145911796784954,-8.994638288797321e-05,-8.960917237417352e-05,-0.00037140550085582274,8.994638288797321e-05,8.960917237417352e-05,0.00037140550085582274
100,130,0.05,0.1,1.0,8,call,0.00033918190203555354,0.00013104739370833096,0.006253542029298842,0.00023690186153343436,2.0247498393568103e-05,1.1755600425422996,0.000339181902035553,0.0001310473937083309,0.00016276134670127038,41.890353932236344,0.00686537497676909,5.421010862427522e-19,5.421010862427522e-20,0.00018935071822992168,1.7000013031065464e-05,3.1566418625911865e-05,2.9170187190175056e-06,-0.00010228004050211919,-0.00014983118380563186,-0.00030761548340964165,0.00010228004050211919,0.00014983118380563186,0.00030761548340964165,0.00010228004050211919,-4.755114330351267e-05,-0.0002053354429075225,0.00010228004050211919,4.755114330351267e-05,0.0002053354429075225
100,130,0.05,0.1,1.0,12,call,0.00013880437808901354,8.643096535431208e-05,0.008366000023670495,0.00012752719944990863,9.142771776794303e-06,1.160035711123944,0.00013880437808901192,8.643096535431169e-05,9.275028449942921e-05,89.36819150231089,0.008339499938301742,1.6263032587282567e-18,3.9302328752599536e-19,0.00010961138189128994,1.695798709988594e-05,3.1566418625911865e-05,2.7919886633753777e-06,-1.1277178639104913e-05,-2.9192996197723598e-05,-0.00010723795946310168,1.1277178639104913e-05,2.9192996197723598e-05,0.00010723795946310168,1.1277178639104913e-05,-1.7915817558618685e-05,-9.596078082399676e-05,1.1277178639104913e-05,1.7915817558618685e-05,9.596078082399676e-05
100,130,0.05,0.1,1.0,18,call,0.0002608317079273535,0.00010292461806300272,0.01544691703747958,0.00012111821276747675,1.932610557509486e-05,1.2991312590874193,0.0002608317079273537,0.00010292461806300272,6.202590986663064e-05,28.362847689667323,0.015109000029042363,-2.168404344971009e-19,0.0,7.414352620075826e-05,2.6582973077893257e-05,3.1566418625911865e-05,4.459056071937084e-06,-0.00013971349515987677,-0.00018668818172659526,-0.00022926528930144164,0.00013971349515987677,0.00018668818172659526,0.00022926528930144164,0.00013971349515987677,-4.697468656671849e-05,-8.955179414156488e-05,0.00013971349515987677,4.697468656671849e-05,8.955179414156488e-05
100,130,0.05,0.1,1.0,26,call,5.511587842589194e-06,5.511587842589192e-06,0.02042891690507531,5.511587842589194e-06,5.511587842589192e-06,0.0,5.511587842589194e-06,5.511587842589192e-06,4.784970359789329e-05,1.0,0.021521917078644037,0.0,0.0,5.762507672735365e-05,3.1667063012719154e-05,3.1566418625911865e-05,4.625064320862293e-06,0.0,5.211348888476445e-05,2.605483078332267e-05,0.0,5.211348888476445e-05,2.605483078332267e-05,0.0,5.211348888476445e-05,2.605483078332267e-05,0.0,5.211348888476445e-05,2.605483078332267e-05
100,130,0.05,0.1,1.0,36,call,0.00010171831891095433,6.22636411831284e-05,0.030190292047336698,5.590052118401214e-05,4.273972498237582e-06,1.344016546938948,0.00010171831891095486,6.226364118312856e-05,4.04887304294829e-05,212.22941784374163,0.025155042065307498,-5.285485590866834e-19,-1.6263032587282567e-19,4.8996030418716614e-05,4.820793401449919e-05,3.1566418625911865e-05,4.375004209578037e-06,-4.581779772694219e-05,-5.2722288492237716e-05,-7.015190028504247e-05,4.581779772694219e-05,5.2722288492237716e-05,7.015190028504247e-05,4.581779772694219e-05,-6.904490765295529e-06,-2.433410255810028e-05,4.581779772694219e-05,6.904490765295529e-06,2.433410255810028e-05
100,130,0.05,0.1,1.0,52,call,0.0,0.0,0.04047720797825605,0.0,0.0,0.0,0.0,0.0,3.532518040255368e-05,inf,0.033632708014920354,0.0,0.0,4.29170352440526e-05,4.6625034883618355e-05,3.1566418625911865e-05,5.08397351950407e-06,0.0,4.29170352440526e-05,3.1566418625911865e-05,0.0,4.29170352440526e-05,3.1566418625911865e-05,0.0,4.29170352440526e-05,3.1566418625911865e-05,0.0,4.29170352440526e-05,3.1566418625911865e-05
100,130,0.05,0.1,1.0,78,call,6.079429371657979e-05,5.905451279232561e-05,0.05905641708523035,4.407013086764044e-05,1.7661803010214299e-06,1.328803334576023,6.079429371657979e-05,5.905451279232561e-05,3.183611284212299e-05,1117.9853395984985,0.05064999999012798,0.0,0.0,3.879539495588721e-05,9.533402044326067e-05,3.1566418625911865e-05,4.375004209578037e-06,-1.6724162848939355e-05,-2.199889876069258e-05,-2.9227875090667928e-05,1.6724162848939355e-05,2.199889876069258e-05,2.9227875090667928e-05,1.6724162848939355e-05,-5.274735911753225e-06,-1.2503712241728573e-05,1.6724162848939355e-05,5.274735911753225e-06,1.2503712241728573e-05
100,130,0.05,0.1,1.0,126,call,0.00010177784292918308,6.798391546599637e-05,0.10148008307442069,4.682216711941984e-05,9.215502618758372e-06,1.234729584213099,0.00010177784292918172,6.798391546599597e-05,2.938204988450493e-05,54.42197440169331,0.08823041594587266,1.3552527156068805e-18,4.0657581468206416e-19,3.588882580193241e-05,0.00023674999829381704,3.1566418625911865e-05,4.999921657145023e-06,-5.495567580976324e-05,-6.588901712725067e-05,-7.021142430327121e-05,5.495567580976324e-05,6.588901712725067e-05,7.021142430327121e-05,5.495567580976324e-05,-1.0933341317487428e-05,-1.5255748493507973e-05,5.495567580976324e-05,1.0933341317487428e-05,1.5255748493507973e-05
100,130,0.05,0.1,1.0,180,call,0.00014219104571753092,7.779769736691226e-05,0.16516566707286984,4.6286076507120074e-05,7.081836390055392e-06,1.2834586464023379,0.00014219104571753198,7.779769736691263e-05,2.8246377620391032e-05,120.68178018189744,0.1603768749628216,-1.0570971181733668e-18,-3.6591823321385775e-19,3.454145090512558e-05,0.00025083404034376144,3.1566418625911865e-05,4.832982085645199e-06,-9.590496921041086e-05,-0.00010764959481240534,-0.00011062462709161906,9.590496921041086e-05,0.00010764959481240534,0.00011062462709161906,9.590496921041086e-05,-1.1744625601994492e-05,-1.4719657881208209e-05,9.590496921041086e-05,1.1744625601994492e-05,1.4719657881208209e-05
100,130,0.05,0.1,1.0,252,call,4.9940250576034714e-05,3.293397024280297e-05,0.21442974999081343,5.758379382050063e-05,6.287542934058373e-06,1.8815660186134306,4.994025057603444e-05,3.293397024280298e-05,2.7510592751984746e-05,27.43634468367993,0.19771958293858916,2.710505431213761e-19,-1.3552527156068805e-20,3.366769038054204e-05,0.00034204102121293545,3.1566418625911865e-05,4.66697383671999e-06,7.64354324446592e-06,-1.627256019549267e-05,-1.837383195012285e-05,7.64354324446592e-06,1.627256019549267e-05,1.837383195012285e-05,-7.64354324446592e-06,-2.391610343995859e-05,-2.6017375194588768e-05,7.64354324446592e-06,2.391610343995859e-05,2.6017375194588768e-05
100,130,0.05,0.2,1.0,4,call,0.3235657554471041,0.006792911665893695,0.0034864170011132956,0.30659065264795915,0.0005531819977279685,1.089206750249762,0.3235657554471041,0.006792911665893695,0.26790348351089177,150.79115144555774,0.004637208068743348,0.0,0.0,0.29194189660572506,1.762493047863245e-05,0.09768167732972599,3.5830307751893997e-06,-0.016975102799144937,-0.03162385884137903,-0.2258840781173781,0.016975102799144937,0.03162385884137903,0.2258840781173781,0.016975102799144937,-0.01464875604223409,-0.20890897531823316,0.016975102799144937,0.01464875604223409,0.20890897531823316
100,130,0.05,0.2,1.0,6,call,0.23126617839185135,0.005413839489455467,0.004646125016734004,0.2278856843003451,0.0004951287526290559,1.1175396258716797,0.231266178391851,0.005413839489455463,0.19261211017158883,119.55684811645105,0.005543667008168995,3.3306690738754696e-16,3.469446951953614e-18,0.21290176278679204,1.591700129210949e-05,0.09768167732972599,2.499902620911598e-06,-0.0033804940915062587,-0.018364415605059303,-0.13358450106212535,0.0033804940915062587,0.018364415605059303,0.13358450106212535,0.0033804940915062587,-0.014983921513553045,-0.1302040069706191,0.0033804940915062587,0.014983921513553045,0.1302040069706191
100,130,0.05,0.2,1.0,8,call,0.19353403090580695,0.004938729461753737,0.006069208029657602,0.19322187087945095,0.00047302262443372426,1.128724525728718,0.19353403090580698,0.004938729461753737,0.16054675127383272,109.0100770533126,0.006852542050182819,-2.7755575615628914e-17,0.0,0.17884911644963233,1.7749960534274578e-05,0.09768167732972599,2.9170187190175056e-06,-0.0003121600263560065,-0.01468491445617462,-0.09585235357608096,0.0003121600263560065,0.01468491445617462,0.09585235357608096,0.0003121600263560065,-0.014372754429818613,-0.09554019354972496,0.0003121600263560065,0.014372754429818613,0.09554019354972496
100,130,0.05,0.2,1.0,12,call,0.16283714647892492,0.004443992658651015,0.00902674999088049,0.16284527149959035,0.0004586201369940249,1.1406527488262095,0.16283714647892467,0.004443992658651011,0.13206922624837122,93.89455893628349,0.008721000049263239,2.498001805406602e-16,3.469446951953614e-18,0.14835903988634358,2.0292005501687527e-05,0.09768167732972599,3.291061148047447e-06,8.125020665439298e-06,-0.014478106592581336,-0.06515546914919892,8.125020665439298e-06,0.014478106592581336,0.06515546914919892,-8.125020665439298e-06,-0.014486231613246775,-0.06516359416986436,8.125020665439298e-06,0.014486231613246775,0.06516359416986436
100,130,0.05,0.2,1.0,18,call,0.14325682960641486,0.00411265684922629,0.014132334035821259,0.14443842877322055,0.00044909342749263804,1.152439339172516,0.14325682960641473,0.004112656849226288,0.11501587285999475,83.86322329811404,0.013896499993279576,1.3877787807814457e-16,1.734723475976807e-18,0.12996806764010982,5.929102189838886e-05,0.09768167732972599,4.958943463861942e-06,0.0011815991668056858,-0.013288761966305046,-0.045575152276688874,0.0011815991668056858,0.013288761966305046,0.045575152276688874,-0.0011815991668056858,-0.014470361133110732,-0.04675675144349456,0.0011815991668056858,0.014470361133110732,0.04675675144349456
100,130,0.05,0.2,1.0,26,call,0.1322002503407135,0.0038112107130118173,0.019431208027526736,0.13400146986399286,0.0004528252099400631,1.1626838988540449,0.13220025034071364,0.003811210713011821,0.10526780072169238,70.8377448624446,0.016332541941665113,-1.3877787807814457e-16,-3.469446951953614e-18,0.11940393619618833,2.4333014152944088e-05,0.09768167732972599,3.875000402331352e-06,0.001801219523279357,-0.012796314144525173,-0.03451857301098751,0.001801219523279357,0.012796314144525173,0.03451857301098751,-0.001801219523279357,-0.01459753366780453,-0.03631979253426687,0.001801219523279357,0.01459753366780453,0.03631979253426687
100,130,0.05,0.2,1.0,36,call,0.12494969680925548,0.003713573804311705,0.029228458064608276,0.1274678577471853,0.0004346690873651374,1.1714817313588448,0.12494969680925533,0.003713573804311702,0.09945806042159382,72.99054536600154,0.024043834069743752,1.5265566588595902e-16,3.0357660829594124e-18,0.11308822448340794,3.291596658527851e-05,0.09768167732972599,4.500034265220165e-06,0.0025181609379298225,-0.011861472325847541,-0.02726801947952949,0.0025181609379298225,0.011861472325847541,0.02726801947952949,-0.0025181609379298225,-0.014379633263777364,-0.029786180417459313,0.0025181609379298225,0.014379633263777364,0.029786180417459313
100,130,0.05,0.2,1.0,52,call,0.12079888075006112,0.003625164711782282,0.0413399999961257,0.1225176919927981,0.00043438103235413815,1.1760130996193612,0.12079888075006127,0.0036251647117822848,0.09496461846378212,69.64882295559669,0.03637662495020777,-1.5265566588595902e-16,-2.6020852139652106e-18,0.10819272562675242,3.495905548334122e-05,0.09768167732972599,4.292000085115433e-06,0.001718811242736984,-0.012606155123308704,-0.02311720342033513,0.001718811242736984,0.012606155123308704,0.02311720342033513,-0.001718811242736984,-0.014324966366045688,-0.024836014663072115,0.001718811242736984,0.014324966366045688,0.024836014663072115
100,130,0.05,0.2,1.0,78,call,0.118052236991212,0.0035533707924702337,0.05935574998147786,0.11950799151657353,0.0004371027034039493,1.1811822474562184,0.11805223699121191,0.0035533707924702324,0.09168360032735572,66.08670080505449,0.05371504195500165,9.71445146547012e-17,1.3010426069826053e-18,0.10461194134313884,0.0003392500802874565,0.09768167732972599,4.584086127579212e-06,0.0014557545253615217,-0.01344029564807317,-0.020370559661486015,0.0014557545253615217,0.01344029564807317,0.020370559661486015,-0.0014557545253615217,-0.014896050173434691,-0.021826314186847537,0.0014557545253615217,0.014896050173434691,0.021826314186847537
100,130,0.05,0.2,1.0,126,call,0.1147734549816628,0.0034542443650660785,0.10278249997645617,0.11538286414657312,0.0004122942997490273,1.1781536969018207,0.11477345498166266,0.0034542443650660763,0.0892345714533616,70.19262026068567,0.08526604191865772,1.3877787807814457e-16,2.168404344971009e-18,0.10193562465222329,0.000153167056851089,0.09768167732972599,4.917033948004246e-06,0.0006094091649103128,-0.012837830329439512,-0.017091777651936813,0.0006094091649103128,0.012837830329439512,0.017091777651936813,-0.0006094091649103128,-0.013447239494349825,-0.017701186816847125,0.0006094091649103128,0.013447239494349825,0.017701186816847125
100,130,0.05,0.2,1.0,180,call,0.11488688765145744,0.0035791412019923795,0.1708310830872506,0.1146053186647927,0.00043652482558265273,1.1769427205760934,0.11488688765145755,0.003579141201992381,0.08805650008364511,67.22638672871908,0.1368772090645507,-1.1102230246251565e-16,-1.3010426069826053e-18,0.10064711495585615,0.00029383297078311443,0.09768167732972599,6.375019438564777e-06,-0.00028156898666473196,-0.014239772695601283,-0.017205210321731446,0.00028156898666473196,0.014239772695601283,0.017205210321731446,0.00028156898666473196,-0.01395820370893655,-0.016923641335066714,0.00028156898666473196,0.01395820370893655,0.016923641335066714
100,130,0.05,0.2,1.0,252,call,0.12069982879645799,0.003676853245075081,0.21283933299127966,0.11443825899867682,0.000447248432290984,1.184763226761076,0.12069982879645784,0.003676853245075079,0.08727686028728017,67.585719010968,0.20102537504862994,1.5265566588595902e-16,2.168404344971009e-18,0.09979398650869203,0.0004750409862026572,0.09768167732972599,5.125068128108978e-06,-0.006261569797781169,-0.020905842287765958,-0.023018151466732,0.006261569797781169,0.020905842287765958,0.023018151466732,0.006261569797781169,-0.014644272489984789,-0.016756581668950832,0.006261569797781169,0.014644272489984789,0.016756581668950832
100,130,0.05,0.3,1.0,4,call,1.5990117841266875,0.020170862045754266,0.003813958028331399,1.542674929965451,0.0015902818491043307,1.0878069717716787,1.5990117841266875,0.020170862045754266,1.3690599989455223,160.8795023076663,0.004815208958461881,0.0,0.0,1.5056643518308706,2.4999957531690598e-05,0.7731636083515514,4.541012458503246e-06,-0.05633685416123657,-0.09334743229581699,-0.8258481757751361,0.05633685416123657,0.09334743229581699,0.8258481757751361,0.05633685416123657,-0.03701057813458042,-0.7695113216138996,0.05633685416123657,0.03701057813458042,0.7695113216138996
100,130,0.05,0.3,1.0,6,call,1.2949936119211116,0.017357772314236068,0.005243542022071779,1.2824354616776492,0.00146270114104216,1.1088390153648475,1.2949936119211107,0.01735777231423606,1.1106925018612646,140.82403188535127,0.005774833029136062,8.881784197001252e-16,6.938893903907228e-18,1.2381215243456223,3.583403304219246e-05,0.7731636083515514,4.207948222756386e-06,-0.012558150243462407,-0.05687208757548934,-0.5218300035695602,0.012558150243462407,0.05687208757548934,0.5218300035695602,0.012558150243462407,-0.04431393733202693,-0.5092718533260978,0.012558150243462407,0.04431393733202693,0.5092718533260978
100,130,0.05,0.3,1.0,8,call,1.1606844215771452,0.016191127253710056,0.006354875047691166,1.160141768770996,0.0014214886148967056,1.1189003252362268,1.1606844215771452,0.016191127253710056,0.9910857490517079,129.73806041604507,0.007057791925035417,0.0,0.0,1.1127715302954222,2.3042084649205208e-05,0.7731636083515514,4.041008651256561e-06,-0.0005426528061491798,-0.04791289128172305,-0.38752081322559384,0.0005426528061491798,0.04791289128172305,0.38752081322559384,0.0005426528061491798,-0.04737023847557387,-0.38697816041944466,0.0005426528061491798,0.04737023847557387,0.38697816041944466
100,130,0.05,0.3,1.0,12,call,1.0444143100343022,0.015082556866085828,0.008689292008057237,1.0429411753548623,0.00136466686110224,1.1293790179184373,1.0444143100343013,0.015082556866085822,0.8780631310864646,122.15089457122546,0.008710207999683917,8.881784197001252e-16,6.938893903907228e-18,0.9933419361539567,2.2499938495457172e-05,0.7731636083515514,4.332978278398514e-06,-0.0014731346794398803,-0.05107237388034547,-0.2712507016827508,0.0014731346794398803,0.05107237388034547,0.2712507016827508,0.0014731346794398803,-0.04959923920090559,-0.2697775670033109,0.0014731346794398803,0.04959923920090559,0.2697775670033109
100,130,0.05,0.3,1.0,18,call,0.9573854480739159,0.014311958606678426,0.01380870898719877,0.9681347228595933,0.0013298444085163342,1.1392285423309738,0.9573854480739153,0.01431195860667842,0.8064445858221329,115.82344541370502,0.013328625005669892,5.551115123125783e-16,5.204170427930421e-18,0.9171252215349133,2.5999965146183968e-05,0.7731636083515514,3.832974471151829e-06,0.010749274785677443,-0.04026022653900263,-0.1842218397223645,0.010749274785677443,0.04026022653900263,0.1842218397223645,-0.010749274785677443,-0.05100950132468007,-0.19497111450804194,0.010749274785677443,0.05100950132468007,0.19497111450804194
100,130,0.05,0.3,1.0,26,call,0.9294640677131613,0.013795319155351272,0.019623458036221564,0.9255478899020895,0.0013248784123575737,1.1450065667260845,0.9294640677131616,0.013795319155351277,0.7638763396911457,108.42051284910697,0.016403250047005713,-3.3306690738754696e-16,-5.204170427930421e-18,0.8716108633812213,2.1832995116710663e-05,0.7731636083515514,3.5830307751893997e-06,-0.003916177811071786,-0.05785320433193997,-0.15630045936160986,0.003916177811071786,0.05785320433193997,0.15630045936160986,0.003916177811071786,-0.05393702652086818,-0.15238428155053807,0.003916177811071786,0.05393702652086818,0.15238428155053807
100,130,0.05,0.3,1.0,36,call,0.9042752315837937,0.013542751526483255,0.030066166073083878,0.9006691331688408,0.0013124300672527106,1.1512917225715118,0.9042752315837933,0.01354275152648325,0.7378585396490509,106.47839056344951,0.024255875032395124,4.440892098500626e-16,5.204170427930421e-18,0.8437101366018813,3.808399196714163e-05,0.7731636083515514,4.832982085645199e-06,-0.003606098414952963,-0.060565094981912426,-0.13111162323224235,0.003606098414952963,0.060565094981912426,0.13111162323224235,0.003606098414952963,-0.05695899656695946,-0.12750552481728938,0.003606098414952963,0.05695899656695946,0.12750552481728938
100,130,0.05,0.3,1.0,52,call,0.869496528003648,0.013289187746464818,0.03899466595612466,0.8761380610419711,0.0012733309545587806,1.153507071877582,0.8694965280036485,0.013289187746464825,0.7173714231096174,108.92166725251776,0.03449387499131262,-5.551115123125783e-16,-6.938893903907228e-18,0.8216949117869373,3.74580267816782e-05,0.7731636083515514,5.332985892891884e-06,0.006641533038323155,-0.04780161621671064,-0.09633291965209656,0.006641533038323155,0.04780161621671064,0.09633291965209656,-0.006641533038323155,-0.054443149255033796,-0.10297445269041972,0.006641533038323155,0.054443149255033796,0.10297445269041972
100,130,0.05,0.3,1.0,78,call,0.8590041319536194,0.013177373010626244,0.060105000040493906,0.8617596848856882,0.0012858699346292065,1.1573254560995396,0.8590041319536189,0.01317737301062624,0.702197640001629,105.01796421575813,0.0510633330559358,4.440892098500626e-16,3.469446951953614e-18,0.8053628829727398,0.00010974996257573366,0.7731636083515514,4.707952030003071e-06,0.002755552932068861,-0.05364124898087952,-0.08584052360206795,0.002755552932068861,0.05364124898087952,0.08584052360206795,-0.002755552932068861,-0.05639680191294838,-0.08859607653413681,0.002755552932068861,0.05639680191294838,0.08859607653413681
100,130,0.05,0.3,1.0,126,call,0.8535660838162953,0.012996039584782099,0.10021804098505527,0.8472408859503607,0.0012580840676330771,1.153850200316477,0.8535660838162945,0.012996039584782093,0.6907471866927719,106.7094118044844,0.08525679202284664,7.771561172376096e-16,5.204170427930421e-18,0.7930231978134056,0.0001978749642148614,0.7731636083515514,3.958004526793957e-06,-0.006325197865934551,-0.060542886002889706,-0.08040247546474388,0.006325197865934551,0.060542886002889706,0.08040247546474388,0.006325197865934551,-0.054217688136955156,-0.07407727759880933,0.006325197865934551,0.054217688136955156,0.07407727759880933
100,130,0.05,0.3,1.0,180,call,0.8498571167071124,0.01312330257199058,0.155422915937379,0.8438145784356449,0.0012869256204459522,1.1587780073236866,0.8498571167071127,0.013123302571990583,0.685199817226524,103.987081656666,0.1382106669479981,-3.3306690738754696e-16,-3.469446951953614e-18,0.7870402604711114,0.0002917499514296651,0.7731636083515514,4.37488779425621e-06,-0.006042538271467501,-0.06281685623600097,-0.07669350835556099,0.006042538271467501,0.06281685623600097,0.07669350835556099,0.006042538271467501,-0.05677431796453347,-0.07065097008409349,0.006042538271467501,0.05677431796453347,0.07065097008409349
100,130,0.05,0.3,1.0,252,call,0.8568669333883296,0.013326156430711566,0.21189358294941485,0.8405300502841224,0.001297408102717466,1.1614514916635972,0.8568669333883291,0.013326156430711559,0.6815142323363347,105.5010063155925,0.1942297499626875,5.551115123125783e-16,6.938893903907228e-18,0.7830635565262435,0.0003751249751076102,0.7731636083515514,5.042064003646374e-06,-0.016336883104207223,-0.07380337686208616,-0.08370332503677824,0.016336883104207223,0.07380337686208616,0.08370332503677824,0.016336883104207223,-0.057466493757878934,-0.06736644193257102,0.016336883104207223,0.057466493757878934,0.06736644193257102
100,130,0.05,0.4,1.0,4,call,3.5502583100147107,0.03697543525777492,0.003567832987755537,3.453105952951691,0.003179497435890905,1.0966563094140942,3.5502583100147107,0.03697543525777492,3.0516838324716793,135.24139190011866,0.0045631249668076634,0.0,0.0,3.4117090353515738,1.5625031664967537e-05,2.074170270662435,3.374996595084667e-06,-0.0971523570630195,-0.13854927466313693,-1.4760880393522755,0.0971523570630195,0.13854927466313693,1.4760880393522755,0.0971523570630195,-0.04139691760011743,-1.378935682289256,0.0971523570630195,0.04139691760011743,1.378935682289256
100,130,0.05,0.4,1.0,6,call,3.015740116259025,0.03265466276508161,0.004464791971258819,3.001159657480465,0.0029323393202055534,1.1167808632929954,3.015740116259024,0.03265466276508159,2.5945126039083397,124.01149930539526,0.005535458098165691,1.3322676295501878e-15,2.0816681711721685e-17,2.9427926205310504,1.5416997484862804e-05,2.074170270662435,2.7080532163381577e-06,-0.014580458778560068,-0.07294749572797476,-0.94156984559659,0.014580458778560068,0.07294749572797476,0.94156984559659,0.014580458778560068,-0.0583670369494147,-0.9269893868180299,0.014580458778560068,0.0583670369494147,0.9269893868180299
100,130,0.05,0.4,1.0,8,call,2.7832812912511558,0.030854865348752914,0.0057862079702317715,2.7792487839670454,0.0028242728841855465,1.1265602244718576,2.7832812912511558,0.030854865348752914,2.3769253033771034,119.35318096582468,0.00676262506749481,0.0,0.0,2.716458653105266,2.2458028979599476e-05,2.074170270662435,2.750079147517681e-06,-0.004032507284110309,-0.06682263814588962,-0.7091110205887206,0.004032507284110309,0.06682263814588962,0.7091110205887206,0.004032507284110309,-0.06279013086177931,-0.7050785133046102,0.004032507284110309,0.06279013086177931,0.7050785133046102
100,130,0.05,0.4,1.0,12,call,2.5776409376586686,0.029126327700918025,0.008722124970518053,2.5697423156750854,0.002723200104952873,1.136219081627098,2.5776409376586678,0.029126327700918025,2.166975580222155,114.39639868392035,0.008529333979822695,8.881784197001252e-16,0.0,2.4959941209341787,1.883308868855238e-05,2.074170270662435,3.0419323593378067e-06,-0.007898621983583265,-0.08164681672448992,-0.5034706669962334,0.007898621983583265,0.08164681672448992,0.5034706669962334,0.007898621983583265,-0.07374819474090666,-0.4955720450126502,0.007898621983583265,0.07374819474090666,0.4955720450126502
100,130,0.05,0.4,1.0,18,call,2.407049926539882,0.027889582440334782,0.013109124964103103,2.431864039068437,0.002628908453018214,1.1455636372347617,2.4070499265398806,0.027889582440334775,2.0313755459627463,112.54678629896524,0.013073541922494769,1.3322676295501878e-15,6.938893903907228e-18,2.3524593985088087,2.0999927073717117e-05,2.074170270662435,2.791057340800762e-06,0.024814112528555032,-0.05459052803107323,-0.3328796558774467,0.024814112528555032,0.05459052803107323,0.3328796558774467,-0.024814112528555032,-0.07940464055962826,-0.35769376840600176,0.024814112528555032,0.07940464055962826,0.35769376840600176
100,130,0.05,0.4,1.0,26,call,2.359540880204832,0.02715463453327919,0.021908333990722895,2.346498841990727,0.00261071901686311,1.1499009902437298,2.359540880204833,0.027154634533279192,1.9497059848035414,108.18515183784903,0.020040333038195968,-8.881784197001252e-16,-3.469446951953614e-18,2.2655576577205605,2.2707972675561905e-05,2.074170270662435,3.1249364838004112e-06,-0.013042038214105212,-0.0939832224842716,-0.2853706095423969,0.013042038214105212,0.0939832224842716,0.2853706095423969,0.013042038214105212,-0.08094118427016639,-0.2723285713282917,0.013042038214105212,0.08094118427016639,0.2723285713282917
100,130,0.05,0.4,1.0,36,call,2.3145570370317703,0.026783900601994065,0.032864709035493433,2.2991878001081774,0.002574604090888075,1.1558535623878246,2.3145570370317694,0.02678390060199406,1.8993603316905108,108.2247868741025,0.025416000047698617,8.881784197001252e-16,3.469446951953614e-18,2.211811462391425,3.033294342458248e-05,2.074170270662435,4.375004209578037e-06,-0.015369236923592933,-0.10274557464034517,-0.2403867663693351,0.015369236923592933,0.10274557464034517,0.2403867663693351,0.015369236923592933,-0.08737633771675224,-0.22501752944574216,0.015369236923592933,0.08737633771675224,0.22501752944574216
100,130,0.05,0.4,1.0,52,call,2.245103917314974,0.026324463934725095,0.03855087503325194,2.25376759832799,0.002508150654570036,1.1577568259980042,2.2451039173149754,0.0263244639347251,1.8594741769381857,110.15693245627222,0.03292162495199591,-1.3322676295501878e-15,-3.469446951953614e-18,2.169134376989133,4.8874993808567524e-05,2.074170270662435,4.292000085115433e-06,0.008663681013016067,-0.07596954032584113,-0.17093364665253885,0.008663681013016067,0.07596954032584113,0.17093364665253885,-0.008663681013016067,-0.0846332213388572,-0.17959732766555492,0.008663681013016067,0.0846332213388572,0.17959732766555492
100,130,0.05,0.4,1.0,78,call,2.2253713128304917,0.026164732273977476,0.059933625045232475,2.2277924525784663,0.0025288441294147846,1.161447950141408,2.2253713128304913,0.02616473227397747,1.829788901086064,107.05044265995082,0.05132066702935845,4.440892098500626e-16,6.938893903907228e-18,2.137315506847102,0.00010774994734674692,2.074170270662435,4.708068445324898e-06,0.0024211397479745322,-0.08805580598338958,-0.15120104216805652,0.0024211397479745322,0.08805580598338958,0.15120104216805652,-0.0024211397479745322,-0.09047694573136411,-0.15362218191603105,0.0024211397479745322,0.09047694573136411,0.15362218191603105
100,130,0.05,0.4,1.0,126,call,2.2124437192179016,0.025903552513375214,0.09933300002012402,2.195935445253664,0.002460896143057619,1.1575402224934908,2.2124437192179007,0.02590355251337521,1.8073042235904013,110.79804227380247,0.08436220907606184,8.881784197001252e-16,3.469446951953614e-18,2.113182319919779,0.00014591694343835115,2.074170270662435,4.166970029473305e-06,-0.016508273964237485,-0.09926139929812283,-0.13827344855546642,0.016508273964237485,0.09926139929812283,0.13827344855546642,0.016508273964237485,-0.08275312533388535,-0.12176517459122893,0.016508273964237485,0.08275312533388535,0.12176517459122893
100,130,0.05,0.4,1.0,180,call,2.2028408353256403,0.026083634114089364,0.14601716701872647,2.190826391057711,0.0024930707822865108,1.1630054961734038,2.2028408353256412,0.02608363411408937,1.796384707533411,109.46290791065394,0.13487658300437033,-8.881784197001252e-16,-6.938893903907228e-18,2.1014520413532884,0.00021712493617087603,2.074170270662435,3.5420525819063187e-06,-0.012014444267929303,-0.1013887939723519,-0.12867056466320514,0.012014444267929303,0.1013887939723519,0.12867056466320514,0.012014444267929303,-0.0893743497044226,-0.11665612039527584,0.012014444267929303,0.0893743497044226,0.11665612039527584
100,130,0.05,0.4,1.0,252,call,2.207932092510384,0.02637852096832099,0.21280283306259662,2.1864256679173053,0.0025484442394159315,1.1661606104070097,2.2079320925103825,0.02637852096832098,1.7891202762853016,107.13974571353356,0.19396041694562882,1.3322676295501878e-15,6.938893903907228e-18,2.0936445280363682,0.0003439580323174596,2.074170270662435,3.5420525819063187e-06,-0.0215064245930785,-0.11428756447401556,-0.1337618218479486,0.0215064245930785,0.11428756447401556,0.1337618218479486,0.0215064245930785,-0.09278113988093706,-0.1122553972548701,0.0215064245930785,0.09278113988093706,0.1122553972548701
100,130,0.05,0.5,1.0,4,call,5.867695664860903,0.05622124543351052,0.003565291059203446,5.73046074226051,0.005426888501536409,1.1101815686195013,5.867695664860903,0.05622124543351052,5.008922534132254,107.32456239403815,0.004461999982595444,0.0,0.0,5.711764743700694,1.3792072422802448e-05,3.7940487251424275,2.8329668566584587e-06,-0.13723492260039283,-0.15593092116020824,-2.073646939718475,0.13723492260039283,0.15593092116020824,2.073646939718475,0.13723492260039283,-0.018695998559815408,-1.9364120171180823,0.13723492260039283,0.018695998559815408,1.9364120171180823
100,130,0.05,0.5,1.0,6,call,5.113673467168563,0.050222913929780316,0.0044267079792916775,5.097077888800954,0.004983295787690287,1.131132362569588,5.113673467168561,0.0502229139297803,4.360694279583684,101.57117628209737,0.005639708018861711,1.7763568394002505e-15,1.3877787807814457e-17,5.052700307975824,1.3749930076301098e-05,3.7940487251424275,2.4579931050539017e-06,-0.01659557836760861,-0.06097315919273871,-1.3196247420261353,0.01659557836760861,0.06097315919273871,1.3196247420261353,0.01659557836760861,-0.0443775808251301,-1.3030291636585267,0.01659557836760861,0.0443775808251301,1.3030291636585267
100,130,0.05,0.5,1.0,8,call,4.783226363313252,0.04777836720307808,0.005991042009554803,4.781507335848824,0.004801054951357841,1.141097484513121,4.783226363313253,0.04777836720307808,4.048617958189676,99.03512503790309,0.006620500003919005,-8.881784197001252e-16,0.0,4.730059594488318,2.2458028979599476e-05,3.7940487251424275,2.291053533554077e-06,-0.0017190274644285353,-0.05316676882493443,-0.9891776381708248,0.0017190274644285353,0.05316676882493443,0.9891776381708248,0.0017190274644285353,-0.051447741360505894,-0.9874586107063963,0.0017190274644285353,0.051447741360505894,0.9874586107063963
100,130,0.05,0.5,1.0,12,call,4.493469610669919,0.04539363280186742,0.008444250095635653,4.479987142909607,0.004608210304061797,1.150704670154636,4.4934696106699175,0.045393632801867416,3.7448290977658845,97.034304886527,0.008301874971948564,1.7763568394002505e-15,6.938893903907228e-18,4.412476892746077,1.7749960534274578e-05,3.7940487251424275,2.874992787837982e-06,-0.013482467760312034,-0.08099271792384233,-0.6994208855274917,0.013482467760312034,0.08099271792384233,0.6994208855274917,0.013482467760312034,-0.0675102501635303,-0.6859384177671797,0.013482467760312034,0.0675102501635303,0.6859384177671797
100,130,0.05,0.5,1.0,18,call,4.2444470254803415,0.04367899193836071,0.01450741698499769,4.27660434173355,0.0043911182743941865,1.1604164657290434,4.244447025480341,0.0436789919383607,3.5470190592785564,98.94524852622555,0.012243084027431905,8.881784197001252e-16,6.938893903907228e-18,4.203752856142393,1.991703175008297e-05,3.7940487251424275,3.2919924706220627e-06,0.03215731625320828,-0.04069416933794834,-0.45039830033791395,0.03215731625320828,0.04069416933794834,0.45039830033791395,-0.03215731625320828,-0.07285148559115662,-0.4825556165911222,0.03215731625320828,0.07285148559115662,0.4825556165911222
100,130,0.05,0.5,1.0,26,call,4.170289886219258,0.042654316502620505,0.021173665998503566,4.150683560797901,0.00435044293882537,1.163840574517637,4.17028988621926,0.04265431650262051,3.4272028824031606,96.13001738183495,0.017379374941810966,-1.7763568394002505e-15,-6.938893903907228e-18,4.076561111333828,2.220796886831522e-05,3.7940487251424275,2.791057340800762e-06,-0.019606325421356985,-0.09372877488543008,-0.3762411610768308,0.019606325421356985,0.09372877488543008,0.3762411610768308,0.019606325421356985,-0.07412244946407309,-0.3566348356554738,0.019606325421356985,0.07412244946407309,0.3566348356554738
100,130,0.05,0.5,1.0,36,call,4.106971732476543,0.04218473027857709,0.028806457994505763,4.080980960433227,0.004297969831423667,1.1701439207810183,4.106971732476542,0.04218473027857708,3.3530680248213764,96.33493924582285,0.024640917079523206,8.881784197001252e-16,6.938893903907228e-18,3.9975674721454806,2.97910301014781e-05,3.7940487251424275,4.125060513615608e-06,-0.025990772043316568,-0.10940426033106254,-0.3129230073341156,0.025990772043316568,0.10940426033106254,0.3129230073341156,0.025990772043316568,-0.08341348828774597,-0.28693223529079903,0.025990772043316568,0.08341348828774597,0.28693223529079903
100,130,0.05,0.5,1.0,52,call,4.011133362214732,0.041505835390410355,0.03921795904170722,4.020110131604427,0.004219265722203111,1.1716877519264997,4.011133362214733,0.041505835390410355,3.2941794779576417,96.77085182982405,0.033152416930533946,-8.881784197001252e-16,0.0,3.934656165011809,3.9792037568986416e-05,3.7940487251424275,4.624947905540466e-06,0.008976769389694716,-0.07647719720292301,-0.21708463707230452,0.008976769389694716,0.07647719720292301,0.21708463707230452,-0.008976769389694716,-0.08545396659261772,-0.22606140646199924,0.008976769389694716,0.08545396659261772,0.22606140646199924
100,130,0.05,0.5,1.0,78,call,3.977450521189604,0.04131266016297852,0.06016729201655835,3.9768657598507464,0.004218524246467963,1.1757670817263084,3.9774505211896036,0.04131266016297852,3.250259300235929,95.90587717489656,0.05071920808404684,4.440892098500626e-16,0.0,3.887640651106317,9.1959023848176e-05,3.7940487251424275,3.2919924706220627e-06,-0.0005847613388576534,-0.089809870083287,-0.18340179604717655,0.0005847613388576534,0.089809870083287,0.18340179604717655,0.0005847613388576534,-0.08922510874442935,-0.1828170347083189,0.0005847613388576534,0.08922510874442935,0.1828170347083189
100,130,0.05,0.5,1.0,126,call,3.9549496715640484,0.04091912313277846,0.09863783395849168,3.930145914277803,0.004094152991114272,1.17107455028997,3.9549496715640475,0.04091912313277845,3.2169387047237636,99.89057249721475,0.08476762496866286,8.881784197001252e-16,6.938893903907228e-18,3.851917085026187,0.00014583300799131393,3.7940487251424275,5.041016265749931e-06,-0.02480375728624562,-0.10303258653786163,-0.1609009464216209,0.02480375728624562,0.10303258653786163,0.1609009464216209,0.02480375728624562,-0.078228829251616,-0.13609718913537527,0.02480375728624562,0.078228829251616,0.13609718913537527
100,130,0.05,0.5,1.0,180,call,3.9454994066242652,0.04121962808412557,0.14578783395700157,3.9264320120587723,0.004182260001616327,1.1772582810792827,3.9454994066242657,0.041219628084125576,3.200739728873766,97.13731189909376,0.13345704204402864,-4.440892098500626e-16,-6.938893903907228e-18,3.834532757919052,0.00027445796877145767,3.7940487251424275,4.167086444795132e-06,-0.01906739456549289,-0.11096664870521344,-0.1514506814818377,0.01906739456549289,0.11096664870521344,0.1514506814818377,0.01906739456549289,-0.09189925413972055,-0.13238328691634482,0.01906739456549289,0.09189925413972055,0.13238328691634482
100,130,0.05,0.5,1.0,252,call,3.950343410424395,0.04164751116982115,0.209036166081205,3.921555947836254,0.0042899572393311795,1.1811950634058141,3.9503434104243933,0.04164751116982114,3.1899567690900503,94.24800804133186,0.19641241698991507,1.7763568394002505e-15,6.938893903907228e-18,3.822954522157429,0.00035395799204707146,3.7940487251424275,4.250090569257736e-06,-0.028787462588141022,-0.12738888826696604,-0.15629468528196755,0.028787462588141022,0.12738888826696604,0.15629468528196755,0.028787462588141022,-0.09860142567882502,-0.12750722269382653,0.028787462588141022,0.09860142567882502,0.12750722269382653
100,130,0.05,0.6,1.0,4,call,8.39104806651859,0.07777833286801873,0.003585917060263455,8.20756327720145,0.008482016832962687,1.126877788893605,8.39104806651859,0.07777833286801873,7.071573708157395,84.08509131086511,0.0045385409612208605,0.0,0.0,8.24416344360927,1.4125020243227482e-05,5.783876292027817,2.959044650197029e-06,-0.18348478931713963,-0.1468846229093188,-2.607171774490772,0.18348478931713963,0.1468846229093188,2.607171774490772,0.18348478931713963,0.03660016640782082,-2.4236869851736325,0.18348478931713963,0.03660016640782082,2.4236869851736325
100,130,0.05,0.6,1.0,6,call,7.422310627659647,0.0698504318112146,0.004484959063120186,7.403071023586548,0.007756262334346127,1.1494973030564206,7.422310627659646,0.06985043181121459,6.242060315215113,81.1023076337916,0.005543209030292928,8.881784197001252e-16,1.3877787807814457e-17,7.408158530812664,1.3999990187585354e-05,5.783876292027817,2.5420449674129486e-06,-0.01923960407309977,-0.014152096846983042,-1.63843433563183,0.01923960407309977,0.014152096846983042,1.63843433563183,0.01923960407309977,0.0050875072261167276,-1.6191947315587303,0.01923960407309977,0.0050875072261167276,1.6191947315587303
100,130,0.05,0.6,1.0,8,call,6.998985365958233,0.06671991480346581,0.005635374924167991,6.998285591324578,0.007464981353444213,1.1601044131050264,6.998985365958233,0.06671991480346581,5.840721687553093,79.88284277616926,0.006888165953569114,0.0,0.0,6.995615648671561,1.4750054106116295e-05,5.783876292027817,2.6669586077332497e-06,-0.0006997746336550037,-0.0033697172866720138,-1.2151090739304156,0.0006997746336550037,0.0033697172866720138,1.2151090739304156,0.0006997746336550037,-0.00266994265301701,-1.2144092992967606,0.0006997746336550037,0.00266994265301701,1.2144092992967606
100,130,0.05,0.6,1.0,12,call,6.6278073295323106,0.06359009751797239,0.00934150000102818,6.608130497988094,0.007110914719703086,1.1698244128460242,6.627807329532309,0.06359009751797239,5.4484814827101395,79.9701741026349,0.009048874955624342,1.7763568394002505e-15,0.0,6.587145717902051,1.8457998521625996e-05,5.783876292027817,2.749962732195854e-06,-0.019676831544216178,-0.04066161163025939,-0.8439310375044933,0.019676831544216178,0.04066161163025939,0.8439310375044933,0.019676831544216178,-0.02098478008604321,-0.8242542059602771,0.019676831544216178,0.02098478008604321,0.8242542059602771
100,130,0.05,0.6,1.0,18,call,6.301786057596695,0.06137440982960123,0.014775000046938658,6.343709134069309,0.006764416644233217,1.1801471494217084,6.3017860575966935,0.06137440982960123,5.1921143136154,82.32162962961432,0.012382916989736259,1.7763568394002505e-15,0.0,6.317269688450565,1.8834020011126995e-05,5.783876292027817,2.834014594554901e-06,0.04192307647261373,0.015483630853869279,-0.517909765568878,0.04192307647261373,0.015483630853869279,0.517909765568878,-0.04192307647261373,-0.02643944561874445,-0.5598328420414918,0.04192307647261373,0.02643944561874445,0.5598328420414918
100,130,0.05,0.6,1.0,26,call,6.2056200614597365,0.0599476172995869,0.022247458924539387,6.1824548581431955,0.006691495281562064,1.182702060244206,6.205620061459739,0.059947617299586906,5.036413901655297,80.25969410646087,0.022066041943617165,-2.6645352591003757e-15,-6.938893903907228e-18,6.152218582584651,2.1249987185001373e-05,5.783876292027817,2.6670750230550766e-06,-0.02316520331654104,-0.053401478875085395,-0.42174376943191927,0.02316520331654104,0.053401478875085395,0.42174376943191927,0.02316520331654104,-0.030236275558544357,-0.39857856611537823,0.02316520331654104,0.030236275558544357,0.39857856611537823
100,130,0.05,0.6,1.0,36,call,6.121982424083688,0.05940385184877684,0.02839345799293369,6.090569297379676,0.006617547437220381,1.1897798739332632,6.121982424083687,0.05940385184877683,4.939906777701611,80.5814515457048,0.024569000001065433,8.881784197001252e-16,1.3877787807814457e-17,6.0494736909168,2.8208945877850056e-05,5.783876292027817,3.2909447327256203e-06,-0.031413126704012306,-0.0725087331668881,-0.3381061320558709,0.031413126704012306,0.0725087331668881,0.3381061320558709,0.031413126704012306,-0.0410956064628758,-0.3066930053518586,0.031413126704012306,0.0410956064628758,0.3066930053518586
100,130,0.05,0.6,1.0,52,call,6.006159140754248,0.058478516661977356,0.03927566693164408,6.012060138703342,0.006507734230672719,1.1911810374008338,6.0061591407542485,0.058478516661977356,4.8631500109723795,80.74824257543627,0.034814959042705595,-8.881784197001252e-16,0.0,5.967511561999706,5.395803600549698e-05,5.783876292027817,4.541943781077862e-06,0.005900997949094489,-0.03864757875454128,-0.22228284872643034,0.005900997949094489,0.03864757875454128,0.22228284872643034,-0.005900997949094489,-0.04454857670363577,-0.22818384667552483,0.005900997949094489,0.04454857670363577,0.22818384667552483
100,130,0.05,0.6,1.0,78,call,5.955265565892609,0.05826738178545407,0.05965037504211068,5.953974301051231,0.006502336899711111,1.1957046875609703,5.955265565892609,0.058267381785454056,4.805845490488546,80.29935790549648,0.052407040959224105,0.0,1.3877787807814457e-17,5.906178683800281,0.00013349996879696846,5.783876292027817,4.291068762540817e-06,-0.0012912648413783145,-0.04908688209232803,-0.17138927386479175,0.0012912648413783145,0.04908688209232803,0.17138927386479175,0.0012912648413783145,-0.04779561725094972,-0.17009800902341343,0.0012912648413783145,0.04779561725094972,0.17009800902341343
100,130,0.05,0.6,1.0,126,call,5.924465346600738,0.057678950846227484,0.10245979100000113,5.893174244449832,0.006271776913970639,1.189894414976283,5.924465346600737,0.05767895084622748,4.762336783712477,84.57723829232484,0.0895285839214921,8.881784197001252e-16,6.938893903907228e-18,5.859529738744537,0.00036108295898884535,5.783876292027817,4.500034265220165e-06,-0.031291102150905914,-0.06493560785620112,-0.1405890545729207,0.031291102150905914,0.06493560785620112,0.1405890545729207,0.031291102150905914,-0.0336445057052952,-0.10929795242201479,0.031291102150905914,0.0336445057052952,0.10929795242201479
100,130,0.05,0.6,1.0,180,call,5.916042340686477,0.05818991204366761,0.15443349990528077,5.890157191774841,0.006442123010134262,1.1972746883853622,5.916042340686477,0.05818991204366762,4.741174035496469,81.59008300335816,0.1620105420006439,0.0,-1.3877787807814457e-17,5.836813968081013,0.00026154203806072474,5.783876292027817,5.083042196929455e-06,-0.025885148911636513,-0.07922837260546434,-0.13216604865866,0.025885148911636513,0.07922837260546434,0.13216604865866,0.025885148911636513,-0.053343223693827824,-0.10628089974702348,0.025885148911636513,0.053343223693827824,0.10628089974702348
100,130,0.05,0.6,1.0,252,call,5.9240568310252115,0.05880974949689683,0.21121550002135336,5.885637942199354,0.006640774894691525,1.202179976529846,5.924056831025209,0.0588097494968968,4.727082951930064,78.42619429713304,0.20091195800341666,2.6645352591003757e-15,2.7755575615628914e-17,5.82167949453166,0.00034254195634275675,5.783876292027817,4.541943781077862e-06,-0.03841888882585742,-0.10237733649355185,-0.14018053899739424,0.03841888882585742,0.10237733649355185,0.14018053899739424,0.03841888882585742,-0.06395844766769443,-0.10176165017153682,0.03841888882585742,0.06395844766769443,0.10176165017153682
