S0,K,moneyness,log_moneyness,r,T,sigma,sigma2,n,inv_n,inv_sqrt_n,option_type,cv_mc_price,cv_mc_se,tw_price,tw_residual,tw_abs_residual,tw_rel_residual,scaled_tw_residual,scaled_tw_abs_residual
80,56.0,0.7,-0.35667494393873245,0.05,0.25,0.1,0.010000000000000002,12,0.08333333333333333,0.2886751345948129,call,24.23912926761291,3.4462946322493935e-05,24.239134531961298,5.264348388323015e-06,5.264348388323015e-06,2.171838901555333e-07,6.580435485403768e-08,6.580435485403768e-08
80,56.0,0.7,-0.35667494393873245,0.05,0.25,0.1,0.010000000000000002,26,0.038461538461538464,0.19611613513818404,call,24.21680823239798,3.420516876916882e-05,24.21683261900097,2.438660299119988e-05,2.438660299119988e-05,1.0070114425143252e-06,3.048325373899985e-07,3.048325373899985e-07
80,56.0,0.7,-0.35667494393873245,0.05,0.25,0.1,0.010000000000000002,52,0.019230769230769232,0.1386750490563073,call,24.207304208183345,3.424343590817815e-05,24.20727593241719,-2.8275766155161364e-05,2.8275766155161364e-05,-1.1680675349881654e-06,-3.5344707693951705e-07,3.5344707693951705e-07
80,56.0,0.7,-0.35667494393873245,0.05,0.25,0.1,0.010000000000000002,126,0.007936507936507936,0.0890870806374748,call,24.20165435892151,3.3871250739514704e-05,24.201663632104555,9.273183046332178e-06,9.273183046332178e-06,3.8316318830137265e-07,1.1591478807915223e-07,1.1591478807915223e-07
80,56.0,0.7,-0.35667494393873245,0.05,0.25,0.2,0.04000000000000001,12,0.08333333333333333,0.2886751345948129,call,24.238933305577635,0.00013484502735094733,24.23913453304171,0.00020122746407480463,0.00020122746407480463,8.301828365875328e-06,2.5153433009350577e-06,2.5153433009350577e-06
80,56.0,0.7,-0.35667494393873245,0.05,0.25,0.2,0.04000000000000001,26,0.038461538461538464,0.19611613513818404,call,24.217051637653853,0.00013550511124071747,24.21683261932173,-0.00021901833212467636,0.00021901833212467636,-9.043971801428377e-06,-2.7377291515584544e-06,2.7377291515584544e-06
80,56.0,0.7,-0.35667494393873245,0.05,0.25,0.2,0.04000000000000001,52,0.019230769230769232,0.1386750490563073,call,24.207400139875798,0.00013442553759460037,24.207275932600975,-0.00012420727482265193,0.00012420727482265193,-5.130963015646223e-06,-1.5525909352831491e-06,1.5525909352831491e-06
80,56.0,0.7,-0.35667494393873245,0.05,0.25,0.2,0.04000000000000001,126,0.007936507936507936,0.0890870806374748,call,24.201652773454327,0.00013422699357879084,24.201663632235622,1.0858781294587061e-05,1.0858781294587061e-05,4.486793276572233e-07,1.3573476618233826e-07,1.3573476618233826e-07
80,56.0,0.7,-0.35667494393873245,0.05,0.25,0.3,0.09,12,0.08333333333333333,0.2886751345948129,call,24.239204727726605,0.0003061392465960708,24.239190898792167,-1.3828934438464557e-05,1.3828934438464557e-05,-5.705193133933967e-07,-1.7286168048080696e-07,1.7286168048080696e-07
80,56.0,0.7,-0.35667494393873245,0.05,0.25,0.3,0.09,26,0.038461538461538464,0.19611613513818404,call,24.216861332441972,0.00030390230411643027,24.21686403424751,2.701805538407598e-06,2.701805538407598e-06,1.1156712264723341e-07,3.377256923009497e-08,3.377256923009497e-08
80,56.0,0.7,-0.35667494393873245,0.05,0.25,0.3,0.09,52,0.019230769230769232,0.1386750490563073,call,24.20716045138712,0.00030326728033635257,24.207299979325263,0.00013952793814198117,0.00013952793814198117,5.763911815356515e-06,1.7440992267747646e-06,1.7440992267747646e-06
80,56.0,0.7,-0.35667494393873245,0.05,0.25,0.3,0.09,126,0.007936507936507936,0.0890870806374748,call,24.20205306137857,0.0003010833897863339,24.201684082047322,-0.0003689793312489087,0.0003689793312489087,-1.5245786393127233e-05,-4.612241640611359e-06,4.612241640611359e-06
80,56.0,0.7,-0.35667494393873245,0.05,0.25,0.4,0.16000000000000003,12,0.08333333333333333,0.2886751345948129,call,24.241283218382932,0.0005388092793962201,24.24278576214931,0.0015025437663780394,0.0015025437663780394,6.19828477247695e-05,1.8781797079725494e-05,1.8781797079725494e-05
80,56.0,0.7,-0.35667494393873245,0.05,0.25,0.4,0.16000000000000003,26,0.038461538461538464,0.19611613513818404,call,24.219324699316058,0.000542092328349029,24.219376681226663,5.1981910605292114e-05,5.1981910605292114e-05,2.146298926607151e-06,6.497738825661514e-07,6.497738825661514e-07
80,56.0,0.7,-0.35667494393873245,0.05,0.25,0.4,0.16000000000000003,52,0.019230769230769232,0.1386750490563073,call,24.208720287316265,0.0005392328042333115,24.20943369737182,0.0007134100555568068,0.0007134100555568068,2.946913538137683e-05,8.917625694460085e-06,8.917625694460085e-06
80,56.0,0.7,-0.35667494393873245,0.05,0.25,0.4,0.16000000000000003,126,0.007936507936507936,0.0890870806374748,call,24.202618794611794,0.0005326528964817566,24.203616673255027,0.0009978786432327524,0.0009978786432327524,4.123019296799854e-05,1.2473483040409406e-05,1.2473483040409406e-05
80,56.0,0.7,-0.35667494393873245,0.05,0.25,0.5,0.25,12,0.08333333333333333,0.2886751345948129,call,24.26414214481172,0.0008424699255391387,24.270203410343775,0.006061265532053994,0.006061265532053994,0.0002498034134435717,7.576581915067493e-05,7.576581915067493e-05
80,56.0,0.7,-0.35667494393873245,0.05,0.25,0.5,0.25,26,0.038461538461538464,0.19611613513818404,call,24.23497482051654,0.0008364192752739449,24.240887719187082,0.005912898670541011,0.005912898670541011,0.00024398204307335793,7.391123338176264e-05,7.391123338176264e-05
80,56.0,0.7,-0.35667494393873245,0.05,0.25,0.5,0.25,52,0.019230769230769232,0.1386750490563073,call,24.22386509325179,0.0008348570259544375,24.22869027480681,0.004825181555020208,0.004825181555020208,0.00019919123296159672,6.03147694377526e-05,6.03147694377526e-05
80,56.0,0.7,-0.35667494393873245,0.05,0.25,0.5,0.25,126,0.007936507936507936,0.0890870806374748,call,24.21493556140012,0.0008286914361532996,24.221624487658662,0.006688926258540562,0.006688926258540562,0.00027623142921772055,8.361157823175703e-05,8.361157823175703e-05
80,56.0,0.7,-0.35667494393873245,0.05,0.25,0.6,0.36,12,0.08333333333333333,0.2886751345948129,call,24.330588473792087,0.0011856885212721147,24.352703450332694,0.02211497654060679,0.02211497654060679,0.0009089371826919902,0.0002764372067575849,0.0002764372067575849
80,56.0,0.7,-0.35667494393873245,0.05,0.25,0.6,0.36,26,0.038461538461538464,0.19611613513818404,call,24.288287656563135,0.0011724720882601738,24.31008842922248,0.021800772659343437,0.021800772659343437,0.000897583764142075,0.000272509658241793,0.000272509658241793
80,56.0,0.7,-0.35667494393873245,0.05,0.25,0.6,0.36,52,0.019230769230769232,0.1386750490563073,call,24.269362501452765,0.001164098523968748,24.292562879143098,0.02320037769033334,0.02320037769033334,0.000955953321350924,0.00029000472112916675,0.00029000472112916675
80,56.0,0.7,-0.35667494393873245,0.05,0.25,0.6,0.36,126,0.007936507936507936,0.0890870806374748,call,24.26211809569589,0.001170103395629945,24.282473577704867,0.020355482008977077,0.020355482008977077,0.0008389820677935019,0.00025444352511221345,0.00025444352511221345
80,64.0,0.8,-0.2231435513142097,0.05,0.25,0.1,0.010000000000000002,12,0.08333333333333333,0.2886751345948129,call,16.33852859774646,3.442111845531083e-05,16.33851212801026,-1.6469736198843066e-05,1.6469736198843066e-05,-1.008030564093434e-06,-2.0587170248553833e-07,2.0587170248553833e-07
80,64.0,0.8,-0.2231435513142097,0.05,0.25,0.1,0.010000000000000002,26,0.038461538461538464,0.19611613513818404,call,16.316208052944347,3.406738602598077e-05,16.316210215049928,2.1621055807941048e-06,2.1621055807941048e-06,1.325127489045435e-07,2.7026319759926308e-08,2.7026319759926308e-08
80,64.0,0.8,-0.2231435513142097,0.05,0.25,0.1,0.010000000000000002,52,0.019230769230769232,0.1386750490563073,call,16.306665133321903,3.393667328882041e-05,16.30665352846614,-1.1604855764346667e-05,1.1604855764346667e-05,-7.116633394667982e-07,-1.4506069705433334e-07,1.4506069705433334e-07
80,64.0,0.8,-0.2231435513142097,0.05,0.25,0.1,0.010000000000000002,126,0.007936507936507936,0.0890870806374748,call,16.301013933245294,3.385324173532233e-05,16.301041228153505,2.729490821096192e-05,2.729490821096192e-05,1.6744300889955685e-06,3.41186352637024e-07,3.41186352637024e-07
80,64.0,0.8,-0.2231435513142097,0.05,0.25,0.2,0.04000000000000001,12,0.08333333333333333,0.2886751345948129,call,16.338779367160704,0.00013614822523138232,16.338606722416348,-0.00017264474435663146,0.00017264474435663146,-1.0566563173233734e-05,-2.158059304457893e-06,2.158059304457893e-06
80,64.0,0.8,-0.2231435513142097,0.05,0.25,0.2,0.04000000000000001,26,0.038461538461538464,0.19611613513818404,call,16.31631427530755,0.00013507594064585848,16.31626601637857,-4.825892898097095e-05,4.825892898097095e-05,-2.9577101891205943e-06,-6.032366122621368e-07,6.032366122621368e-07
80,64.0,0.8,-0.2231435513142097,0.05,0.25,0.2,0.04000000000000001,52,0.019230769230769232,0.1386750490563073,call,16.30659424545713,0.0001343210527079731,16.306697372389575,0.00010312693244429738,0.00010312693244429738,6.324247166021661e-06,1.2890866555537173e-06,1.2890866555537173e-06
80,64.0,0.8,-0.2231435513142097,0.05,0.25,0.2,0.04000000000000001,126,0.007936507936507936,0.0890870806374748,call,16.30100694525437,0.00013447765027182777,16.30107911081077,7.216555639999456e-05,7.216555639999456e-05,4.427061263292311e-06,9.02069454999932e-07,9.02069454999932e-07
80,64.0,0.8,-0.2231435513142097,0.05,0.25,0.3,0.09,12,0.08333333333333333,0.2886751345948129,call,16.350238350222288,0.00030017145498639417,16.351859969551665,0.0016216193293772108,0.0016216193293772108,9.91801645114956e-05,2.0270241617215135e-05,2.0270241617215135e-05
80,64.0,0.8,-0.2231435513142097,0.05,0.25,0.3,0.09,26,0.038461538461538464,0.19611613513818404,call,16.323933769129777,0.00029480522783487914,16.326351739636696,0.0024179705069187207,0.0024179705069187207,0.00014812425369498556,3.0224631336484008e-05,3.0224631336484008e-05
80,64.0,0.8,-0.2231435513142097,0.05,0.25,0.3,0.09,52,0.019230769230769232,0.1386750490563073,call,16.313387248196968,0.0002958867612823433,16.315603933730255,0.002216685533287688,0.002216685533287688,0.00013588137764170873,2.7708569166096096e-05,2.7708569166096096e-05
80,64.0,0.8,-0.2231435513142097,0.05,0.25,0.3,0.09,126,0.007936507936507936,0.0890870806374748,call,16.308179027086172,0.00029640362874823375,16.309340401970562,0.001161374884389943,0.001161374884389943,7.121425895932473e-05,1.4517186054874286e-05,1.4517186054874286e-05
80,64.0,0.8,-0.2231435513142097,0.05,0.25,0.4,0.16000000000000003,12,0.08333333333333333,0.2886751345948129,call,16.43157986679036,0.0005133099689314224,16.442802823057736,0.011222956267374684,0.011222956267374684,0.0006830113938135216,0.00014028695334218356,0.00014028695334218356
80,64.0,0.8,-0.2231435513142097,0.05,0.25,0.4,0.16000000000000003,26,0.038461538461538464,0.19611613513818404,call,16.391987673383746,0.0005071593582840983,16.40307982845115,0.011092155067405685,0.011092155067405685,0.0006766815158979415,0.00013865193834257107,0.00013865193834257107
80,64.0,0.8,-0.2231435513142097,0.05,0.25,0.4,0.16000000000000003,52,0.019230769230769232,0.1386750490563073,call,16.375057970755673,0.0005011195196999834,16.386621222359768,0.01156325160409466,0.01156325160409466,0.0007061502698033527,0.00014454064505118325,0.00014454064505118325
80,64.0,0.8,-0.2231435513142097,0.05,0.25,0.4,0.16000000000000003,126,0.007936507936507936,0.0890870806374748,call,16.366560994633204,0.0005016924391179603,16.37711220886951,0.010551214236304673,0.010551214236304673,0.0006446812033245436,0.0001318901779538084,0.0001318901779538084
80,64.0,0.8,-0.2231435513142097,0.05,0.25,0.5,0.25,12,0.08333333333333333,0.2886751345948129,call,16.63314508639686,0.0007703176125086772,16.66199286749378,0.02884778109692121,0.02884778109692121,0.0017343551653688086,0.0003605972637115151,0.0003605972637115151
80,64.0,0.8,-0.2231435513142097,0.05,0.25,0.5,0.25,26,0.038461538461538464,0.19611613513818404,call,16.568526733083726,0.0007606082870009072,16.59796010427683,0.029433371193103852,0.029433371193103852,0.0017764627879877724,0.00036791713991379815,0.00036791713991379815
80,64.0,0.8,-0.2231435513142097,0.05,0.25,0.5,0.25,52,0.019230769230769232,0.1386750490563073,call,16.542682031528205,0.0007612100846824074,16.57137369460871,0.028691663080504526,0.028691663080504526,0.001734402137804616,0.0003586457885063066,0.0003586457885063066
80,64.0,0.8,-0.2231435513142097,0.05,0.25,0.5,0.25,126,0.007936507936507936,0.0890870806374748,call,16.525255576094473,0.0007515508439476233,16.55600305012383,0.030747474029357846,0.030747474029357846,0.0018606353098609449,0.0003843434253669731,0.0003843434253669731
80,64.0,0.8,-0.2231435513142097,0.05,0.25,0.6,0.36,12,0.08333333333333333,0.2886751345948129,call,16.95606879447235,0.0010935934295776093,17.00831478312723,0.05224598865487806,0.05224598865487806,0.003081255996785656,0.0006530748581859757,0.0006530748581859757
80,64.0,0.8,-0.2231435513142097,0.05,0.25,0.6,0.36,26,0.038461538461538464,0.19611613513818404,call,16.861750631729244,0.0010712127900067282,16.91474278209608,0.05299215036683691,0.05299215036683691,0.0031427430949619224,0.0006624018795854614,0.0006624018795854614
80,64.0,0.8,-0.2231435513142097,0.05,0.25,0.6,0.36,52,0.019230769230769232,0.1386750490563073,call,16.823463547531638,0.0010752896223588633,16.875631710690406,0.052168163158768266,0.052168163158768266,0.0031009169432546753,0.0006521020394846033,0.0006521020394846033
80,64.0,0.8,-0.2231435513142097,0.05,0.25,0.6,0.36,126,0.007936507936507936,0.0890870806374748,call,16.797014784237145,0.0010543237142122016,16.852947380279744,0.0559325960425987,0.0559325960425987,0.003329912889943256,0.0006991574505324838,0.0006991574505324838
80,72.0,0.9,-0.10536051565782628,0.05,0.25,0.1,0.010000000000000002,12,0.08333333333333333,0.2886751345948129,call,8.437973698242393,3.416223555382256e-05,8.437962914055612,-1.0784186780909977e-05,1.0784186780909977e-05,-1.2780540881700416e-06,-1.3480233476137471e-07,1.3480233476137471e-07
80,72.0,0.9,-0.10536051565782628,0.05,0.25,0.1,0.010000000000000002,26,0.038461538461538464,0.19611613513818404,call,8.41563302275505,3.404709124495061e-05,8.41563282051794,-2.0223711061362337e-07,2.0223711061362337e-07,-2.4031122800482618e-08,-2.527963882670292e-09,2.527963882670292e-09
80,72.0,0.9,-0.10536051565782628,0.05,0.25,0.1,0.010000000000000002,52,0.019230769230769232,0.1386750490563073,call,8.406051876425119,3.375192871773998e-05,8.406067175157139,1.5298732019886074e-05,1.5298732019886074e-05,1.8199664057262799e-06,1.9123415024857592e-07,1.9123415024857592e-07
80,72.0,0.9,-0.10536051565782628,0.05,0.25,0.1,0.010000000000000002,126,0.007936507936507936,0.0890870806374748,call,8.400451251949212,3.396402496837591e-05,8.400450339854828,-9.12094384020179e-07,9.12094384020179e-07,-1.0857683196584703e-07,-1.1401179800252237e-08,1.1401179800252237e-08
80,72.0,0.9,-0.10536051565782628,0.05,0.25,0.2,0.04000000000000001,12,0.08333333333333333,0.2886751345948129,call,8.496630443294107,0.00012408102562774023,8.499758985829859,0.003128542535751677,0.003128542535751677,0.00036820979288570245,3.910678169689596e-05,3.910678169689596e-05
80,72.0,0.9,-0.10536051565782628,0.05,0.25,0.2,0.04000000000000001,26,0.038461538461538464,0.19611613513818404,call,8.464602000500237,0.00012322615105462857,8.467708994363033,0.0031069938627954485,0.0031069938627954485,0.00036705728900329076,3.883742328494311e-05,3.883742328494311e-05
80,72.0,0.9,-0.10536051565782628,0.05,0.25,0.2,0.04000000000000001,52,0.019230769230769232,0.1386750490563073,call,8.451215125471604,0.0001227760818730505,8.454260979449822,0.003045853978218105,0.003045853978218105,0.000360404265303581,3.807317472772631e-05,3.807317472772631e-05
80,72.0,0.9,-0.10536051565782628,0.05,0.25,0.2,0.04000000000000001,126,0.007936507936507936,0.0890870806374748,call,8.443375721769675,0.00012295050004618434,8.446443347163488,0.0030676253938128895,0.0030676253938128895,0.00036331740939865885,3.834531742266112e-05,3.834531742266112e-05
80,72.0,0.9,-0.10536051565782628,0.05,0.25,0.3,0.09,12,0.08333333333333333,0.2886751345948129,call,8.801341412970903,0.000259174907582197,8.813853981880454,0.012512568909551547,0.012512568909551547,0.0014216661213836397,0.00015640711136939435,0.00015640711136939435
80,72.0,0.9,-0.10536051565782628,0.05,0.25,0.3,0.09,26,0.038461538461538464,0.19611613513818404,call,8.74029859868488,0.00025578416373779367,8.753303064475762,0.01300446579088188,0.01300446579088188,0.0014878743150535628,0.0001625558223860235,0.0001625558223860235
80,72.0,0.9,-0.10536051565782628,0.05,0.25,0.3,0.09,52,0.019230769230769232,0.1386750490563073,call,8.71389422849657,0.00025069061715474904,8.727834499433966,0.013940270937395027,0.013940270937395027,0.0015997750915781057,0.00017425338671743783,0.00017425338671743783
80,72.0,0.9,-0.10536051565782628,0.05,0.25,0.3,0.09,126,0.007936507936507936,0.0890870806374748,call,8.698810408302034,0.00025137983539721596,8.713015952209352,0.014205543907317875,0.014205543907317875,0.0016330444325766986,0.00017756929884147344,0.00017756929884147344
80,72.0,0.9,-0.10536051565782628,0.05,0.25,0.4,0.16000000000000003,12,0.08333333333333333,0.2886751345948129,call,9.320643966207935,0.0004440825237268856,9.346378315430137,0.025734349222201303,0.025734349222201303,0.0027610054965624027,0.0003216793652775163,0.0003216793652775163
80,72.0,0.9,-0.10536051565782628,0.05,0.25,0.4,0.16000000000000003,26,0.038461538461538464,0.19611613513818404,call,9.224881889938061,0.0004299961639901149,9.252438396106546,0.027556506168485484,0.027556506168485484,0.0029871933860250765,0.00034445632710606856,0.00034445632710606856
80,72.0,0.9,-0.10536051565782628,0.05,0.25,0.4,0.16000000000000003,52,0.019230769230769232,0.1386750490563073,call,9.183805739949356,0.0004230637291050675,9.212650173766525,0.02884443381716828,0.02884443381716828,0.003140793112782821,0.0003605554227146035,0.0003605554227146035
80,72.0,0.9,-0.10536051565782628,0.05,0.25,0.4,0.16000000000000003,126,0.007936507936507936,0.0890870806374748,call,9.16153771678542,0.0004256231287992154,9.189420361998783,0.027882645213363588,0.027882645213363588,0.003043445988578759,0.0003485330651670449,0.0003485330651670449
80,72.0,0.9,-0.10536051565782628,0.05,0.25,0.5,0.25,12,0.08333333333333333,0.2886751345948129,call,9.967830370726443,0.000672661122807987,10.010061524847004,0.04223115412056089,0.04223115412056089,0.004236744863213712,0.000527889426507011,0.000527889426507011
80,72.0,0.9,-0.10536051565782628,0.05,0.25,0.5,0.25,26,0.038461538461538464,0.19611613513818404,call,9.83907648424343,0.0006612726937339899,9.882819365984915,0.04374288174148511,0.04374288174148511,0.004445832066814012,0.0005467860217685638,0.0005467860217685638
80,72.0,0.9,-0.10536051565782628,0.05,0.25,0.5,0.25,52,0.019230769230769232,0.1386750490563073,call,9.784411862271583,0.0006577200521533392,9.828684490428552,0.04427262815696942,0.04427262815696942,0.004524812403664591,0.0005534078519621177,0.0005534078519621177
80,72.0,0.9,-0.10536051565782628,0.05,0.25,0.5,0.25,126,0.007936507936507936,0.0890870806374748,call,9.751640580345425,0.0006448739006945027,9.797007854339174,0.04536727399374918,0.04536727399374918,0.004652270930205076,0.0005670909249218647,0.0005670909249218647
80,72.0,0.9,-0.10536051565782628,0.05,0.25,0.6,0.36,12,0.08333333333333333,0.2886751345948129,call,10.691733153682339,0.000971913543778335,10.752426952119713,0.06069379843737366,0.06069379843737366,0.00567670344601428,0.0007586724804671708,0.0007586724804671708
80,72.0,0.9,-0.10536051565782628,0.05,0.25,0.6,0.36,26,0.038461538461538464,0.19611613513818404,call,10.52954513650279,0.0009453080645134259,10.592827781522903,0.06328264502011294,0.06328264502011294,0.006010007478930015,0.0007910330627514117,0.0007910330627514117
80,72.0,0.9,-0.10536051565782628,0.05,0.25,0.6,0.36,52,0.019230769230769232,0.1386750490563073,call,10.45945572781329,0.0009278661763937481,10.524738414486563,0.06528268667327275,0.06528268667327275,0.0062414994022754085,0.0008160335834159094,0.0008160335834159094
80,72.0,0.9,-0.10536051565782628,0.05,0.25,0.6,0.36,126,0.007936507936507936,0.0890870806374748,call,10.416494075698465,0.0009217374595706001,10.48484104794523,0.06834697224676489,0.06834697224676489,0.006561418050072858,0.0008543371530845611,0.0008543371530845611
80,80.0,1.0,0.0,0.05,0.25,0.1,0.010000000000000002,12,0.08333333333333333,0.2886751345948129,call,1.2628285300940878,2.510678899881677e-05,1.2634110623164945,0.0005825322224066731,0.0005825322224066731,0.0004612916231495587,7.2816527800834144e-06,7.2816527800834144e-06
80,80.0,1.0,0.0,0.05,0.25,0.1,0.010000000000000002,26,0.038461538461538464,0.19611613513818404,call,1.2197619333029217,2.405795775071797e-05,1.2203984995416783,0.0006365662387566307,0.0006365662387566307,0.0005218774429473383,7.957077984457882e-06,7.957077984457882e-06
80,80.0,1.0,0.0,0.05,0.25,0.1,0.010000000000000002,52,0.019230769230769232,0.1386750490563073,call,1.2012797010050258,2.3735894059102226e-05,1.201937703849412,0.0006580028443861075,0.0006580028443861075,0.0005477515717909851,8.225035554826343e-06,8.225035554826343e-06
80,80.0,1.0,0.0,0.05,0.25,0.1,0.010000000000000002,126,0.007936507936507936,0.0890870806374748,call,1.190413956402338,2.3606319946890366e-05,1.1910876677525482,0.0006737113502102154,0.0006737113502102154,0.0005659471199802646,8.421391877627693e-06,8.421391877627693e-06
80,80.0,1.0,0.0,0.05,0.25,0.2,0.04000000000000001,12,0.08333333333333333,0.2886751345948129,call,2.2211832241197813,9.544194691586654e-05,2.223195764509102,0.0020125403893205274,0.0020125403893205274,0.00090606680595567,2.515675486650659e-05,2.515675486650659e-05
80,80.0,1.0,0.0,0.05,0.25,0.2,0.04000000000000001,26,0.038461538461538464,0.19611613513818404,call,2.1482374061605545,9.066908616213786e-05,2.1501704389543286,0.0019330327937741032,0.0019330327937741032,0.0008998227049909365,2.416290992217629e-05,2.416290992217629e-05
80,80.0,1.0,0.0,0.05,0.25,0.2,0.04000000000000001,52,0.019230769230769232,0.1386750490563073,call,2.116841419283204,8.969861761969221e-05,2.1188157648317176,0.001974345548513501,0.001974345548513501,0.0009326846737447368,2.467931935641876e-05,2.467931935641876e-05
80,80.0,1.0,0.0,0.05,0.25,0.2,0.04000000000000001,126,0.007936507936507936,0.0890870806374748,call,2.098384345389501,8.804150172666105e-05,2.1003838771142864,0.0019995317247856192,0.0019995317247856192,0.0009528910798343129,2.499414655982024e-05,2.499414655982024e-05
80,80.0,1.0,0.0,0.05,0.25,0.3,0.09,12,0.08333333333333333,0.2886751345948129,call,3.186930351473401,0.00021369829317927807,3.191402794218609,0.004472442745208305,0.004472442745208305,0.001403370093463316,5.5905534315103814e-05,5.5905534315103814e-05
80,80.0,1.0,0.0,0.05,0.25,0.3,0.09,26,0.038461538461538464,0.19611613513818404,call,3.083299659524708,0.0002029398556824476,3.088044683670858,0.00474502414615019,0.00474502414615019,0.0015389435572673586,5.931280182687737e-05,5.931280182687737e-05
80,80.0,1.0,0.0,0.05,0.25,0.3,0.09,52,0.019230769230769232,0.1386750490563073,call,3.039150601718161,0.00020123370323914816,3.043659071277362,0.004508469559201256,0.004508469559201256,0.0014834636877331536,5.63558694900157e-05,5.63558694900157e-05
80,80.0,1.0,0.0,0.05,0.25,0.3,0.09,126,0.007936507936507936,0.0890870806374748,call,3.012860398145594,0.00019783951942753156,3.0175648801766615,0.004704482031067325,0.004704482031067325,0.0015614669813320654,5.880602538834157e-05,5.880602538834157e-05
80,80.0,1.0,0.0,0.05,0.25,0.4,0.16000000000000003,12,0.08333333333333333,0.2886751345948129,call,4.153758464082562,0.0003830333839962813,4.162493470948545,0.008735006865982164,0.008735006865982164,0.0021029164169061665,0.00010918758582477706,0.00010918758582477706
80,80.0,1.0,0.0,0.05,0.25,0.4,0.16000000000000003,26,0.038461538461538464,0.19611613513818404,call,4.018732435442609,0.0003611952401749946,4.028821007410582,0.010088571967973081,0.010088571967973081,0.002510386578364469,0.00012610714959966353,0.00012610714959966353
80,80.0,1.0,0.0,0.05,0.25,0.4,0.16000000000000003,52,0.019230769230769232,0.1386750490563073,call,3.9618169418080824,0.0003587164039401422,3.9714115775429937,0.009594635734911261,0.009594635734911261,0.0024217766433530592,0.00011993294668639077,0.00011993294668639077
80,80.0,1.0,0.0,0.05,0.25,0.4,0.16000000000000003,126,0.007936507936507936,0.0890870806374748,call,3.9274182970808282,0.00035361329258422835,3.937659062955098,0.010240765874269808,0.010240765874269808,0.0026075057708728317,0.0001280095734283726,0.0001280095734283726
80,80.0,1.0,0.0,0.05,0.25,0.5,0.25,12,0.08333333333333333,0.2886751345948129,call,5.119623969435438,0.0006127980722373945,5.135594698756977,0.015970729321538535,0.015970729321538535,0.003119512178410965,0.00019963411651923167,0.00019963411651923167
80,80.0,1.0,0.0,0.05,0.25,0.5,0.25,26,0.038461538461538464,0.19611613513818404,call,4.9551956402484665,0.0005851505673837786,4.9717262888006974,0.016530648552230964,0.016530648552230964,0.0033360233888569684,0.00020663310690288705,0.00020663310690288705
80,80.0,1.0,0.0,0.05,0.25,0.5,0.25,52,0.019230769230769232,0.1386750490563073,call,4.88451696904819,0.0005759340520297855,4.901342597438277,0.016825628390087388,0.016825628390087388,0.0034446862395415274,0.00021032035487609236,0.00021032035487609236
80,80.0,1.0,0.0,0.05,0.25,0.5,0.25,126,0.007936507936507936,0.0890870806374748,call,4.842140600845925,0.0005669661589857961,4.859960549893369,0.01781994904744444,0.01781994904744444,0.0036801800105373404,0.0002227493630930555,0.0002227493630930555
80,80.0,1.0,0.0,0.05,0.25,0.6,0.36,12,0.08333333333333333,0.2886751345948129,call,6.084222559543125,0.0008960801500133705,6.110615962778517,0.02639340323539141,0.02639340323539141,0.004338007523080046,0.00032991754044239265,0.00032991754044239265
80,80.0,1.0,0.0,0.05,0.25,0.6,0.36,26,0.038461538461538464,0.19611613513818404,call,5.88805585490026,0.0008569648662674325,5.916729690128486,0.02867383522822564,0.02867383522822564,0.004869830710651666,0.0003584229403528205,0.0003584229403528205
80,80.0,1.0,0.0,0.05,0.25,0.6,0.36,52,0.019230769230769232,0.1386750490563073,call,5.804379499054008,0.000837946635860279,5.833446559269261,0.029067060215252738,0.029067060215252738,0.005007780800685079,0.00036333825269065925,0.00036333825269065925
80,80.0,1.0,0.0,0.05,0.25,0.6,0.36,126,0.007936507936507936,0.0890870806374748,call,5.757889079297015,0.0008459962648022541,5.784478525930807,0.02658944663379259,0.02658944663379259,0.004617915744399668,0.00033236808292240737,0.00033236808292240737
80,88.0,1.1,0.09531017980432493,0.05,0.25,0.1,0.010000000000000002,12,0.08333333333333333,0.2886751345948129,call,0.0015669097149911288,5.933131538627713e-06,0.0014672486822780732,-9.966103271305559e-05,9.966103271305559e-05,-0.06360355785631198,-1.2457629089131948e-06,1.2457629089131948e-06
80,88.0,1.1,0.09531017980432493,0.05,0.25,0.1,0.010000000000000002,26,0.038461538461538464,0.19611613513818404,call,0.001087258075598592,5.799888690490963e-06,0.000993568358325338,-9.368971727325413e-05,9.368971727325413e-05,-0.0861706336112271,-1.1711214659156766e-06,1.1711214659156766e-06
80,88.0,1.1,0.09531017980432493,0.05,0.25,0.1,0.010000000000000002,52,0.019230769230769232,0.1386750490563073,call,0.0009160883106568757,5.635638280504445e-06,0.0008315242447826218,-8.456406587425383e-05,8.456406587425383e-05,-0.09230994969646286,-1.0570508234281729e-06,1.0570508234281729e-06
80,88.0,1.1,0.09531017980432493,0.05,0.25,0.1,0.010000000000000002,126,0.007936507936507936,0.0890870806374748,call,0.000821346401086014,5.036161436418657e-06,0.0007464964214875238,-7.48499795984902e-05,7.48499795984902e-05,-0.09113083042614036,-9.356247449811275e-07,9.356247449811275e-07
80,88.0,1.1,0.09531017980432493,0.05,0.25,0.2,0.04000000000000001,12,0.08333333333333333,0.2886751345948129,call,0.1755254789543814,6.86737416532514e-05,0.17096999885152656,-0.004555480102854836,0.004555480102854836,-0.0259533836910298,-5.6943501285685454e-05,5.6943501285685454e-05
80,88.0,1.1,0.09531017980432493,0.05,0.25,0.2,0.04000000000000001,26,0.038461538461538464,0.19611613513818404,call,0.1522748204266214,6.74001104190418e-05,0.14745350682003877,-0.004821313606582639,0.004821313606582639,-0.03166192278588794,-6.026642008228299e-05,6.026642008228299e-05
80,88.0,1.1,0.09531017980432493,0.05,0.25,0.2,0.04000000000000001,52,0.019230769230769232,0.1386750490563073,call,0.14276949641275125,6.607035133665683e-05,0.13791249127690838,-0.004857005135842862,0.004857005135842862,-0.03401990801873464,-6.071256419803578e-05,6.071256419803578e-05
80,88.0,1.1,0.09531017980432493,0.05,0.25,0.2,0.04000000000000001,126,0.007936507936507936,0.0890870806374748,call,0.13742712339476681,6.549002041557426e-05,0.13246140158672162,-0.004965721808045193,0.004965721808045193,-0.03613349159452963,-6.207152260056491e-05,6.207152260056491e-05
80,88.0,1.1,0.09531017980432493,0.05,0.25,0.3,0.09,12,0.08333333333333333,0.2886751345948129,call,0.6993578025255925,0.0001795983627479371,0.6880927077449827,-0.011265094780609886,0.011265094780609886,-0.016107770214228285,-0.00014081368475762356,0.00014081368475762356
80,88.0,1.1,0.09531017980432493,0.05,0.25,0.3,0.09,26,0.038461538461538464,0.19611613513818404,call,0.636984681423063,0.00017397982641686427,0.6247038373882141,-0.012280844034848859,0.012280844034848859,-0.019279653644751232,-0.00015351055043561073,0.00015351055043561073
80,88.0,1.1,0.09531017980432493,0.05,0.25,0.3,0.09,52,0.019230769230769232,0.1386750490563073,call,0.6110154318797963,0.00017010188648407254,0.5981629261581844,-0.012852505721611895,0.012852505721611895,-0.021034666312880194,-0.00016065632152014868,0.00016065632152014868
80,88.0,1.1,0.09531017980432493,0.05,0.25,0.3,0.09,126,0.007936507936507936,0.0890870806374748,call,0.5953631029807551,0.0001671706071643938,0.5827572296217989,-0.012605873358956243,0.012605873358956243,-0.021173420549314294,-0.00015757341698695304,0.00015757341698695304
80,88.0,1.1,0.09531017980432493,0.05,0.25,0.4,0.16000000000000003,12,0.08333333333333333,0.2886751345948129,call,1.4274058493555672,0.00033911496766530276,1.411667458960141,-0.01573839039542624,0.01573839039542624,-0.01102586934369904,-0.00019672987994282797,0.00019672987994282797
80,88.0,1.1,0.09531017980432493,0.05,0.25,0.4,0.16000000000000003,26,0.038461538461538464,0.19611613513818404,call,1.3263510111948138,0.0003277230646207437,1.3084763608433039,-0.017874650351509924,0.017874650351509924,-0.013476561031463264,-0.00022343312939387405,0.00022343312939387405
80,88.0,1.1,0.09531017980432493,0.05,0.25,0.4,0.16000000000000003,52,0.019230769230769232,0.1386750490563073,call,1.283056664372194,0.0003214494621151219,1.264787041983089,-0.01826962238910479,0.01826962238910479,-0.01423913915605918,-0.00022837027986380987,0.00022837027986380987
80,88.0,1.1,0.09531017980432493,0.05,0.25,0.4,0.16000000000000003,126,0.007936507936507936,0.0890870806374748,call,1.258150680787628,0.00031746606367052683,1.239285195772136,-0.0188654850154919,0.0188654850154919,-0.014994614956359379,-0.00023581856269364875,0.00023581856269364875
80,88.0,1.1,0.09531017980432493,0.05,0.25,0.5,0.25,12,0.08333333333333333,0.2886751345948129,call,2.259527384432626,0.0005573997922559284,2.2427170268081174,-0.016810357624508665,0.016810357624508665,-0.007439767156763093,-0.00021012947030635832,0.00021012947030635832
80,88.0,1.1,0.09531017980432493,0.05,0.25,0.5,0.25,26,0.038461538461538464,0.19611613513818404,call,2.121763455268422,0.0005323570185723406,2.101773608145818,-0.01998984712260432,0.01998984712260432,-0.009421336328971424,-0.000249873089032554,0.000249873089032554
80,88.0,1.1,0.09531017980432493,0.05,0.25,0.5,0.25,52,0.019230769230769232,0.1386750490563073,call,2.061785287478577,0.0005197393757442352,2.0417888136769786,-0.019996473801598302,0.019996473801598302,-0.009698620861754537,-0.00024995592251997876,0.00024995592251997876
80,88.0,1.1,0.09531017980432493,0.05,0.25,0.5,0.25,126,0.007936507936507936,0.0890870806374748,call,2.029414509660674,0.0005193930190698944,2.006683203762179,-0.022731305898495258,0.022731305898495258,-0.01120091819107769,-0.00028414132373119074,0.00028414132373119074
80,88.0,1.1,0.09531017980432493,0.05,0.25,0.6,0.36,12,0.08333333333333333,0.2886751345948129,call,3.149412994515414,0.0008357660177064943,3.1345373884342957,-0.014875606081118153,0.014875606081118153,-0.004723294819391255,-0.00018594507601397693,0.00018594507601397693
80,88.0,1.1,0.09531017980432493,0.05,0.25,0.6,0.36,26,0.038461538461538464,0.19611613513818404,call,2.97592632067192,0.000799307046859226,2.957569116797047,-0.01835720387487294,0.01835720387487294,-0.0061685680009470655,-0.00022946504843591176,0.00022946504843591176
80,88.0,1.1,0.09531017980432493,0.05,0.25,0.6,0.36,52,0.019230769230769232,0.1386750490563073,call,2.8999440963916854,0.000776777558025574,2.882035325652179,-0.017908770739506252,0.017908770739506252,-0.006175557232909974,-0.00022385963424382816,0.00022385963424382816
80,88.0,1.1,0.09531017980432493,0.05,0.25,0.6,0.36,126,0.007936507936507936,0.0890870806374748,call,2.8569008582950746,0.0007633048747601931,2.8377657893507653,-0.019135068944309275,0.019135068944309275,-0.0066978414349767096,-0.00023918836180386593,0.00023918836180386593
80,96.0,1.2,0.1823215567939546,0.05,0.25,0.1,0.010000000000000002,12,0.08333333333333333,0.2886751345948129,call,0.0,0.0,2.4073214532057066e-09,2.4073214532057066e-09,2.4073214532057066e-09,2407.321453205707,3.009151816507133e-11,3.009151816507133e-11
80,96.0,1.2,0.1823215567939546,0.05,0.25,0.1,0.010000000000000002,26,0.038461538461538464,0.19611613513818404,call,0.0,0.0,7.05615075511221e-10,7.05615075511221e-10,7.05615075511221e-10,705.615075511221,8.820188443890262e-12,8.820188443890262e-12
80,96.0,1.2,0.1823215567939546,0.05,0.25,0.1,0.010000000000000002,52,0.019230769230769232,0.1386750490563073,call,0.0,0.0,4.0165729548982377e-10,4.0165729548982377e-10,4.0165729548982377e-10,401.65729548982375,5.020716193622797e-12,5.020716193622797e-12
80,96.0,1.2,0.1823215567939546,0.05,0.25,0.1,0.010000000000000002,126,0.007936507936507936,0.0890870806374748,call,0.0,0.0,2.8524750547405563e-10,2.8524750547405563e-10,2.8524750547405563e-10,285.24750547405563,3.5655938184256955e-12,3.5655938184256955e-12
80,96.0,1.2,0.1823215567939546,0.05,0.25,0.2,0.04000000000000001,12,0.08333333333333333,0.2886751345948129,call,0.003851793793306723,2.762193325638403e-05,0.003344730447884408,-0.0005070633454223148,0.0005070633454223148,-0.13164342969331347,-6.338291817778934e-06,6.338291817778934e-06
80,96.0,1.2,0.1823215567939546,0.05,0.25,0.2,0.04000000000000001,26,0.038461538461538464,0.19611613513818404,call,0.002749919199880195,2.4094052967728985e-05,0.002315116791098088,-0.0004348024087821069,0.0004348024087821069,-0.1581146125315427,-5.435030109776336e-06,5.435030109776336e-06
80,96.0,1.2,0.1823215567939546,0.05,0.25,0.2,0.04000000000000001,52,0.019230769230769232,0.1386750490563073,call,0.002373394020514174,2.400736102144021e-05,0.0019573441107184706,-0.00041604990979570355,0.00041604990979570355,-0.1752974458516459,-5.200623872446294e-06,5.200623872446294e-06
80,96.0,1.2,0.1823215567939546,0.05,0.25,0.2,0.04000000000000001,126,0.007936507936507936,0.0890870806374748,call,0.0021646006622026066,2.3054053011602916e-05,0.0017681407284742309,-0.0003964599337283757,0.0003964599337283757,-0.1831561546899624,-4.955749171604696e-06,4.955749171604696e-06
80,96.0,1.2,0.1823215567939546,0.05,0.25,0.3,0.09,12,0.08333333333333333,0.2886751345948129,call,0.0940168008415939,0.0001279025473309861,0.08753443062672,-0.006482370214873898,0.006482370214873898,-0.06894906183625467,-8.102962768592372e-05,8.102962768592372e-05
80,96.0,1.2,0.1823215567939546,0.05,0.25,0.3,0.09,26,0.038461538461538464,0.19611613513818404,call,0.07806672858257578,0.00012378614691258902,0.07150355943029936,-0.006563169152276421,0.006563169152276421,-0.08407127173689839,-8.203961440345527e-05,8.203961440345527e-05
80,96.0,1.2,0.1823215567939546,0.05,0.25,0.3,0.09,52,0.019230769230769232,0.1386750490563073,call,0.07171703251322177,0.00012101886235418245,0.06523353419461139,-0.006483498318610378,0.006483498318610378,-0.09040388442473661,-8.104372898262973e-05,8.104372898262973e-05
80,96.0,1.2,0.1823215567939546,0.05,0.25,0.3,0.09,126,0.007936507936507936,0.0890870806374748,call,0.06820767669376475,0.00012014627064282567,0.06171639584302115,-0.006491280850743596,0.006491280850743596,-0.09516935872024798,-8.114101063429495e-05,8.114101063429495e-05
80,96.0,1.2,0.1823215567939546,0.05,0.25,0.4,0.16000000000000003,12,0.08333333333333333,0.2886751345948129,call,0.38668588079596744,0.0002882778666004626,0.36846382810354555,-0.018222052692421886,0.018222052692421886,-0.047123656687213376,-0.00022777565865527357,0.00022777565865527357
80,96.0,1.2,0.1823215567939546,0.05,0.25,0.4,0.16000000000000003,26,0.038461538461538464,0.19611613513818404,call,0.3397021264349547,0.0002824615762234223,0.32010927062632144,-0.019592855808633236,0.019592855808633236,-0.057676576871192556,-0.00024491069760791543,0.00024491069760791543
80,96.0,1.2,0.1823215567939546,0.05,0.25,0.4,0.16000000000000003,52,0.019230769230769232,0.1386750490563073,call,0.31942540773964245,0.00027241129405324455,0.3004028098966139,-0.019022597843028566,0.019022597843028566,-0.059552550868256296,-0.00023778247303785706,0.00023778247303785706
80,96.0,1.2,0.1823215567939546,0.05,0.25,0.4,0.16000000000000003,126,0.007936507936507936,0.0890870806374748,call,0.30844936810687335,0.00027049259438017436,0.2891183657699444,-0.01933100233692897,0.01933100233692897,-0.06267155759006468,-0.00024163752921161215,0.00024163752921161215
80,96.0,1.2,0.1823215567939546,0.05,0.25,0.5,0.25,12,0.08333333333333333,0.2886751345948129,call,0.874055133073741,0.0005047349968253387,0.8439981647449177,-0.03005696832882332,0.03005696832882332,-0.03438795470844459,-0.0003757121041102915,0.0003757121041102915
80,96.0,1.2,0.1823215567939546,0.05,0.25,0.5,0.25,26,0.038461538461538464,0.19611613513818404,call,0.7884083416825081,0.000492536989558169,0.7560220641197339,-0.032386277562774124,0.032386277562774124,-0.041078050358599676,-0.00040482846953467653,0.00040482846953467653
80,96.0,1.2,0.1823215567939546,0.05,0.25,0.5,0.25,52,0.019230769230769232,0.1386750490563073,call,0.7527598749438098,0.00047427958511243705,0.7194792547570629,-0.033280620186746934,0.033280620186746934,-0.044211469413445004,-0.0004160077523343367,0.0004160077523343367
80,96.0,1.2,0.1823215567939546,0.05,0.25,0.5,0.25,126,0.007936507936507936,0.0890870806374748,call,0.7317104100152405,0.00046225189252644815,0.6983528559457789,-0.033357554069461615,0.033357554069461615,-0.04558846452487511,-0.00041696942586827017,0.00041696942586827017
80,96.0,1.2,0.1823215567939546,0.05,0.25,0.6,0.36,12,0.08333333333333333,0.2886751345948129,call,1.5040012899332658,0.0007695362841708578,1.4669346083832744,-0.037066681549991376,0.037066681549991376,-0.024645378829187086,-0.0004633335193748922,0.0004633335193748922
80,96.0,1.2,0.1823215567939546,0.05,0.25,0.6,0.36,26,0.038461538461538464,0.19611613513818404,call,1.3805835462889702,0.0007463031738718786,1.3377734622367994,-0.042810084052170794,0.042810084052170794,-0.031008687715600378,-0.000535126050652135,0.000535126050652135
80,96.0,1.2,0.1823215567939546,0.05,0.25,0.6,0.36,52,0.019230769230769232,0.1386750490563073,call,1.3274207276586751,0.0007301166613646447,1.2835642156377818,-0.04385651202089336,0.04385651202089336,-0.03303889347746448,-0.000548206400261167,0.000548206400261167
80,96.0,1.2,0.1823215567939546,0.05,0.25,0.6,0.36,126,0.007936507936507936,0.0890870806374748,call,1.2961400824207951,0.0007180090370326356,1.2520605366095063,-0.04407954581128881,0.04407954581128881,-0.03400831932375831,-0.0005509943226411102,0.0005509943226411102
80,104.0,1.3,0.26236426446749106,0.05,0.25,0.1,0.010000000000000002,12,0.08333333333333333,0.2886751345948129,call,0.0,0.0,4.4155507783260415e-15,4.4155507783260415e-15,4.4155507783260415e-15,0.0044155507783260415,5.519438472907552e-17,5.519438472907552e-17
80,104.0,1.3,0.26236426446749106,0.05,0.25,0.1,0.010000000000000002,26,0.038461538461538464,0.19611613513818404,call,0.0,0.0,0.0,0.0,0.0,0.0,0.0,0.0
80,104.0,1.3,0.26236426446749106,0.05,0.25,0.1,0.010000000000000002,52,0.019230769230769232,0.1386750490563073,call,0.0,0.0,0.0,0.0,0.0,0.0,0.0,0.0
80,104.0,1.3,0.26236426446749106,0.05,0.25,0.1,0.010000000000000002,126,0.007936507936507936,0.0890870806374748,call,0.0,0.0,0.0,0.0,0.0,0.0,0.0,0.0
80,104.0,1.3,0.26236426446749106,0.05,0.25,0.2,0.04000000000000001,12,0.08333333333333333,0.2886751345948129,call,2.6602730593066836e-05,3.4213610869526678e-06,1.9283907811543052e-05,-7.318822781523784e-06,7.318822781523784e-06,-0.27511547192193886,-9.14852847690473e-08,9.14852847690473e-08
80,104.0,1.3,0.26236426446749106,0.05,0.25,0.2,0.04000000000000001,26,0.038461538461538464,0.19611613513818404,call,1.2739271899876945e-05,1.8535560811750128e-06,9.765570764469674e-06,-2.973701135407271e-06,2.973701135407271e-06,-0.23342787239167062,-3.717126419259089e-08,3.717126419259089e-08
80,104.0,1.3,0.26236426446749106,0.05,0.25,0.2,0.04000000000000001,52,0.019230769230769232,0.1386750490563073,call,1.181931562775362e-05,3.793903461720926e-06,7.151131305086165e-06,-4.668184322667455e-06,4.668184322667455e-06,-0.39496232012840243,-5.835230403334319e-08,5.835230403334319e-08
80,104.0,1.3,0.26236426446749106,0.05,0.25,0.2,0.04000000000000001,126,0.007936507936507936,0.0890870806374748,call,2.9387414886040163e-06,2.9387414886040163e-06,5.919440616334767e-06,2.980699127730751e-06,2.980699127730751e-06,1.014277417489575,3.7258739096634385e-08,3.7258739096634385e-08
80,104.0,1.3,0.26236426446749106,0.05,0.25,0.3,0.09,12,0.08333333333333333,0.2886751345948129,call,0.00845959093203678,6.924331422950052e-05,0.00695719523065517,-0.001502395701381611,0.001502395701381611,-0.17759673173935436,-1.8779946267270136e-05,1.8779946267270136e-05
80,104.0,1.3,0.26236426446749106,0.05,0.25,0.3,0.09,26,0.038461538461538464,0.19611613513818404,call,0.006079218776882183,5.755332230461901e-05,0.0049247127735053174,-0.0011545060033768652,0.0011545060033768652,-0.18991025750992477,-1.4431325042210815e-05,1.4431325042210815e-05
80,104.0,1.3,0.26236426446749106,0.05,0.25,0.3,0.09,52,0.019230769230769232,0.1386750490563073,call,0.00540706466975395,6.345198991199421e-05,0.004206919844229332,-0.0012001448255246176,0.0012001448255246176,-0.22195865942532375,-1.5001810319057721e-05,1.5001810319057721e-05
80,104.0,1.3,0.26236426446749106,0.05,0.25,0.3,0.09,126,0.007936507936507936,0.0890870806374748,call,0.004970037180092361,5.9842170290374664e-05,0.0038242500299249717,-0.0011457871501673895,0.0011457871501673895,-0.23053894943822062,-1.4322339377092368e-05,1.4322339377092368e-05
80,104.0,1.3,0.26236426446749106,0.05,0.25,0.4,0.16000000000000003,12,0.08333333333333333,0.2886751345948129,call,0.08531628155703924,0.00020391782262774388,0.07635266399083442,-0.008963617566204826,0.008963617566204826,-0.10506338769830341,-0.00011204521957756033,0.00011204521957756033
80,104.0,1.3,0.26236426446749106,0.05,0.25,0.4,0.16000000000000003,26,0.038461538461538464,0.19611613513818404,call,0.06981536870797729,0.00020255747887431126,0.06098370561458733,-0.008831663093389959,0.008831663093389959,-0.1265002714564312,-0.00011039578866737449,0.00011039578866737449
80,104.0,1.3,0.26236426446749106,0.05,0.25,0.4,0.16000000000000003,52,0.019230769230769232,0.1386750490563073,call,0.0638285198306251,0.000200487508131652,0.055066286051409605,-0.008762233779215492,0.008762233779215492,-0.13727772165901533,-0.00010952792224019365,0.00010952792224019365
80,104.0,1.3,0.26236426446749106,0.05,0.25,0.4,0.16000000000000003,126,0.007936507936507936,0.0890870806374748,call,0.060540501728307175,0.00019827119906999668,0.05177288748841578,-0.008767614239891398,0.008767614239891398,-0.14482229234304295,-0.00010959517799864247,0.00010959517799864247
80,104.0,1.3,0.26236426446749106,0.05,0.25,0.5,0.25,12,0.08333333333333333,0.2886751345948129,call,0.30300935820247465,0.0004296972026675879,0.2790914823428337,-0.023917875859640947,0.023917875859640947,-0.07893444612248154,-0.00029897344824551185,0.00029897344824551185
80,104.0,1.3,0.26236426446749106,0.05,0.25,0.5,0.25,26,0.038461538461538464,0.19611613513818404,call,0.259630060178659,0.0004037896270504323,0.23626711158718633,-0.023362948591472643,0.023362948591472643,-0.08998553008613841,-0.00029203685739340803,0.00029203685739340803
80,104.0,1.3,0.26236426446749106,0.05,0.25,0.5,0.25,52,0.019230769230769232,0.1386750490563073,call,0.24278594394925912,0.0004046517720153717,0.21911014864705333,-0.023675795302205788,0.023675795302205788,-0.09751715818916558,-0.00029594744127757233,0.00029594744127757233
80,104.0,1.3,0.26236426446749106,0.05,0.25,0.5,0.25,126,0.007936507936507936,0.0890870806374748,call,0.2336109432596111,0.00039959004066371335,0.2093694197114352,-0.02424152354817591,0.02424152354817591,-0.10376878415852454,-0.00030301904435219885,0.00030301904435219885
80,104.0,1.3,0.26236426446749106,0.05,0.25,0.6,0.36,12,0.08333333333333333,0.2886751345948129,call,0.6749890272622016,0.000695871789093662,0.634627630847091,-0.040361396415110606,0.040361396415110606,-0.05979563338802558,-0.0005045174551888826,0.0005045174551888826
80,104.0,1.3,0.26236426446749106,0.05,0.25,0.6,0.36,26,0.038461538461538464,0.19611613513818404,call,0.5974106312407432,0.0006785142663962349,0.5553407168021491,-0.04206991443859409,0.04206991443859409,-0.07042043150658438,-0.0005258739304824262,0.0005258739304824262
80,104.0,1.3,0.26236426446749106,0.05,0.25,0.6,0.36,52,0.019230769230769232,0.1386750490563073,call,0.56515617037725,0.0006600191300710007,0.5228833076988898,-0.04227286267836017,0.04227286267836017,-0.07479855108038973,-0.0005284107834795021,0.0005284107834795021
80,104.0,1.3,0.26236426446749106,0.05,0.25,0.6,0.36,126,0.007936507936507936,0.0890870806374748,call,0.5463750964875239,0.0006446321100244882,0.5042555160166584,-0.0421195804708655,0.0421195804708655,-0.0770891293209358,-0.0005264947558858187,0.0005264947558858187
80,56.0,0.7,-0.35667494393873245,0.05,0.5,0.1,0.010000000000000002,12,0.08333333333333333,0.2886751345948129,call,24.473127601598716,6.988520997863161e-05,24.473255305476357,0.00012770387764149405,0.00012770387764149405,5.218126580321174e-06,1.5962984705186756e-06,1.5962984705186756e-06
80,56.0,0.7,-0.35667494393873245,0.05,0.5,0.1,0.010000000000000002,26,0.038461538461538464,0.19611613513818404,call,24.42883309982077,6.877309636205287e-05,24.428917273774182,8.4173953410982e-05,8.4173953410982e-05,3.4456804820365965e-06,1.0521744176372749e-06,1.0521744176372749e-06
80,56.0,0.7,-0.35667494393873245,0.05,0.5,0.1,0.010000000000000002,52,0.019230769230769232,0.1386750490563073,call,24.40992682740391,6.923652361950156e-05,24.409920332936586,-6.494467324813513e-06,6.494467324813513e-06,-2.660584511675992e-07,-8.118084156016892e-08,8.118084156016892e-08
80,56.0,0.7,-0.35667494393873245,0.05,0.5,0.1,0.010000000000000002,126,0.007936507936507936,0.0890870806374748,call,24.39874894793543,6.902633063463047e-05,24.398764818111623,1.5870176191867813e-05,1.5870176191867813e-05,6.504504073439681e-07,1.9837720239834765e-07,1.9837720239834765e-07
80,56.0,0.7,-0.35667494393873245,0.05,0.5,0.2,0.04000000000000001,12,0.08333333333333333,0.2886751345948129,call,24.47314104079198,0.00027082858160959596,24.47326817964445,0.0001271388524699546,0.0001271388524699546,5.195036152410465e-06,1.5892356558744326e-06,1.5892356558744326e-06
80,56.0,0.7,-0.35667494393873245,0.05,0.5,0.2,0.04000000000000001,26,0.038461538461538464,0.19611613513818404,call,24.428679190771728,0.00026880812430099245,24.428923994547787,0.00024480377605939907,0.00024480377605939907,1.0021163000571766e-05,3.0600472007424884e-06,3.0600472007424884e-06
80,56.0,0.7,-0.35667494393873245,0.05,0.5,0.2,0.04000000000000001,52,0.019230769230769232,0.1386750490563073,call,24.409833246044247,0.00027100054995782475,24.409925325610743,9.207956649603943e-05,9.207956649603943e-05,3.772232508428195e-06,1.150994581200493e-06,1.150994581200493e-06
80,56.0,0.7,-0.35667494393873245,0.05,0.5,0.2,0.04000000000000001,126,0.007936507936507936,0.0890870806374748,call,24.398408744671865,0.000270582209350466,24.39876898756784,0.0003602428959759152,0.0003602428959759152,1.476501601993143e-05,4.50303619969894e-06,4.50303619969894e-06
80,56.0,0.7,-0.35667494393873245,0.05,0.5,0.3,0.09,12,0.08333333333333333,0.2886751345948129,call,24.478031157951815,0.0006102865899987307,24.479088426555347,0.0010572686035317247,0.0010572686035317247,4.319255076968335e-05,1.3215857544146558e-05,1.3215857544146558e-05
80,56.0,0.7,-0.35667494393873245,0.05,0.5,0.3,0.09,26,0.038461538461538464,0.19611613513818404,call,24.431919943782365,0.0006048759090357164,24.433113036961362,0.0011930931789976285,0.0011930931789976285,4.88333778820054e-05,1.4913664737470356e-05,1.4913664737470356e-05
80,56.0,0.7,-0.35667494393873245,0.05,0.5,0.3,0.09,52,0.019230769230769232,0.1386750490563073,call,24.412349742116284,0.0006052863418556475,24.413531575730293,0.0011818336140088093,0.0011818336140088093,4.8411301103469985e-05,1.4772920175110116e-05,1.4772920175110116e-05
80,56.0,0.7,-0.35667494393873245,0.05,0.5,0.3,0.09,126,0.007936507936507936,0.0890870806374748,call,24.400248399780825,0.0006077913185348294,24.402062733759198,0.0018143339783733836,0.0018143339783733836,7.435719295339964e-05,2.2679174729667297e-05,2.2679174729667297e-05
80,56.0,0.7,-0.35667494393873245,0.05,0.5,0.4,0.16000000000000003,12,0.08333333333333333,0.2886751345948129,call,24.52761504721488,0.0010660211005695376,24.54278865118984,0.01517360397496148,0.01517360397496148,0.0006186334849822445,0.00018967004968701852,0.00018967004968701852
80,56.0,0.7,-0.35667494393873245,0.05,0.5,0.4,0.16000000000000003,26,0.038461538461538464,0.19611613513818404,call,24.472371749739494,0.001052783683917462,24.485057844133095,0.01268609439360091,0.01268609439360091,0.0005183843447350359,0.00015857617992001138,0.00015857617992001138
80,56.0,0.7,-0.35667494393873245,0.05,0.5,0.4,0.16000000000000003,52,0.019230769230769232,0.1386750490563073,call,24.447767857641946,0.001062251559782762,24.460869107988746,0.013101250346799986,0.013101250346799986,0.0005358873833835413,0.00016376562933499982,0.00016376562933499982
80,56.0,0.7,-0.35667494393873245,0.05,0.5,0.4,0.16000000000000003,126,0.007936507936507936,0.0890870806374748,call,24.433143104506918,0.0010528615117709648,24.446814033130337,0.013670928623419343,0.013670928623419343,0.0005595239451979313,0.00017088660779274178,0.00017088660779274178
80,56.0,0.7,-0.35667494393873245,0.05,0.5,0.5,0.25,12,0.08333333333333333,0.2886751345948129,call,24.691856077148806,0.0016222233848532022,24.73787722439891,0.04602114725010509,0.04602114725010509,0.0018638188683067682,0.0005752643406263136,0.0005752643406263136
80,56.0,0.7,-0.35667494393873245,0.05,0.5,0.5,0.25,26,0.038461538461538464,0.19611613513818404,call,24.6108107618873,0.0016244027566418664,24.654804856340945,0.04399409445364455,0.04399409445364455,0.001787592244696567,0.0005499261806705569,0.0005499261806705569
80,56.0,0.7,-0.35667494393873245,0.05,0.5,0.5,0.25,52,0.019230769230769232,0.1386750490563073,call,24.577158076876024,0.001598999764189272,24.620212824728,0.043054747851975605,0.043054747851975605,0.0017518196252513279,0.0005381843481496951,0.0005381843481496951
80,56.0,0.7,-0.35667494393873245,0.05,0.5,0.5,0.25,126,0.007936507936507936,0.0890870806374748,call,24.555004836549674,0.0016011993565685878,24.600181128014743,0.04517629146506863,0.04517629146506863,0.0018397997380079742,0.0005647036433133578,0.0005647036433133578
80,56.0,0.7,-0.35667494393873245,0.05,0.5,0.6,0.36,12,0.08333333333333333,0.2886751345948129,call,24.99972537316489,0.002348196195118085,25.089232924972116,0.0895075518072268,0.0895075518072268,0.003580341402602193,0.0011188443975903351,0.0011188443975903351
80,56.0,0.7,-0.35667494393873245,0.05,0.5,0.6,0.36,26,0.038461538461538464,0.19611613513818404,call,24.87855434510924,0.0023265771792136706,24.971693140685172,0.09313879557593197,0.09313879557593197,0.003743738252791272,0.0011642349446991495,0.0011642349446991495
80,56.0,0.7,-0.35667494393873245,0.05,0.5,0.6,0.36,52,0.019230769230769232,0.1386750490563073,call,24.828146871011416,0.0022889132647739207,24.922613273150017,0.09446640213860036,0.09446640213860036,0.003804810831407496,0.0011808300267325046,0.0011808300267325046
80,56.0,0.7,-0.35667494393873245,0.05,0.5,0.6,0.36,126,0.007936507936507936,0.0890870806374748,call,24.803699205153887,0.0022953715395147532,24.894158722307292,0.0904595171534055,0.0904595171534055,0.003647017180994083,0.0011307439644175688,0.0011307439644175688
80,64.0,0.8,-0.2231435513142097,0.05,0.5,0.1,0.010000000000000002,12,0.08333333333333333,0.2886751345948129,call,16.670860403003683,7.024679593028245e-05,16.670776023159995,-8.437984368825369e-05,8.437984368825369e-05,-5.061517021224081e-06,-1.054748046103171e-06,1.054748046103171e-06
80,64.0,0.8,-0.2231435513142097,0.05,0.5,0.1,0.010000000000000002,26,0.038461538461538464,0.19611613513818404,call,16.626418265443935,6.932860797827882e-05,16.626437982742814,1.9717298879839973e-05,1.9717298879839973e-05,1.1859017718097513e-06,2.4646623599799964e-07,2.4646623599799964e-07
80,64.0,0.8,-0.2231435513142097,0.05,0.5,0.1,0.010000000000000002,52,0.019230769230769232,0.1386750490563073,call,16.60755990657115,6.965638678044152e-05,16.607441040019463,-0.0001188665516878018,0.0001188665516878018,-7.157376059849082e-06,-1.4858318960975226e-06,1.4858318960975226e-06
80,64.0,0.8,-0.2231435513142097,0.05,0.5,0.1,0.010000000000000002,126,0.007936507936507936,0.0890870806374748,call,16.596356464465252,6.918710796268907e-05,16.59628552440245,-7.094006280183862e-05,7.094006280183862e-05,-4.274435955489967e-06,-8.867507850229828e-07,8.867507850229828e-07
80,64.0,0.8,-0.2231435513142097,0.05,0.5,0.2,0.04000000000000001,12,0.08333333333333333,0.2886751345948129,call,16.675180366227607,0.00026719620220184124,16.676850577028066,0.0016702108004587046,0.0016702108004587046,0.00010016148334091771,2.0877635005733807e-05,2.0877635005733807e-05
80,64.0,0.8,-0.2231435513142097,0.05,0.5,0.2,0.04000000000000001,26,0.038461538461538464,0.19611613513818404,call,16.629870206252903,0.00026768131180560865,16.63092999568969,0.0010597894367876393,0.0010597894367876393,6.372806423883896e-05,1.324736795984549e-05,1.324736795984549e-05
80,64.0,0.8,-0.2231435513142097,0.05,0.5,0.2,0.04000000000000001,52,0.019230769230769232,0.1386750490563073,call,16.610599499788016,0.00026699593375914137,16.61135672368422,0.0007572238962048061,0.0007572238962048061,4.55867890990009e-05,9.465298702560077e-06,9.465298702560077e-06
80,64.0,0.8,-0.2231435513142097,0.05,0.5,0.2,0.04000000000000001,126,0.007936507936507936,0.0890870806374748,call,16.59927818135118,0.0002686741376166441,16.59988919273024,0.0006110113790604998,0.0006110113790604998,3.6809514991257503e-05,7.637642238256247e-06,7.637642238256247e-06
80,64.0,0.8,-0.2231435513142097,0.05,0.5,0.3,0.09,12,0.08333333333333333,0.2886751345948129,call,16.783995822204695,0.0005740468126364443,16.79792796492246,0.013932142717766993,0.013932142717766993,0.0008300849729320839,0.0001741517839720874,0.0001741517839720874
80,64.0,0.8,-0.2231435513142097,0.05,0.5,0.3,0.09,26,0.038461538461538464,0.19611613513818404,call,16.7199824519695,0.0005712448433534414,16.733774771981054,0.013792320011553727,0.013792320011553727,0.0008249003879743358,0.00017240400014442158,0.00017240400014442158
80,64.0,0.8,-0.2231435513142097,0.05,0.5,0.3,0.09,52,0.019230769230769232,0.1386750490563073,call,16.69252592111537,0.0005668362638331639,16.70685846955299,0.014332548437621995,0.014332548437621995,0.0008586207087743325,0.00017915685547027494,0.00017915685547027494
80,64.0,0.8,-0.2231435513142097,0.05,0.5,0.3,0.09,126,0.007936507936507936,0.0890870806374748,call,16.67741064069732,0.0005680989487586383,16.691212113020296,0.013801472322974462,0.013801472322974462,0.0008275548656993068,0.00017251840403718078,0.00017251840403718078
80,64.0,0.8,-0.2231435513142097,0.05,0.5,0.4,0.16000000000000003,12,0.08333333333333333,0.2886751345948129,call,17.122223460421694,0.0009898872594389446,17.163452713437792,0.041229253016098255,0.041229253016098255,0.0024079380292752494,0.0005153656627012281,0.0005153656627012281
80,64.0,0.8,-0.2231435513142097,0.05,0.5,0.4,0.16000000000000003,26,0.038461538461538464,0.19611613513818404,call,17.019836375231204,0.0009712122231991707,17.06348201150027,0.04364563626906559,0.04364563626906559,0.002564398112110093,0.0005455704533633199,0.0005455704533633199
80,64.0,0.8,-0.2231435513142097,0.05,0.5,0.4,0.16000000000000003,52,0.019230769230769232,0.1386750490563073,call,16.97785454980475,0.0009629808440707505,17.021523001242837,0.043668451438087175,0.043668451438087175,0.002572083022032332,0.0005458556429760897,0.0005458556429760897
80,64.0,0.8,-0.2231435513142097,0.05,0.5,0.4,0.16000000000000003,126,0.007936507936507936,0.0890870806374748,call,16.952663570359793,0.0009529488679677842,16.997134497096848,0.04447092673705555,0.04447092673705555,0.00262324127134859,0.0005558865842131943,0.0005558865842131943
80,64.0,0.8,-0.2231435513142097,0.05,0.5,0.5,0.25,12,0.08333333333333333,0.2886751345948129,call,17.672939072795696,0.0015011604672257191,17.754241132317375,0.08130205952167913,0.08130205952167913,0.004600370045230846,0.001016275744020989,0.001016275744020989
80,64.0,0.8,-0.2231435513142097,0.05,0.5,0.5,0.25,26,0.038461538461538464,0.19611613513818404,call,17.52623500866659,0.0014820698115309485,17.611730007239924,0.08549499857333487,0.08549499857333487,0.0048781154954876645,0.001068687482166686,0.001068687482166686
80,64.0,0.8,-0.2231435513142097,0.05,0.5,0.5,0.25,52,0.019230769230769232,0.1386750490563073,call,17.462802716557622,0.0014501008637513814,17.551606716027454,0.08880399946983175,0.08880399946983175,0.005085323410636191,0.0011100499933728968,0.0011100499933728968
80,64.0,0.8,-0.2231435513142097,0.05,0.5,0.5,0.25,126,0.007936507936507936,0.0890870806374748,call,17.427350193292447,0.001460970171319528,17.516572931698406,0.08922273840595807,0.08922273840595807,0.005119696191122544,0.0011152842300744758,0.0011152842300744758
80,64.0,0.8,-0.2231435513142097,0.05,0.5,0.6,0.36,12,0.08333333333333333,0.2886751345948129,call,18.383749184346577,0.0021991156901367374,18.510388035440865,0.12663885109428819,0.12663885109428819,0.0068886302692879875,0.0015829856386786023,0.0015829856386786023
80,64.0,0.8,-0.2231435513142097,0.05,0.5,0.6,0.36,26,0.038461538461538464,0.19611613513818404,call,18.188505777076614,0.002118929080788277,18.32410331176027,0.13559753468365443,0.13559753468365443,0.007455122281377895,0.0016949691835456803,0.0016949691835456803
80,64.0,0.8,-0.2231435513142097,0.05,0.5,0.6,0.36,52,0.019230769230769232,0.1386750490563073,call,18.09990242300866,0.002084858041918688,18.245161117795046,0.14525869478638498,0.14525869478638498,0.008025385518196584,0.0018157336848298121,0.0018157336848298121
80,64.0,0.8,-0.2231435513142097,0.05,0.5,0.6,0.36,126,0.007936507936507936,0.0890870806374748,call,18.05922356771614,0.002099536494425689,18.199059734523548,0.1398361668074095,0.1398361668074095,0.007743199273383485,0.0017479520850926188,0.0017479520850926188
80,72.0,0.9,-0.10536051565782628,0.05,0.5,0.1,0.010000000000000002,12,0.08333333333333333,0.2886751345948129,call,8.87093482831129,6.823757002503793e-05,8.87136649956729,0.000431671256000854,0.000431671256000854,4.8661303949972634e-05,5.395890700010675e-06,5.395890700010675e-06
80,72.0,0.9,-0.10536051565782628,0.05,0.5,0.1,0.010000000000000002,26,0.038461538461538464,0.19611613513818404,call,8.826006852491929,6.795426523358089e-05,8.826273114852809,0.00026626236087956556,0.00026626236087956556,3.016793045026803e-05,3.3282795109945695e-06,3.3282795109945695e-06
80,72.0,0.9,-0.10536051565782628,0.05,0.5,0.1,0.010000000000000002,52,0.019230769230769232,0.1386750490563073,call,8.806755684169064,6.789885292536686e-05,8.806997365843086,0.00024168167402294216,0.00024168167402294216,2.7442759023891935e-05,3.021020925286777e-06,3.021020925286777e-06
80,72.0,0.9,-0.10536051565782628,0.05,0.5,0.1,0.010000000000000002,126,0.007936507936507936,0.0890870806374748,call,8.795527357414338,6.799164503258932e-05,8.795689888154401,0.00016253074006300494,0.00016253074006300494,1.84787942164715e-05,2.0316342507875616e-06,2.0316342507875616e-06
80,72.0,0.9,-0.10536051565782628,0.05,0.5,0.2,0.04000000000000001,12,0.08333333333333333,0.2886751345948129,call,9.114213191853526,0.00023916149422969506,9.124143479011773,0.009930287158246287,0.009930287158246287,0.00108953860845851,0.0001241285894780786,0.0001241285894780786
80,72.0,0.9,-0.10536051565782628,0.05,0.5,0.2,0.04000000000000001,26,0.038461538461538464,0.19611613513818404,call,9.041477590398232,0.0002343603410986692,9.05220261953569,0.010725029137457653,0.010725029137457653,0.0011862031432613737,0.00013406286421822067,0.00013406286421822067
80,72.0,0.9,-0.10536051565782628,0.05,0.5,0.2,0.04000000000000001,52,0.019230769230769232,0.1386750490563073,call,9.011277256088746,0.00023350320705293193,9.021773274316548,0.01049601822780133,0.01049601822780133,0.0011647647641414398,0.00013120022784751662,0.00013120022784751662
80,72.0,0.9,-0.10536051565782628,0.05,0.5,0.2,0.04000000000000001,126,0.007936507936507936,0.0890870806374748,call,8.992753008117154,0.00023190766101159838,9.004017796753157,0.011264788636003331,0.011264788636003331,0.0012526518437496687,0.00014080985795004164,0.00014080985795004164
80,72.0,0.9,-0.10536051565782628,0.05,0.5,0.3,0.09,12,0.08333333333333333,0.2886751345948129,call,9.798979408907083,0.0005041257995220253,9.827167005419271,0.02818759651218805,0.02818759651218805,0.0028765849315456333,0.00035234495640235064,0.00035234495640235064
80,72.0,0.9,-0.10536051565782628,0.05,0.5,0.3,0.09,26,0.038461538461538464,0.19611613513818404,call,9.67974579334241,0.0004923810209177879,9.710891534492312,0.03114574114990276,0.03114574114990276,0.003217619740729592,0.0003893217643737845,0.0003893217643737845
80,72.0,0.9,-0.10536051565782628,0.05,0.5,0.3,0.09,52,0.019230769230769232,0.1386750490563073,call,9.629820756702983,0.0004884260894995198,9.66147453256633,0.03165377586334728,0.03165377586334728,0.003287057637216579,0.00039567219829184097,0.00039567219829184097
80,72.0,0.9,-0.10536051565782628,0.05,0.5,0.3,0.09,126,0.007936507936507936,0.0890870806374748,call,9.600194689965372,0.0004836444614128128,9.63257329262618,0.03237860266080794,0.03237860266080794,0.0033727027113993596,0.00040473253326009926,0.00040473253326009926
80,72.0,0.9,-0.10536051565782628,0.05,0.5,0.4,0.16000000000000003,12,0.08333333333333333,0.2886751345948129,call,10.726887223306242,0.0008808947810015538,10.78020403712016,0.053316813813918174,0.053316813813918174,0.0049703900771956525,0.0006664601726739771,0.0006664601726739771
80,72.0,0.9,-0.10536051565782628,0.05,0.5,0.4,0.16000000000000003,26,0.038461538461538464,0.19611613513818404,call,10.562400144182789,0.0008538529228589845,10.618801936631495,0.0564017924487068,0.0564017924487068,0.005339865151744883,0.000705022405608835,0.000705022405608835
80,72.0,0.9,-0.10536051565782628,0.05,0.5,0.4,0.16000000000000003,52,0.019230769230769232,0.1386750490563073,call,10.491761630067458,0.0008448827271350974,10.54994665814973,0.05818502808227244,0.05818502808227244,0.005545782503819459,0.0007273128510284054,0.0007273128510284054
80,72.0,0.9,-0.10536051565782628,0.05,0.5,0.4,0.16000000000000003,126,0.007936507936507936,0.0890870806374748,call,10.450211904526531,0.0008402613957145035,10.50960113788371,0.059389233357178384,0.059389233357178384,0.005683064984687422,0.0007423654169647298,0.0007423654169647298
80,72.0,0.9,-0.10536051565782628,0.05,0.5,0.5,0.25,12,0.08333333333333333,0.2886751345948129,call,11.77661537459209,0.0013661036942709027,11.861298234798333,0.08468286020624305,0.08468286020624305,0.0071907638580899335,0.001058535752578038,0.001058535752578038
80,72.0,0.9,-0.10536051565782628,0.05,0.5,0.5,0.25,26,0.038461538461538464,0.19611613513818404,call,11.566586400556229,0.0013428161723418263,11.656185229429376,0.08959882887314663,0.08959882887314663,0.0077463501996438535,0.001119985360914333,0.001119985360914333
80,72.0,0.9,-0.10536051565782628,0.05,0.5,0.5,0.25,52,0.019230769230769232,0.1386750490563073,call,11.478553440781504,0.0013302750930368492,11.568486556489704,0.08993311570820062,0.08993311570820062,0.007834882345773845,0.0011241639463525077,0.0011241639463525077
80,72.0,0.9,-0.10536051565782628,0.05,0.5,0.5,0.25,126,0.007936507936507936,0.0890870806374748,call,11.427002291098558,0.0013233626977142818,11.517042198472039,0.09003990737348033,0.09003990737348033,0.007879573756944102,0.0011254988421685042,0.0011254988421685042
80,72.0,0.9,-0.10536051565782628,0.05,0.5,0.6,0.36,12,0.08333333333333333,0.2886751345948129,call,12.89386446782116,0.002025650571957385,13.015231181364387,0.12136671354322637,0.12136671354322637,0.009412749284445925,0.0015170839192903296,0.0015170839192903296
80,72.0,0.9,-0.10536051565782628,0.05,0.5,0.6,0.36,26,0.038461538461538464,0.19611613513818404,call,12.640533918711906,0.0019724730619607067,12.767855096133136,0.12732117742122995,0.12732117742122995,0.01007245249607338,0.0015915147177653743,0.0015915147177653743
80,72.0,0.9,-0.10536051565782628,0.05,0.5,0.6,0.36,52,0.019230769230769232,0.1386750490563073,call,12.52885690723111,0.0019342659943059845,12.66193868331115,0.13308177608004002,0.13308177608004002,0.010622020593373608,0.0016635222010005003,0.0016635222010005003
80,72.0,0.9,-0.10536051565782628,0.05,0.5,0.6,0.36,126,0.007936507936507936,0.0890870806374748,call,12.463966872196503,0.0019328691214117912,12.59976438032253,0.13579750812602676,0.13579750812602676,0.01089520772306862,0.0016974688515753345,0.0016974688515753345
80,80.0,1.0,0.0,0.05,0.5,0.1,0.010000000000000002,12,0.08333333333333333,0.2886751345948129,call,1.9600019539439177,5.396352747750008e-05,1.9617127753218064,0.0017108213778886938,0.0017108213778886938,0.0008728671797730495,2.138526722360867e-05,2.138526722360867e-05
80,80.0,1.0,0.0,0.05,0.5,0.1,0.010000000000000002,26,0.038461538461538464,0.19611613513818404,call,1.8912654271544458,5.160822984511991e-05,1.8931019815757524,0.001836554421306591,0.001836554421306591,0.0009710717464284366,2.2956930266332386e-05,2.2956930266332386e-05
80,80.0,1.0,0.0,0.05,0.5,0.1,0.010000000000000002,52,0.019230769230769232,0.1386750490563073,call,1.8618988576743691,5.1294962588032856e-05,1.8636674479852555,0.0017685903108863865,0.0017685903108863865,0.0009498852763116623,2.2107378886079832e-05,2.2107378886079832e-05
80,80.0,1.0,0.0,0.05,0.5,0.1,0.010000000000000002,126,0.007936507936507936,0.0890870806374748,call,1.8445747188786394,5.0620336479491025e-05,1.8463715004661547,0.0017967815875152837,0.0017967815875152837,0.0009740898913585835,2.2459769843941046e-05,2.2459769843941046e-05
80,80.0,1.0,0.0,0.05,0.5,0.2,0.04000000000000001,12,0.08333333333333333,0.2886751345948129,call,3.287526064553641,0.00019857326724193096,3.292881108877178,0.0053550443235370615,0.0053550443235370615,0.0016288979063240172,6.693805404421327e-05,6.693805404421327e-05
80,80.0,1.0,0.0,0.05,0.5,0.2,0.04000000000000001,26,0.038461538461538464,0.19611613513818404,call,3.177687241461138,0.00019176332113409974,3.182991519506489,0.005304278045350941,0.005304278045350941,0.0016692259628773194,6.630347556688677e-05,6.630347556688677e-05
80,80.0,1.0,0.0,0.05,0.5,0.2,0.04000000000000001,52,0.019230769230769232,0.1386750490563073,call,3.1303057400385907,0.00018854404374943495,3.1358229262754755,0.005517186236884797,0.005517186236884797,0.0017625071462881387,6.896482796105995e-05,6.896482796105995e-05
80,80.0,1.0,0.0,0.05,0.5,0.2,0.04000000000000001,126,0.007936507936507936,0.0890870806374748,call,3.1026129517928913,0.0001866337546019758,3.108098932396803,0.005485980603911589,0.005485980603911589,0.0017681807847612552,6.857475754889485e-05,6.857475754889485e-05
80,80.0,1.0,0.0,0.05,0.5,0.3,0.09,12,0.08333333333333333,0.2886751345948129,call,4.634390047974352,0.00044504109972916,4.6474558978917155,0.01306584991736326,0.01306584991736326,0.002819324610597724,0.00016332312396704073,0.00016332312396704073
80,80.0,1.0,0.0,0.05,0.5,0.3,0.09,26,0.038461538461538464,0.19611613513818404,call,4.482128943455456,0.0004295818346924055,4.4954010748100055,0.013272131354549188,0.013272131354549188,0.002961122163593348,0.00016590164193186485,0.00016590164193186485
80,80.0,1.0,0.0,0.05,0.5,0.3,0.09,52,0.019230769230769232,0.1386750490563073,call,4.416605251700774,0.00042294965473023877,4.430118782732351,0.013513531031577486,0.013513531031577486,0.0030597099494852095,0.00016891913789471858,0.00016891913789471858
80,80.0,1.0,0.0,0.05,0.5,0.3,0.09,126,0.007936507936507936,0.0890870806374748,call,4.377658216148654,0.00041517977231521645,4.391743903313449,0.014085687164794969,0.014085687164794969,0.0032176306301927742,0.0001760710895599371,0.0001760710895599371
80,80.0,1.0,0.0,0.05,0.5,0.4,0.16000000000000003,12,0.08333333333333333,0.2886751345948129,call,5.984356524621569,0.0008042025821510727,6.010089761208868,0.02573323658729887,0.02573323658729887,0.004300084141281364,0.00032166545734123585,0.00032166545734123585
80,80.0,1.0,0.0,0.05,0.5,0.4,0.16000000000000003,26,0.038461538461538464,0.19611613513818404,call,5.788944407503605,0.0007727618316926036,5.815920696666807,0.02697628916320216,0.02697628916320216,0.004659966872066626,0.000337203614540027,0.000337203614540027
80,80.0,1.0,0.0,0.05,0.5,0.4,0.16000000000000003,52,0.019230769230769232,0.1386750490563073,call,5.705257982562373,0.0007694709873544238,5.732544474694396,0.02728649213202239,0.02728649213202239,0.004782692073771456,0.00034108115165027987,0.00034108115165027987
80,80.0,1.0,0.0,0.05,0.5,0.4,0.16000000000000003,126,0.007936507936507936,0.0890870806374748,call,5.656843642882514,0.000752620031985891,5.683529782191812,0.026686139309298085,0.026686139309298085,0.0047174963626358665,0.00033357674136622604,0.00033357674136622604
80,80.0,1.0,0.0,0.05,0.5,0.5,0.25,12,0.08333333333333333,0.2886751345948129,call,7.331285017339373,0.0012875778848600542,7.378339022531921,0.047054005192547876,0.047054005192547876,0.006418247971707481,0.0005881750649068485,0.0005881750649068485
80,80.0,1.0,0.0,0.05,0.5,0.5,0.25,26,0.038461538461538464,0.19611613513818404,call,7.094929924395925,0.0012379007047470193,7.142385761359986,0.04745583696406097,0.04745583696406097,0.006688697065334503,0.0005931979620507621,0.0005931979620507621
80,80.0,1.0,0.0,0.05,0.5,0.5,0.25,52,0.019230769230769232,0.1386750490563073,call,6.995540463591805,0.0012320611296394782,7.041053924974085,0.04551346138227963,0.04551346138227963,0.006506067918433725,0.0005689182672784954,0.0005689182672784954
80,80.0,1.0,0.0,0.05,0.5,0.5,0.25,126,0.007936507936507936,0.0890870806374748,call,6.931307281019313,0.0012078449699488927,6.981479832219404,0.05017255120009079,0.05017255120009079,0.007238540893646898,0.0006271568900011349,0.0006271568900011349
80,80.0,1.0,0.0,0.05,0.5,0.6,0.36,12,0.08333333333333333,0.2886751345948129,call,8.677022560944508,0.0019066491319374031,8.751937013533732,0.07491445258922447,0.07491445258922447,0.00863365884588295,0.0009364306573653059,0.0009364306573653059
80,80.0,1.0,0.0,0.05,0.5,0.6,0.36,26,0.038461538461538464,0.19611613513818404,call,8.396116120976572,0.0018591300368560233,8.47469582590449,0.07857970492791821,0.07857970492791821,0.009359054090688115,0.0009822463115989777,0.0009822463115989777
80,80.0,1.0,0.0,0.05,0.5,0.6,0.36,52,0.019230769230769232,0.1386750490563073,call,8.270638270899735,0.001773589196121739,8.355617235345516,0.08497896444578146,0.08497896444578146,0.01027477706826814,0.0010622370555722683,0.0010622370555722683
80,80.0,1.0,0.0,0.05,0.5,0.6,0.36,126,0.007936507936507936,0.0890870806374748,call,8.203434946865489,0.0017820252960234668,8.285605406747035,0.08217045988154581,0.08217045988154581,0.01001659188056863,0.0010271307485193227,0.0010271307485193227
80,88.0,1.1,0.09531017980432493,0.05,0.5,0.1,0.010000000000000002,12,0.08333333333333333,0.2886751345948129,call,0.04331572020069883,3.100397283616448e-05,0.04178321330230472,-0.001532506898394105,0.001532506898394105,-0.03537992422366281,-1.9156336229926314e-05,1.9156336229926314e-05
80,88.0,1.1,0.09531017980432493,0.05,0.5,0.1,0.010000000000000002,26,0.038461538461538464,0.19611613513818404,call,0.0348429091290775,2.9592846305467906e-05,0.033346242443082284,-0.0014966666859952127,0.0014966666859952127,-0.04295469934645031,-1.870833357494016e-05,1.870833357494016e-05
80,88.0,1.1,0.09531017980432493,0.05,0.5,0.1,0.010000000000000002,52,0.019230769230769232,0.1386750490563073,call,0.03153792607639654,2.8900504748678514e-05,0.03009621456813088,-0.001441711508265664,0.001441711508265664,-0.0457135800487738,-1.80213938533208e-05,1.80213938533208e-05
80,88.0,1.1,0.09531017980432493,0.05,0.5,0.1,0.010000000000000002,126,0.007936507936507936,0.0890870806374748,call,0.029727178080975004,2.9201308458711234e-05,0.028287092826351674,-0.00144008525462333,0.00144008525462333,-0.048443389100056064,-1.8001065682791626e-05,1.8001065682791626e-05
80,88.0,1.1,0.09531017980432493,0.05,0.5,0.2,0.04000000000000001,12,0.08333333333333333,0.2886751345948129,call,0.6794089264150782,0.00017039706483620734,0.6695767187057182,-0.009832207709359997,0.009832207709359997,-0.014471708167332948,-0.00012290259636699996,0.00012290259636699996
80,88.0,1.1,0.09531017980432493,0.05,0.5,0.2,0.04000000000000001,26,0.038461538461538464,0.19611613513818404,call,0.615903663876966,0.00016272924004792554,0.6050424125145178,-0.010861251362448199,0.010861251362448199,-0.017634659443457802,-0.0001357656420306025,0.0001357656420306025
80,88.0,1.1,0.09531017980432493,0.05,0.5,0.2,0.04000000000000001,52,0.019230769230769232,0.1386750490563073,call,0.5893035346739866,0.0001591209861871475,0.5780938682804831,-0.011209666393503404,0.011209666393503404,-0.019021888948459804,-0.00014012082991879255,0.00014012082991879255
80,88.0,1.1,0.09531017980432493,0.05,0.5,0.2,0.04000000000000001,126,0.007936507936507936,0.0890870806374748,call,0.573978780035182,0.00016085369918613003,0.5624725280316144,-0.011506252003567585,0.011506252003567585,-0.02004647628761173,-0.0001438281500445948,0.0001438281500445948
80,88.0,1.1,0.09531017980432493,0.05,0.5,0.3,0.09,12,0.08333333333333333,0.2886751345948129,call,1.7547031979365804,0.0004060183826930173,1.739793267331989,-0.014909930604591448,0.014909930604591448,-0.00849712397066614,-0.0001863741325573931,0.0001863741325573931
80,88.0,1.1,0.09531017980432493,0.05,0.5,0.3,0.09,26,0.038461538461538464,0.19611613513818404,call,1.6356873811444566,0.0003873685286449526,1.6180211662783008,-0.017666214866155716,0.017666214866155716,-0.010800483680319788,-0.00022082768582694644,0.00022082768582694644
80,88.0,1.1,0.09531017980432493,0.05,0.5,0.3,0.09,52,0.019230769230769232,0.1386750490563073,call,1.5839262495036175,0.0003817499718176731,1.5663860512380225,-0.017540198265594942,0.017540198265594942,-0.011073873086636337,-0.00021925247831993677,0.00021925247831993677
80,88.0,1.1,0.09531017980432493,0.05,0.5,0.3,0.09,126,0.007936507936507936,0.0890870806374748,call,1.5550077875823294,0.00037675624553545737,1.536222807371104,-0.018784980211225433,0.018784980211225433,-0.01208031262687864,-0.00023481225264031791,0.00023481225264031791
80,88.0,1.1,0.09531017980432493,0.05,0.5,0.4,0.16000000000000003,12,0.08333333333333333,0.2886751345948129,call,2.992548802674811,0.0007447487853002278,2.979479146517265,-0.01306965615754585,0.01306965615754585,-0.004367399504350233,-0.00016337070196932314,0.00016337070196932314
80,88.0,1.1,0.09531017980432493,0.05,0.5,0.4,0.16000000000000003,26,0.038461538461538464,0.19611613513818404,call,2.821805046394657,0.0007178384405129818,2.8053353507376655,-0.016469695656991412,0.016469695656991412,-0.005836581686617328,-0.00020587119571239266,0.00020587119571239266
80,88.0,1.1,0.09531017980432493,0.05,0.5,0.4,0.16000000000000003,52,0.019230769230769232,0.1386750490563073,call,2.749109643423414,0.0007064911266141297,2.7310835589208433,-0.018026084502570594,0.018026084502570594,-0.006557062773285046,-0.00022532605628213241,0.00022532605628213241
80,88.0,1.1,0.09531017980432493,0.05,0.5,0.4,0.16000000000000003,126,0.007936507936507936,0.0890870806374748,call,2.706119259704433,0.0006986597829225277,2.687587645262476,-0.018531614441956723,0.018531614441956723,-0.006848040556786392,-0.00023164518052445904,0.00023164518052445904
80,88.0,1.1,0.09531017980432493,0.05,0.5,0.5,0.25,12,0.08333333333333333,0.2886751345948129,call,4.300942019760261,0.0012208892277596067,4.297318529214967,-0.0036234905452943167,0.0036234905452943167,-0.00084248765239023,-4.529363181617896e-05,4.529363181617896e-05
80,88.0,1.1,0.09531017980432493,0.05,0.5,0.5,0.25,26,0.038461538461538464,0.19611613513818404,call,4.08049554404385,0.0011664808332515206,4.073964839881156,-0.006530704162694079,0.006530704162694079,-0.001600468397086405,-8.163380203367599e-05,8.163380203367599e-05
80,88.0,1.1,0.09531017980432493,0.05,0.5,0.5,0.25,52,0.019230769230769232,0.1386750490563073,call,3.9878806095122603,0.0011336768340011244,3.9784774876284446,-0.009403121883815757,0.009403121883815757,-0.002357924623266445,-0.00011753902354769697,0.00011753902354769697
80,88.0,1.1,0.09531017980432493,0.05,0.5,0.5,0.25,126,0.007936507936507936,0.0890870806374748,call,3.9317852080845346,0.0011202550328538038,3.9224673065362454,-0.009317901548289154,0.009317901548289154,-0.002369890788827856,-0.00011647376935361442,0.00011647376935361442
80,88.0,1.1,0.09531017980432493,0.05,0.5,0.6,0.36,12,0.08333333333333333,0.2886751345948129,call,5.642527806545317,0.0018351315163823375,5.658670019285769,0.016142212740452244,0.016142212740452244,0.0028608122624982583,0.00020177765925565304,0.00020177765925565304
80,88.0,1.1,0.09531017980432493,0.05,0.5,0.6,0.36,26,0.038461538461538464,0.19611613513818404,call,5.376691040036441,0.0017444898996187125,5.388249629918635,0.011558589882193715,0.011558589882193715,0.0021497589867308753,0.00014448237352742143,0.00014448237352742143
80,88.0,1.1,0.09531017980432493,0.05,0.5,0.6,0.36,52,0.019230769230769232,0.1386750490563073,call,5.262836867565231,0.001740813402987575,5.272465183302427,0.009628315737195692,0.009628315737195692,0.0018294915802036023,0.00012035394671494615,0.00012035394671494615
80,88.0,1.1,0.09531017980432493,0.05,0.5,0.6,0.36,126,0.007936507936507936,0.0890870806374748,call,5.195697731532671,0.0016844230506013345,5.20449775545492,0.00880002392224899,0.00880002392224899,0.0016937136024756936,0.00011000029902811237,0.00011000029902811237
80,96.0,1.2,0.1823215567939546,0.05,0.5,0.1,0.010000000000000002,12,0.08333333333333333,0.2886751345948129,call,6.651309250259654e-05,3.622930042473422e-06,4.5249550097083756e-05,-2.1263542405512787e-05,2.1263542405512787e-05,-0.31968957697588185,-2.6579428006890985e-07,2.6579428006890985e-07
80,96.0,1.2,0.1823215567939546,0.05,0.5,0.1,0.010000000000000002,26,0.038461538461538464,0.19611613513818404,call,2.9122769108255697e-05,2.7519376348473106e-06,2.3840761333267838e-05,-5.282007774987859e-06,5.282007774987859e-06,-0.18137038258118526,-6.602509718734823e-08,6.602509718734823e-08
80,96.0,1.2,0.1823215567939546,0.05,0.5,0.1,0.010000000000000002,52,0.019230769230769232,0.1386750490563073,call,1.1195199565121454e-06,1.1195199565121451e-06,1.7775147872355425e-05,1.665562791584328e-05,1.665562791584328e-05,14.877472990953857,2.0819534894804098e-07,2.0819534894804098e-07
80,96.0,1.2,0.1823215567939546,0.05,0.5,0.1,0.010000000000000002,126,0.007936507936507936,0.0890870806374748,call,2.1019826301259267e-07,2.1019826301259267e-07,1.4874499115044788e-05,1.4664300852032195e-05,1.4664300852032195e-05,69.76413906500112,1.8330376065040244e-07,1.8330376065040244e-07
80,96.0,1.2,0.1823215567939546,0.05,0.5,0.2,0.04000000000000001,12,0.08333333333333333,0.2886751345948129,call,0.08045360584047136,0.00011917370064697375,0.07474975510556481,-0.005703850734906549,0.005703850734906549,-0.07089614785217352,-7.129813418633185e-05,7.129813418633185e-05
80,96.0,1.2,0.1823215567939546,0.05,0.5,0.2,0.04000000000000001,26,0.038461538461538464,0.19611613513818404,call,0.06576928395995263,0.00011255281075504188,0.060219444758881704,-0.005549839201070925,0.005549839201070925,-0.08438345177135059,-6.937299001338656e-05,6.937299001338656e-05
80,96.0,1.2,0.1823215567939546,0.05,0.5,0.2,0.04000000000000001,52,0.019230769230769232,0.1386750490563073,call,0.06005525289637583,0.00011060495144772761,0.05458940820755609,-0.005465844688819742,0.005465844688819742,-0.09101359873133746,-6.832305861024677e-05,6.832305861024677e-05
80,96.0,1.2,0.1823215567939546,0.05,0.5,0.2,0.04000000000000001,126,0.007936507936507936,0.0890870806374748,call,0.05696428512469109,0.00010842079078561336,0.051446109160128005,-0.005518175964563082,0.005518175964563082,-0.09687080163446547,-6.897719955703852e-05,6.897719955703852e-05
80,96.0,1.2,0.1823215567939546,0.05,0.5,0.3,0.09,12,0.08333333333333333,0.2886751345948129,call,0.5415877593047528,0.00034948350311158287,0.5206753285845485,-0.020912430720204322,0.020912430720204322,-0.03861318938790278,-0.000261405384002554,0.000261405384002554
80,96.0,1.2,0.1823215567939546,0.05,0.5,0.3,0.09,26,0.038461538461538464,0.19611613513818404,call,0.479309871888098,0.0003360766290407774,0.45703627837697774,-0.022273593511120238,0.022273593511120238,-0.04647013303393914,-0.000278419918889003,0.000278419918889003
80,96.0,1.2,0.1823215567939546,0.05,0.5,0.3,0.09,52,0.019230769230769232,0.1386750490563073,call,0.4535725595192728,0.00032796546675692873,0.43092948452168867,-0.02264307499758411,0.02264307499758411,-0.04992161567618374,-0.0002830384374698014,0.0002830384374698014
80,96.0,1.2,0.1823215567939546,0.05,0.5,0.3,0.09,126,0.007936507936507936,0.0890870806374748,call,0.4392946630997178,0.0003315444060359152,0.41593055059412964,-0.023364112505588175,0.023364112505588175,-0.05318551411648867,-0.0002920514063198522,0.0002920514063198522
80,96.0,1.2,0.1823215567939546,0.05,0.5,0.4,0.16000000000000003,12,0.08333333333333333,0.2886751345948129,call,1.361986790497151,0.0006952287019888971,1.3275497647454657,-0.03443702575168528,0.03443702575168528,-0.025284405099931337,-0.000430462821896066,0.000430462821896066
80,96.0,1.2,0.1823215567939546,0.05,0.5,0.4,0.16000000000000003,26,0.038461538461538464,0.19611613513818404,call,1.2439628789756423,0.0006723674444740431,1.2048938711856962,-0.03906900778994604,0.03906900778994604,-0.031406891998351213,-0.0004883625973743256,0.0004883625973743256
80,96.0,1.2,0.1823215567939546,0.05,0.5,0.4,0.16000000000000003,52,0.019230769230769232,0.1386750490563073,call,1.1940305782637477,0.000656389407807291,1.1535565181916858,-0.04047406007206189,0.04047406007206189,-0.03389700465704626,-0.0005059257509007736,0.0005059257509007736
80,96.0,1.2,0.1823215567939546,0.05,0.5,0.4,0.16000000000000003,126,0.007936507936507936,0.0890870806374748,call,1.164218905672577,0.0006461024639534995,1.1237630169697492,-0.04045588870282768,0.04045588870282768,-0.03474938304618584,-0.000505698608785346,0.000505698608785346
80,96.0,1.2,0.1823215567939546,0.05,0.5,0.5,0.25,12,0.08333333333333333,0.2886751345948129,call,2.4006145386713253,0.001147920908001493,2.3627769362935567,-0.037837602377768675,0.037837602377768675,-0.015761631768968106,-0.0004729700297221084,0.0004729700297221084
80,96.0,1.2,0.1823215567939546,0.05,0.5,0.5,0.25,26,0.038461538461538464,0.19611613513818404,call,2.228254063788865,0.0011180361818875029,2.1818832310209753,-0.04637083276788978,0.04637083276788978,-0.020810388510653956,-0.0005796354095986223,0.0005796354095986223
80,96.0,1.2,0.1823215567939546,0.05,0.5,0.5,0.25,52,0.019230769230769232,0.1386750490563073,call,2.1536788818571337,0.0010950092976124582,2.105456823671497,-0.04822205818563674,0.04822205818563674,-0.022390551623951704,-0.0006027757273204592,0.0006027757273204592
80,96.0,1.2,0.1823215567939546,0.05,0.5,0.5,0.25,126,0.007936507936507936,0.0890870806374748,call,2.110710550457681,0.0010825576694991589,2.0608931576524303,-0.04981739280525055,0.04981739280525055,-0.023602190643548106,-0.0006227174100656319,0.0006227174100656319
80,96.0,1.2,0.1823215567939546,0.05,0.5,0.6,0.36,12,0.08333333333333333,0.2886751345948129,call,3.5737874193461554,0.0017554804748053014,3.5390547335048983,-0.034732685841257105,0.034732685841257105,-0.009718733031863335,-0.0004341585730157138,0.0004341585730157138
80,96.0,1.2,0.1823215567939546,0.05,0.5,0.6,0.36,26,0.038461538461538464,0.19611613513818404,call,3.3421207074580854,0.001691377325775376,3.302611459270655,-0.0395092481874304,0.0395092481874304,-0.01182161018279915,-0.00049386560234288,0.00049386560234288
80,96.0,1.2,0.1823215567939546,0.05,0.5,0.6,0.36,52,0.019230769230769232,0.1386750490563073,call,3.2486196200727964,0.001636802581982948,3.202197528633005,-0.04642209143979148,0.04642209143979148,-0.01428978977808157,-0.0005802761429973935,0.0005802761429973935
80,96.0,1.2,0.1823215567939546,0.05,0.5,0.6,0.36,126,0.007936507936507936,0.0890870806374748,call,3.192710347804987,0.0016412972757950824,3.143494452587744,-0.04921589521724279,0.04921589521724279,-0.015415083066047346,-0.0006151986902155349,0.0006151986902155349
80,104.0,1.3,0.26236426446749106,0.05,0.5,0.1,0.010000000000000002,12,0.08333333333333333,0.2886751345948129,call,0.0,0.0,3.431317331114574e-09,3.431317331114574e-09,3.431317331114574e-09,3431.3173311145742,4.289146663893218e-11,4.289146663893218e-11
80,104.0,1.3,0.26236426446749106,0.05,0.5,0.1,0.010000000000000002,26,0.038461538461538464,0.19611613513818404,call,0.0,0.0,9.839407251591132e-10,9.839407251591132e-10,9.839407251591132e-10,983.9407251591132,1.2299259064488914e-11,1.2299259064488914e-11
80,104.0,1.3,0.26236426446749106,0.05,0.5,0.1,0.010000000000000002,52,0.019230769230769232,0.1386750490563073,call,0.0,0.0,5.54404664793196e-10,5.54404664793196e-10,5.54404664793196e-10,554.404664793196,6.930058309914951e-12,6.930058309914951e-12
80,104.0,1.3,0.26236426446749106,0.05,0.5,0.1,0.010000000000000002,126,0.007936507936507936,0.0890870806374748,call,0.0,0.0,3.9127864052633245e-10,3.9127864052633245e-10,3.9127864052633245e-10,391.2786405263325,4.8909830065791554e-12,4.8909830065791554e-12
80,104.0,1.3,0.26236426446749106,0.05,0.5,0.2,0.04000000000000001,12,0.08333333333333333,0.2886751345948129,call,0.005778951322577955,5.6044969611737655e-05,0.004864741948397287,-0.0009142093741806682,0.0009142093741806682,-0.15819641370033985,-1.1427617177258353e-05,1.1427617177258353e-05
80,104.0,1.3,0.26236426446749106,0.05,0.5,0.2,0.04000000000000001,26,0.038461538461538464,0.19611613513818404,call,0.004194742718837841,5.045007697641329e-05,0.0033479504994849475,-0.0008467922193528938,0.0008467922193528938,-0.20186988240067763,-1.0584902741911173e-05,1.0584902741911173e-05
80,104.0,1.3,0.26236426446749106,0.05,0.5,0.2,0.04000000000000001,52,0.019230769230769232,0.1386750490563073,call,0.003631466249748686,5.0367969888837104e-05,0.0028230915263260555,-0.0008083747234226306,0.0008083747234226306,-0.22260284629619614,-1.0104684042782882e-05,1.0104684042782882e-05
80,104.0,1.3,0.26236426446749106,0.05,0.5,0.2,0.04000000000000001,126,0.007936507936507936,0.0890870806374748,call,0.0032592244712064252,4.917728423211144e-05,0.002546103228955299,-0.0007131212422511264,0.0007131212422511264,-0.21880089835824026,-8.91401552813908e-06,8.91401552813908e-06
80,104.0,1.3,0.26236426446749106,0.05,0.5,0.3,0.09,12,0.08333333333333333,0.2886751345948129,call,0.14160717998769065,0.00027718276023658555,0.1278727546040665,-0.013734425383624155,0.013734425383624155,-0.09698961157773238,-0.00017168031729530194,0.00017168031729530194
80,104.0,1.3,0.26236426446749106,0.05,0.5,0.3,0.09,26,0.038461538461538464,0.19611613513818404,call,0.11750915204305487,0.00026806938465776886,0.1041884210927138,-0.013320730950341073,0.013320730950341073,-0.1133590934726549,-0.00016650913687926342,0.00016650913687926342
80,104.0,1.3,0.26236426446749106,0.05,0.5,0.3,0.09,52,0.019230769230769232,0.1386750490563073,call,0.10758021590607554,0.00025472438432928374,0.09494187052373605,-0.012638345382339489,0.012638345382339489,-0.11747834186699883,-0.0001579793172792436,0.0001579793172792436
80,104.0,1.3,0.26236426446749106,0.05,0.5,0.3,0.09,126,0.007936507936507936,0.0890870806374748,call,0.10249374708246468,0.000264780884221529,0.08975978497958349,-0.012733962102881191,0.012733962102881191,-0.12424135584228048,-0.0001591745262860149,0.0001591745262860149
80,104.0,1.3,0.26236426446749106,0.05,0.5,0.4,0.16000000000000003,12,0.08333333333333333,0.2886751345948129,call,0.5732372645275433,0.000613041117160275,0.5393970563720323,-0.03384020815551103,0.03384020815551103,-0.05903351064136036,-0.00042300260194388787,0.00042300260194388787
80,104.0,1.3,0.26236426446749106,0.05,0.5,0.4,0.16000000000000003,26,0.038461538461538464,0.19611613513818404,call,0.5048325523116224,0.0005963011933666606,0.46800837437845677,-0.036824177933165614,0.036824177933165614,-0.07294335074976471,-0.00046030222416457015,0.00046030222416457015
80,104.0,1.3,0.26236426446749106,0.05,0.5,0.4,0.16000000000000003,52,0.019230769230769232,0.1386750490563073,call,0.4762645638375698,0.0005875637640643528,0.4389427844988658,-0.03732177933870401,0.03732177933870401,-0.07836354449295668,-0.0004665222417338001,0.0004665222417338001
80,104.0,1.3,0.26236426446749106,0.05,0.5,0.4,0.16000000000000003,126,0.007936507936507936,0.0890870806374748,call,0.4595130558454418,0.0005839475252570468,0.4223070680065603,-0.03720598783888146,0.03720598783888146,-0.08096829320861729,-0.00046507484798601826,0.00046507484798601826
80,104.0,1.3,0.26236426446749106,0.05,0.5,0.5,0.25,12,0.08333333333333333,0.2886751345948129,call,1.2903329722918369,0.0010951168702734546,1.2373941594636202,-0.052938812828216664,0.052938812828216664,-0.04102724952784001,-0.0006617351603527083,0.0006617351603527083
80,104.0,1.3,0.26236426446749106,0.05,0.5,0.5,0.25,26,0.038461538461538464,0.19611613513818404,call,1.1651462531473509,0.001029495368342997,1.1077684517847814,-0.057377801362569425,0.057377801362569425,-0.04924514944589802,-0.0007172225170321179,0.0007172225170321179
80,104.0,1.3,0.26236426446749106,0.05,0.5,0.5,0.25,52,0.019230769230769232,0.1386750490563073,call,1.1167488439922455,0.0010215248242838213,1.0539546053172537,-0.06279423867499179,0.06279423867499179,-0.056229508553158454,-0.0007849279834373973,0.0007849279834373973
80,104.0,1.3,0.26236426446749106,0.05,0.5,0.5,0.25,126,0.007936507936507936,0.0890870806374748,call,1.0837537598821916,0.0010066649129462848,1.022851641240261,-0.060902118641930514,0.060902118641930514,-0.0561955315832545,-0.0007612764830241314,0.0007612764830241314
80,104.0,1.3,0.26236426446749106,0.05,0.5,0.6,0.36,12,0.08333333333333333,0.2886751345948129,call,2.2160832582517953,0.0016811287714309233,2.1535146869333572,-0.06256857131843807,0.06256857131843807,-0.02823385406909153,-0.0007821071414804759,0.0007821071414804759
80,104.0,1.3,0.26236426446749106,0.05,0.5,0.6,0.36,26,0.038461538461538464,0.19611613513818404,call,2.0358688543865457,0.0016150963159518071,1.963718096796162,-0.0721507575903837,0.0721507575903837,-0.03543978652403147,-0.0009018844698797962,0.0009018844698797962
80,104.0,1.3,0.26236426446749106,0.05,0.5,0.6,0.36,52,0.019230769230769232,0.1386750490563073,call,1.9583182921083604,0.0015836228118351564,1.8840819658244161,-0.07423632628394428,0.07423632628394428,-0.0379082024526361,-0.0009279540785493035,0.0009279540785493035
80,104.0,1.3,0.26236426446749106,0.05,0.5,0.6,0.36,126,0.007936507936507936,0.0890870806374748,call,1.913863577570255,0.0015601689107741662,1.837807760066677,-0.07605581750357815,0.07605581750357815,-0.039739414237735166,-0.0009506977187947269,0.0009506977187947269
80,56.0,0.7,-0.35667494393873245,0.05,1.0,0.1,0.010000000000000002,12,0.08333333333333333,0.2886751345948129,call,24.92684941370597,0.00014586102952087428,24.926754506782775,-9.490692319502614e-05,9.490692319502614e-05,-3.8074175207574285e-06,-1.1863365399378267e-06,1.1863365399378267e-06
80,56.0,0.7,-0.35667494393873245,0.05,1.0,0.1,0.010000000000000002,26,0.038461538461538464,0.19611613513818404,call,24.83928497539389,0.00014427008830111777,24.839128730081406,-0.00015624531248548124,0.00015624531248548124,-6.290250006804134e-06,-1.9530664060685155e-06,1.9530664060685155e-06
80,56.0,0.7,-0.35667494393873245,0.05,1.0,0.1,0.010000000000000002,52,0.019230769230769232,0.1386750490563073,call,24.801888909847943,0.00014381187701891553,24.80159486630139,-0.0002940435465532687,0.0002940435465532687,-1.1855691621798795e-05,-3.675544331915859e-06,3.675544331915859e-06
80,56.0,0.7,-0.35667494393873245,0.05,1.0,0.1,0.010000000000000002,126,0.007936507936507936,0.0890870806374748,call,24.779861853609038,0.00014353721238544723,24.779556773205602,-0.0003050804034359089,0.0003050804034359089,-1.231162648275522e-05,-3.8135050429488614e-06,3.8135050429488614e-06
80,56.0,0.7,-0.35667494393873245,0.05,1.0,0.2,0.04000000000000001,12,0.08333333333333333,0.2886751345948129,call,24.92757742685307,0.000552276744691479,24.928823009701517,0.0012455828484476683,0.0012455828484476683,4.996806657617167e-05,1.5569785605595855e-05,1.5569785605595855e-05
80,56.0,0.7,-0.35667494393873245,0.05,1.0,0.2,0.04000000000000001,26,0.038461538461538464,0.19611613513818404,call,24.840126080922513,0.0005514981848821232,24.840567674727712,0.0004415938051991475,0.0004415938051991475,1.777743815633433e-05,5.519922564989343e-06,5.519922564989343e-06
80,56.0,0.7,-0.35667494393873245,0.05,1.0,0.2,0.04000000000000001,52,0.019230769230769232,0.1386750490563073,call,24.80313321969504,0.000552199088946138,24.80281462786532,-0.00031859182972127087,0.00031859182972127087,-1.2844821938394927e-05,-3.982397871515886e-06,3.982397871515886e-06
80,56.0,0.7,-0.35667494393873245,0.05,1.0,0.2,0.04000000000000001,126,0.007936507936507936,0.0890870806374748,call,24.779517570720827,0.0005442199314095277,24.780660484169736,0.0011429134489091552,0.0011429134489091552,4.612331316165766e-05,1.4286418111364441e-05,1.4286418111364441e-05
80,56.0,0.7,-0.35667494393873245,0.05,1.0,0.3,0.09,12,0.08333333333333333,0.2886751345948129,call,24.992872121048634,0.0011967070416956562,25.011083777703256,0.018211656654621322,0.018211656654621322,0.000728674022193861,0.00022764570818276653,0.00022764570818276653
80,56.0,0.7,-0.35667494393873245,0.05,1.0,0.3,0.09,26,0.038461538461538464,0.19611613513818404,call,24.89111057241786,0.001192360576164325,24.908393924716655,0.017283352298797183,0.017283352298797183,0.0006943584236032069,0.00021604190373496478,0.00021604190373496478
80,56.0,0.7,-0.35667494393873245,0.05,1.0,0.3,0.09,52,0.019230769230769232,0.1386750490563073,call,24.84672151871104,0.001179857849828384,24.86495353370374,0.01823201499270155,0.01823201499270155,0.0007337795040271922,0.0002279001874087694,0.0002279001874087694
80,56.0,0.7,-0.35667494393873245,0.05,1.0,0.3,0.09,126,0.007936507936507936,0.0890870806374748,call,24.82165559240492,0.001174742118266425,24.839597780060625,0.017942187655705766,0.017942187655705766,0.000722844114443189,0.00022427734569632207,0.00022427734569632207
80,56.0,0.7,-0.35667494393873245,0.05,1.0,0.4,0.16000000000000003,12,0.08333333333333333,0.2886751345948129,call,25.277377449675296,0.0021076718261788243,25.345685029096376,0.06830757942108079,0.06830757942108079,0.00270232066428071,0.0008538447427635099,0.0008538447427635099
80,56.0,0.7,-0.35667494393873245,0.05,1.0,0.4,0.16000000000000003,26,0.038461538461538464,0.19611613513818404,call,25.133967780513508,0.0020538967813517784,25.20507341900778,0.0711056384942701,0.0711056384942701,0.0028290653952934026,0.0008888204811783762,0.0008888204811783762
80,56.0,0.7,-0.35667494393873245,0.05,1.0,0.4,0.16000000000000003,52,0.019230769230769232,0.1386750490563073,call,25.074802193154394,0.002060848408704509,25.145892274242588,0.07109008108819381,0.07109008108819381,0.0028351203148315137,0.0008886260136024227,0.0008886260136024227
80,56.0,0.7,-0.35667494393873245,0.05,1.0,0.4,0.16000000000000003,126,0.007936507936507936,0.0890870806374748,call,25.043903527172645,0.002066162386768775,25.111442422534612,0.06753889536196667,0.06753889536196667,0.002696819818391607,0.0008442361920245834,0.0008442361920245834
80,56.0,0.7,-0.35667494393873245,0.05,1.0,0.5,0.25,12,0.08333333333333333,0.2886751345948129,call,25.822309404235742,0.003316908719839361,25.969676348207535,0.14736694397179306,0.14736694397179306,0.005706962211041428,0.0018420867996474133,0.0018420867996474133
80,56.0,0.7,-0.35667494393873245,0.05,1.0,0.5,0.25,26,0.038461538461538464,0.19611613513818404,call,25.620861507785925,0.003170570562657068,25.77846032107523,0.15759881328930447,0.15759881328930447,0.006151191022261752,0.001969985166116306,0.001969985166116306
80,56.0,0.7,-0.35667494393873245,0.05,1.0,0.5,0.25,52,0.019230769230769232,0.1386750490563073,call,25.53375065069384,0.003173219862885253,25.69779545307102,0.16404480237718033,0.16404480237718033,0.006424626159366159,0.002050560029714754,0.002050560029714754
80,56.0,0.7,-0.35667494393873245,0.05,1.0,0.5,0.25,126,0.007936507936507936,0.0890870806374748,call,25.49666004115525,0.0032318334097611043,25.65079170422622,0.15413166307097015,0.15413166307097015,0.006045170733036392,0.001926645788387127,0.001926645788387127
80,56.0,0.7,-0.35667494393873245,0.05,1.0,0.6,0.36,12,0.08333333333333333,0.2886751345948129,call,26.578118886627426,0.004950513144515978,26.83186974840115,0.2537508617737245,0.2537508617737245,0.009547359723091512,0.0031718857721715565,0.0031718857721715565
80,56.0,0.7,-0.35667494393873245,0.05,1.0,0.6,0.36,26,0.038461538461538464,0.19611613513818404,call,26.33047118689156,0.004833493479840654,26.58624895949171,0.25577777260014756,0.25577777260014756,0.009714135792886408,0.0031972221575018445,0.0031972221575018445
80,56.0,0.7,-0.35667494393873245,0.05,1.0,0.6,0.36,52,0.019230769230769232,0.1386750490563073,call,26.21353052569694,0.004737285233321537,26.48225113932132,0.2687206136243816,0.2687206136243816,0.010251217910573193,0.00335900767030477,0.00335900767030477
80,56.0,0.7,-0.35667494393873245,0.05,1.0,0.6,0.36,126,0.007936507936507936,0.0890870806374748,call,26.149027819604008,0.004763552456330734,26.42154238338653,0.27251456378252215,0.27251456378252215,0.010421594472365703,0.003406432047281527,0.003406432047281527
80,64.0,0.8,-0.2231435513142097,0.05,1.0,0.1,0.010000000000000002,12,0.08333333333333333,0.2886751345948129,call,17.316853899219105,0.00014522768724967004,17.316942609386178,8.871016707345802e-05,8.871016707345802e-05,5.122764654003252e-06,1.1088770884182253e-06,1.1088770884182253e-06
80,64.0,0.8,-0.2231435513142097,0.05,1.0,0.1,0.010000000000000002,26,0.038461538461538464,0.19611613513818404,call,17.2291238144106,0.00014285845006455555,17.229307049001648,0.00018323459104863105,0.00018323459104863105,1.0635165956342593e-05,2.290432388107888e-06,2.290432388107888e-06
80,64.0,0.8,-0.2231435513142097,0.05,1.0,0.1,0.010000000000000002,52,0.019230769230769232,0.1386750490563073,call,17.191753789967,0.00014293637615146442,17.191770198062795,1.6408095795839017e-05,1.6408095795839017e-05,9.544166346434464e-07,2.051011974479877e-07,2.051011974479877e-07
80,64.0,0.8,-0.2231435513142097,0.05,1.0,0.1,0.010000000000000002,126,0.007936507936507936,0.0890870806374748,call,17.16954245706522,0.00014218583836790594,17.169730622223934,0.00018816515871478146,0.00018816515871478146,1.0959241295178021e-05,2.352064483934768e-06,2.352064483934768e-06
80,64.0,0.8,-0.2231435513142097,0.05,1.0,0.2,0.04000000000000001,12,0.08333333333333333,0.2886751345948129,call,17.37644590396338,0.0005338207716921925,17.384174353458633,0.007728449495253642,0.007728449495253642,0.00044476583634924253,9.660561869067053e-05,9.660561869067053e-05
80,64.0,0.8,-0.2231435513142097,0.05,1.0,0.2,0.04000000000000001,26,0.038461538461538464,0.19611613513818404,call,17.2769555791054,0.000523110450573749,17.285276683035292,0.008321103929890938,0.008321103929890938,0.0004816302207753783,0.00010401379912363672,0.00010401379912363672
80,64.0,0.8,-0.2231435513142097,0.05,1.0,0.2,0.04000000000000001,52,0.019230769230769232,0.1386750490563073,call,17.23393061275014,0.0005208111678905588,17.243282956354673,0.009352343604533075,0.009352343604533075,0.0005426703759393085,0.00011690429505666345,0.00011690429505666345
80,64.0,0.8,-0.2231435513142097,0.05,1.0,0.2,0.04000000000000001,126,0.007936507936507936,0.0890870806374748,call,17.210007510402363,0.0005191535873159257,17.21872839326012,0.008720882857755186,0.008720882857755186,0.0005067332395110207,0.00010901103572193981,0.00010901103572193981
80,64.0,0.8,-0.2231435513142097,0.05,1.0,0.3,0.09,12,0.08333333333333333,0.2886751345948129,call,17.792844666461598,0.0011131651515967071,17.840696918079583,0.047852251617985786,0.047852251617985786,0.0026894098450813936,0.0005981531452248223,0.0005981531452248223
80,64.0,0.8,-0.2231435513142097,0.05,1.0,0.3,0.09,26,0.038461538461538464,0.19611613513818404,call,17.64947383163874,0.0010998029275391713,17.69758717491571,0.048113343276970255,0.048113343276970255,0.0027260497245374803,0.0006014167909621282,0.0006014167909621282
80,64.0,0.8,-0.2231435513142097,0.05,1.0,0.3,0.09,52,0.019230769230769232,0.1386750490563073,call,17.588018147257603,0.0011002200766551886,17.63705030275561,0.04903215549800777,0.04903215549800777,0.0027878158350463757,0.0006129019437250971,0.0006129019437250971
80,64.0,0.8,-0.2231435513142097,0.05,1.0,0.3,0.09,126,0.007936507936507936,0.0890870806374748,call,17.550595305190214,0.0010818500832434806,17.601725698111427,0.051130392921212575,0.051130392921212575,0.002913313880930971,0.0006391299115151572,0.0006391299115151572
80,64.0,0.8,-0.2231435513142097,0.05,1.0,0.4,0.16000000000000003,12,0.08333333333333333,0.2886751345948129,call,18.60323314574251,0.0019743309383453036,18.71256077095714,0.10932762521462891,0.10932762521462891,0.005876807776268146,0.0013665953151828613,0.0013665953151828613
80,64.0,0.8,-0.2231435513142097,0.05,1.0,0.4,0.16000000000000003,26,0.038461538461538464,0.19611613513818404,call,18.4003519769281,0.001924693023263672,18.512361880283112,0.1120099033550126,0.1120099033550126,0.006087378300994459,0.0014001237919376575,0.0014001237919376575
80,64.0,0.8,-0.2231435513142097,0.05,1.0,0.4,0.16000000000000003,52,0.019230769230769232,0.1386750490563073,call,18.3115599051547,0.0019031603015505936,18.42739623966303,0.1158363345083302,0.1158363345083302,0.006325858370794631,0.0014479541813541275,0.0014479541813541275
80,64.0,0.8,-0.2231435513142097,0.05,1.0,0.4,0.16000000000000003,126,0.007936507936507936,0.0890870806374748,call,18.258598600691887,0.0018861421818401078,18.377738614366947,0.11914001367506089,0.11914001367506089,0.006525145564596958,0.001489250170938261,0.001489250170938261
80,64.0,0.8,-0.2231435513142097,0.05,1.0,0.5,0.25,12,0.08333333333333333,0.2886751345948129,call,19.673672698258894,0.003135523287973446,19.85968752953366,0.1860148312747647,0.1860148312747647,0.009455013007877624,0.0023251853909345586,0.0023251853909345586
80,64.0,0.8,-0.2231435513142097,0.05,1.0,0.5,0.25,26,0.038461538461538464,0.19611613513818404,call,19.403263757362026,0.003051987750658072,19.601168482066953,0.1979047247049266,0.1979047247049266,0.010199558547455048,0.0024738090588115823,0.0024738090588115823
80,64.0,0.8,-0.2231435513142097,0.05,1.0,0.5,0.25,52,0.019230769230769232,0.1386750490563073,call,19.286579896111522,0.0030266780235109667,19.49109105498041,0.20451115886888616,0.20451115886888616,0.010603806375754511,0.002556389485861077,0.002556389485861077
80,64.0,0.8,-0.2231435513142097,0.05,1.0,0.5,0.25,126,0.007936507936507936,0.0890870806374748,call,19.216578716478235,0.002936864204742998,19.426652488541414,0.21007377206317912,0.21007377206317912,0.01093190287212992,0.002625922150789739,0.002625922150789739
80,64.0,0.8,-0.2231435513142097,0.05,1.0,0.6,0.36,12,0.08333333333333333,0.2886751345948129,call,20.904198161526452,0.004694782093594147,21.18221101717458,0.2780128556481287,0.2780128556481287,0.01329937907686902,0.003475160695601609,0.003475160695601609
80,64.0,0.8,-0.2231435513142097,0.05,1.0,0.6,0.36,26,0.038461538461538464,0.19611613513818404,call,20.55938056220322,0.004536579081224984,20.867208900877348,0.3078283386741276,0.3078283386741276,0.014972646561153961,0.0038478542334265953,0.0038478542334265953
80,64.0,0.8,-0.2231435513142097,0.05,1.0,0.6,0.36,52,0.019230769230769232,0.1386750490563073,call,20.42151998047898,0.0044522966882515145,20.73275931645135,0.3112393359723704,0.3112393359723704,0.015240752709391145,0.00389049169965463,0.00389049169965463
80,64.0,0.8,-0.2231435513142097,0.05,1.0,0.6,0.36,126,0.007936507936507936,0.0890870806374748,call,20.340284211886267,0.004423691184104564,20.65395961495871,0.31367540307244113,0.31367540307244113,0.015421387420394962,0.003920942538405514,0.003920942538405514
80,72.0,0.9,-0.10536051565782628,0.05,1.0,0.1,0.010000000000000002,12,0.08333333333333333,0.2886751345948129,call,9.73063931358932,0.0001389073111749369,9.732587911435914,0.001948597846594069,0.001948597846594069,0.00020025383572410866,2.435747308242586e-05,2.435747308242586e-05
80,72.0,0.9,-0.10536051565782628,0.05,1.0,0.1,0.010000000000000002,26,0.038461538461538464,0.19611613513818404,call,9.639057865153498,0.00013751417619605605,9.640887791890425,0.0018299267369261685,0.0018299267369261685,0.00018984497888964872,2.2874084211577105e-05,2.2874084211577105e-05
80,72.0,0.9,-0.10536051565782628,0.05,1.0,0.1,0.010000000000000002,52,0.019230769230769232,0.1386750490563073,call,9.599841350090157,0.00013684056378769442,9.601732302165008,0.0018909520748504605,0.0018909520748504605,0.00019697742971895067,2.3636900935630754e-05,2.3636900935630754e-05
80,72.0,0.9,-0.10536051565782628,0.05,1.0,0.1,0.010000000000000002,126,0.007936507936507936,0.0890870806374748,call,9.57690772030012,0.0001358059676718278,9.57877646985139,0.0018687495512690333,0.0018687495512690333,0.00019513078812567598,2.3359369390862917e-05,2.3359369390862917e-05
80,72.0,0.9,-0.10536051565782628,0.05,1.0,0.2,0.04000000000000001,12,0.08333333333333333,0.2886751345948129,call,10.33553616797856,0.0004719217228085745,10.360278064486693,0.0247418965081323,0.0247418965081323,0.002393866762789468,0.00030927370635165375,0.00030927370635165375
80,72.0,0.9,-0.10536051565782628,0.05,1.0,0.2,0.04000000000000001,26,0.038461538461538464,0.19611613513818404,call,10.196419343414442,0.0004640916477965563,10.22168153098494,0.025262187570497474,0.025262187570497474,0.0024775547885654147,0.0003157773446312184,0.0003157773446312184
80,72.0,0.9,-0.10536051565782628,0.05,1.0,0.2,0.04000000000000001,52,0.019230769230769232,0.1386750490563073,call,10.13632109895534,0.000459953453424243,10.16263607250312,0.02631497354778034,0.02631497354778034,0.002596106939675815,0.0003289371693472543,0.0003289371693472543
80,72.0,0.9,-0.10536051565782628,0.05,1.0,0.2,0.04000000000000001,126,0.007936507936507936,0.0890870806374748,call,10.101913496001108,0.0004576177458429583,10.128061292174525,0.026147796173416893,0.026147796173416893,0.0025884003247273525,0.00032684745216771116,0.00032684745216771116
80,72.0,0.9,-0.10536051565782628,0.05,1.0,0.3,0.09,12,0.08333333333333333,0.2886751345948129,call,11.538550697137962,0.0010330764789480754,11.597479304369442,0.05892860723147919,0.05892860723147919,0.005107106497014042,0.0007366075903934899,0.0007366075903934899
80,72.0,0.9,-0.10536051565782628,0.05,1.0,0.3,0.09,26,0.038461538461538464,0.19611613513818404,call,11.335117447586942,0.0009961388618646351,11.399504295028454,0.06438684744151146,0.06438684744151146,0.005680298218279013,0.0008048355930188933,0.0008048355930188933
80,72.0,0.9,-0.10536051565782628,0.05,1.0,0.3,0.09,52,0.019230769230769232,0.1386750490563073,call,11.249265513328426,0.000978606918011714,11.314917611713216,0.06565209838479014,0.06565209838479014,0.005836123105726663,0.0008206512298098767,0.0008206512298098767
80,72.0,0.9,-0.10536051565782628,0.05,1.0,0.3,0.09,126,0.007936507936507936,0.0890870806374748,call,11.197744759776098,0.0009691002300136169,11.265315761558282,0.06757100178218423,0.06757100178218423,0.006034340238304853,0.0008446375222773029,0.0008446375222773029
80,72.0,0.9,-0.10536051565782628,0.05,1.0,0.4,0.16000000000000003,12,0.08333333333333333,0.2886751345948129,call,12.990854470745015,0.001837240686875746,13.09746094560655,0.1066064748615343,0.1066064748615343,0.008206271196525882,0.0013325809357691786,0.0013325809357691786
80,72.0,0.9,-0.10536051565782628,0.05,1.0,0.4,0.16000000000000003,26,0.038461538461538464,0.19611613513818404,call,12.724908454984412,0.0017790862510946488,12.840960524953312,0.11605206996889983,0.11605206996889983,0.009120071109308582,0.001450650874611248,0.001450650874611248
80,72.0,0.9,-0.10536051565782628,0.05,1.0,0.4,0.16000000000000003,52,0.019230769230769232,0.1386750490563073,call,12.609570426351409,0.0017620910002055868,12.73116521466872,0.12159478831731185,0.12159478831731185,0.00964305556858652,0.0015199348539663982,0.0015199348539663982
80,72.0,0.9,-0.10536051565782628,0.05,1.0,0.4,0.16000000000000003,126,0.007936507936507936,0.0890870806374748,call,12.5481498612487,0.0017528597701385767,12.666721366748051,0.11857150549935191,0.11857150549935191,0.009449321757427,0.001482143818741899,0.001482143818741899
80,72.0,0.9,-0.10536051565782628,0.05,1.0,0.5,0.25,12,0.08333333333333333,0.2886751345948129,call,14.543046754874922,0.0029185984634875297,14.724740208390608,0.18169345351568644,0.18169345351568644,0.01249349304710044,0.0022711681689460807,0.0022711681689460807
80,72.0,0.9,-0.10536051565782628,0.05,1.0,0.5,0.25,26,0.038461538461538464,0.19611613513818404,call,14.225573853853108,0.002882841317987032,14.411664080260893,0.18609022640778505,0.18609022640778505,0.013081386263892691,0.0023261278300973133,0.0023261278300973133
80,72.0,0.9,-0.10536051565782628,0.05,1.0,0.5,0.25,52,0.019230769230769232,0.1386750490563073,call,14.090230446952585,0.0028293459085767655,14.277500001029516,0.1872695540769307,0.1872695540769307,0.013290737492333426,0.002340869425961634,0.002340869425961634
80,72.0,0.9,-0.10536051565782628,0.05,1.0,0.5,0.25,126,0.007936507936507936,0.0890870806374748,call,14.006970741507734,0.00279190746759393,14.198708738384644,0.19173799687690973,0.19173799687690973,0.013688755435800299,0.0023967249609613715,0.0023967249609613715
80,72.0,0.9,-0.10536051565782628,0.05,1.0,0.6,0.36,12,0.08333333333333333,0.2886751345948129,call,16.15370100763414,0.004453576359166615,16.425918149252972,0.2722171416188317,0.2722171416188317,0.01685168875480508,0.0034027142702353964,0.0034027142702353964
80,72.0,0.9,-0.10536051565782628,0.05,1.0,0.6,0.36,26,0.038461538461538464,0.19611613513818404,call,15.780110564481298,0.004282465041117276,16.058311159700146,0.27820059521884843,0.27820059521884843,0.017629825474419485,0.0034775074402356053,0.0034775074402356053
80,72.0,0.9,-0.10536051565782628,0.05,1.0,0.6,0.36,52,0.019230769230769232,0.1386750490563073,call,15.6091933318663,0.004200608179591475,15.900658856616468,0.2914655247501692,0.2914655247501692,0.018672683370199526,0.0036433190593771147,0.0036433190593771147
80,72.0,0.9,-0.10536051565782628,0.05,1.0,0.6,0.36,126,0.007936507936507936,0.0890870806374748,call,15.5191614570616,0.004229796355017423,15.80803884270414,0.2888773856425395,0.2888773856425395,0.018614239335147404,0.003610967320531744,0.003610967320531744
80,80.0,1.0,0.0,0.05,1.0,0.1,0.010000000000000002,12,0.08333333333333333,0.2886751345948129,call,3.123907425480691,0.00011851359350397414,3.1283672378426863,0.004459812361995219,0.004459812361995219,0.0014276390925089483,5.5747654524940235e-05,5.5747654524940235e-05
80,80.0,1.0,0.0,0.05,1.0,0.1,0.010000000000000002,26,0.038461538461538464,0.19611613513818404,call,3.01040887166357,0.0001135208780011233,3.015109440855002,0.004700569191431914,0.004700569191431914,0.0015614387918124724,5.875711489289892e-05,5.875711489289892e-05
80,80.0,1.0,0.0,0.05,1.0,0.1,0.010000000000000002,52,0.019230769230769232,0.1386750490563073,call,2.961757570869304,0.00011196107082260326,2.9665526775212734,0.004795106651969583,0.004795106651969583,0.0016190071392514999,5.9938833149619784e-05,5.9938833149619784e-05
80,80.0,1.0,0.0,0.05,1.0,0.1,0.010000000000000002,126,0.007936507936507936,0.0890870806374748,call,2.9330619959848176,0.00011046053349347116,2.9380294645235137,0.004967468538696007,0.004967468538696007,0.0016936118450602707,6.209335673370009e-05,6.209335673370009e-05
80,80.0,1.0,0.0,0.05,1.0,0.2,0.04000000000000001,12,0.08333333333333333,0.2886751345948129,call,4.925042272224243,0.0004219751540922191,4.939336919184871,0.014294646960628654,0.014294646960628654,0.0029024414757303028,0.00017868308700785818,0.00017868308700785818
80,80.0,1.0,0.0,0.05,1.0,0.2,0.04000000000000001,26,0.038461538461538464,0.19611613513818404,call,4.755323221685686,0.00040656938089661163,4.770871101778998,0.015547880093311761,0.015547880093311761,0.003269573774167192,0.00019434850116639701,0.00019434850116639701
80,80.0,1.0,0.0,0.05,1.0,0.2,0.04000000000000001,52,0.019230769230769232,0.1386750490563073,call,4.68250587325893,0.0003973924106273184,4.69859581649352,0.01608994323459001,0.01608994323459001,0.0034361821789647288,0.00020112429043237512,0.00020112429043237512
80,80.0,1.0,0.0,0.05,1.0,0.2,0.04000000000000001,126,0.007936507936507936,0.0890870806374748,call,4.640457061503719,0.0003957818113005012,4.656125396711784,0.015668335208064654,0.015668335208064654,0.003376463783717762,0.00019585419010080817,0.00019585419010080817
80,80.0,1.0,0.0,0.05,1.0,0.3,0.09,12,0.08333333333333333,0.2886751345948129,call,6.7797467921025705,0.0009468195698200236,6.814228272522587,0.0344814804200162,0.0344814804200162,0.005085954015300713,0.0004310185052502025,0.0004310185052502025
80,80.0,1.0,0.0,0.05,1.0,0.3,0.09,26,0.038461538461538464,0.19611613513818404,call,6.552100701983886,0.0009145405452898626,6.588149708216047,0.036049006232160785,0.036049006232160785,0.005501900515852212,0.0004506125779020098,0.0004506125779020098
80,80.0,1.0,0.0,0.05,1.0,0.3,0.09,52,0.019230769230769232,0.1386750490563073,call,6.454866942885609,0.0008997161985681428,6.491126053363038,0.036259110477429246,0.036259110477429246,0.0056173288773044535,0.00045323888096786557,0.00045323888096786557
80,80.0,1.0,0.0,0.05,1.0,0.3,0.09,126,0.007936507936507936,0.0890870806374748,call,6.396833258212229,0.0008917937553127744,6.434103944540168,0.03727068632793884,0.03727068632793884,0.005826427674989165,0.0004658835790992355,0.0004658835790992355
80,80.0,1.0,0.0,0.05,1.0,0.4,0.16000000000000003,12,0.08333333333333333,0.2886751345948129,call,8.640667481295692,0.0017410784322898925,8.711370213998086,0.07070273270239369,0.07070273270239369,0.008182554513924151,0.0008837841587799212,0.0008837841587799212
80,80.0,1.0,0.0,0.05,1.0,0.4,0.16000000000000003,26,0.038461538461538464,0.19611613513818404,call,8.354168625064407,0.0016548797036142642,8.427816738345935,0.07364811328152854,0.07364811328152854,0.008815732191539376,0.0009206014160191067,0.0009206014160191067
80,80.0,1.0,0.0,0.05,1.0,0.4,0.16000000000000003,52,0.019230769230769232,0.1386750490563073,call,8.23132025571466,0.0016472331377214867,8.306098533622372,0.0747782779077113,0.0747782779077113,0.009084603148054636,0.0009347284738463913,0.0009347284738463913
80,80.0,1.0,0.0,0.05,1.0,0.4,0.16000000000000003,126,0.007936507936507936,0.0890870806374748,call,8.160212028006208,0.0016136681248056523,8.234555008704907,0.07434298069869882,0.07434298069869882,0.00911042267572833,0.0009292872587337353,0.0009292872587337353
80,80.0,1.0,0.0,0.05,1.0,0.5,0.25,12,0.08333333333333333,0.2886751345948129,call,10.49710900879424,0.0028490920528453033,10.623984840602168,0.1268758318079275,0.1268758318079275,0.012086740425543243,0.0015859478975990937,0.0015859478975990937
80,80.0,1.0,0.0,0.05,1.0,0.5,0.25,26,0.038461538461538464,0.19611613513818404,call,10.149158747795752,0.0026862447877361367,10.283862714514653,0.1347039667189005,0.1347039667189005,0.013272426815489138,0.0016837995839862562,0.0016837995839862562
80,80.0,1.0,0.0,0.05,1.0,0.5,0.25,52,0.019230769230769232,0.1386750490563073,call,10.003623442028985,0.002685379510748956,10.137830771081864,0.13420732905287913,0.13420732905287913,0.013415871741935393,0.0016775916131609892,0.0016775916131609892
80,80.0,1.0,0.0,0.05,1.0,0.5,0.25,126,0.007936507936507936,0.0890870806374748,call,9.912211473313205,0.0026322398234790534,10.051987530415225,0.13977605710202035,0.13977605710202035,0.014101399821658518,0.0017472007137752544,0.0017472007137752544
80,80.0,1.0,0.0,0.05,1.0,0.6,0.36,12,0.08333333333333333,0.2886751345948129,call,12.340596572102466,0.004322618414139297,12.551238967679478,0.21064239557701114,0.21064239557701114,0.017069060992820708,0.002633029944712639,0.002633029944712639
80,80.0,1.0,0.0,0.05,1.0,0.6,0.36,26,0.038461538461538464,0.19611613513818404,call,11.94589035384539,0.004139545024773108,12.155909874986403,0.21001952114101208,0.21001952114101208,0.017580901458166043,0.002625244014262651,0.002625244014262651
80,80.0,1.0,0.0,0.05,1.0,0.6,0.36,52,0.019230769230769232,0.1386750490563073,call,11.773810673468024,0.004144167203712304,11.986139202922391,0.21232852945436775,0.21232852945436775,0.018033968384836063,0.0026541066181795967,0.0026541066181795967
80,80.0,1.0,0.0,0.05,1.0,0.6,0.36,126,0.007936507936507936,0.0890870806374748,call,11.662791871293503,0.0039948555507421935,11.88633177840501,0.2235399071115065,0.2235399071115065,0.019166929289180054,0.002794248838893831,0.002794248838893831
80,88.0,1.1,0.09531017980432493,0.05,1.0,0.1,0.010000000000000002,12,0.08333333333333333,0.2886751345948129,call,0.3446105021584302,9.612156761122e-05,0.33951672787429477,-0.005093774284135433,0.005093774284135433,-0.014781250867954211,-6.36721785516929e-05,6.36721785516929e-05
80,88.0,1.1,0.09531017980432493,0.05,1.0,0.1,0.010000000000000002,26,0.038461538461538464,0.19611613513818404,call,0.30051046416746147,9.291749261066502e-05,0.2949720850190016,-0.005538379148459893,0.005538379148459893,-0.018429904475384905,-6.922973935574866e-05,6.922973935574866e-05
80,88.0,1.1,0.09531017980432493,0.05,1.0,0.1,0.010000000000000002,52,0.019230769230769232,0.1386750490563073,call,0.28263248316195716,9.233665025318031e-05,0.27679942737401847,-0.00583305578793869,0.00583305578793869,-0.0206383064065434,-7.291319734923363e-05,7.291319734923363e-05
80,88.0,1.1,0.09531017980432493,0.05,1.0,0.1,0.010000000000000002,126,0.007936507936507936,0.0890870806374748,call,0.272081852285873,9.008788668902947e-05,0.2663883655346111,-0.005693486751261911,0.005693486751261911,-0.020925639484693878,-7.11685843907739e-05,7.11685843907739e-05
80,88.0,1.1,0.09531017980432493,0.05,1.0,0.2,0.04000000000000001,12,0.08333333333333333,0.2886751345948129,call,1.8317002247356038,0.00038394816931472197,1.820614980728557,-0.011085244007046802,0.011085244007046802,-0.006051887671000803,-0.00013856555008808503,0.00013856555008808503
80,88.0,1.1,0.09531017980432493,0.05,1.0,0.2,0.04000000000000001,26,0.038461538461538464,0.19611613513818404,call,1.7014750980987854,0.00037156250434187624,1.6883873689966784,-0.013087729102106982,0.013087729102106982,-0.007691989801514642,-0.00016359661377633727,0.00016359661377633727
80,88.0,1.1,0.09531017980432493,0.05,1.0,0.2,0.04000000000000001,52,0.019230769230769232,0.1386750490563073,call,1.6466861107047615,0.00036290076041878386,1.632406040469106,-0.014280070235655362,0.014280070235655362,-0.008672005030481291,-0.00017850087794569203,0.00017850087794569203
80,88.0,1.1,0.09531017980432493,0.05,1.0,0.2,0.04000000000000001,126,0.007936507936507936,0.0890870806374748,call,1.6141179657985112,0.0003591755658432287,1.5997292673325851,-0.014388698465926053,0.014388698465926053,-0.008914279359258542,-0.00017985873082407565,0.00017985873082407565
80,88.0,1.1,0.09531017980432493,0.05,1.0,0.3,0.09,12,0.08333333333333333,0.2886751345948129,call,3.6350145011246657,0.0008998085526743622,3.6271041488428373,-0.007910352281828459,0.007910352281828459,-0.0021761542572611508,-9.887940352285574e-05,9.887940352285574e-05
80,88.0,1.1,0.09531017980432493,0.05,1.0,0.3,0.09,26,0.038461538461538464,0.19611613513818404,call,3.430687586426551,0.000861674453500774,3.4211915333431393,-0.009496053083411837,0.009496053083411837,-0.0027679737207732895,-0.00011870066354264796,0.00011870066354264796
80,88.0,1.1,0.09531017980432493,0.05,1.0,0.3,0.09,52,0.019230769230769232,0.1386750490563073,call,3.3438748644789427,0.000839256611182577,3.3333594807884364,-0.010515383690506308,0.010515383690506308,-0.0031446702154462533,-0.00013144229613132886,0.00013144229613132886
80,88.0,1.1,0.09531017980432493,0.05,1.0,0.3,0.09,126,0.007936507936507936,0.0890870806374748,call,3.2934643767530116,0.0008246290389891832,3.2818976401262567,-0.011566736626754892,0.011566736626754892,-0.0035120272465671556,-0.00014458420783443614,0.00014458420783443614
80,88.0,1.1,0.09531017980432493,0.05,1.0,0.4,0.16000000000000003,12,0.08333333333333333,0.2886751345948129,call,5.518925025103332,0.0016553054096310684,5.534380614803392,0.015455589700059669,0.015455589700059669,0.002800471039153189,0.00019319487125074586,0.00019319487125074586
80,88.0,1.1,0.09531017980432493,0.05,1.0,0.4,0.16000000000000003,26,0.038461538461538464,0.19611613513818404,call,5.247576039075905,0.001571065844645594,5.261089425459793,0.013513386383888104,0.013513386383888104,0.002575167331213709,0.0001689173297986013,0.0001689173297986013
80,88.0,1.1,0.09531017980432493,0.05,1.0,0.4,0.16000000000000003,52,0.019230769230769232,0.1386750490563073,call,5.131103508043511,0.0015627572155545051,5.144184576818536,0.01308106877502535,0.01308106877502535,0.0025493675492064202,0.0001635133596878169,0.0001635133596878169
80,88.0,1.1,0.09531017980432493,0.05,1.0,0.4,0.16000000000000003,126,0.007936507936507936,0.0890870806374748,call,5.0655839449817535,0.0015351880597063658,5.075590666849845,0.010006721868091262,0.010006721868091262,0.0019754330353175713,0.00012508402335114076,0.00012508402335114076
80,88.0,1.1,0.09531017980432493,0.05,1.0,0.5,0.25,12,0.08333333333333333,0.2886751345948129,call,7.4344124832228085,0.0027432682421442483,7.490310675462858,0.05589819224004966,0.05589819224004966,0.0075188446116212625,0.0006987274030006207,0.0006987274030006207
80,88.0,1.1,0.09531017980432493,0.05,1.0,0.5,0.25,26,0.038461538461538464,0.19611613513818404,call,7.097494573536175,0.002646606779234793,7.153304687828819,0.05581011429264393,0.05581011429264393,0.007863354274441908,0.0006976264286580492,0.0006976264286580492
80,88.0,1.1,0.09531017980432493,0.05,1.0,0.5,0.25,52,0.019230769230769232,0.1386750490563073,call,6.953722802636817,0.0025390600546935736,7.008934489503716,0.05521168686689837,0.05521168686689837,0.007939874572791767,0.0006901460858362296,0.0006901460858362296
80,88.0,1.1,0.09531017980432493,0.05,1.0,0.5,0.25,126,0.007936507936507936,0.0890870806374748,call,6.87375789655491,0.002588917951055856,6.924163688308762,0.05040579175385229,0.05040579175385229,0.00733307639175296,0.0006300723969231536,0.0006300723969231536
80,88.0,1.1,0.09531017980432493,0.05,1.0,0.6,0.36,12,0.08333333333333333,0.2886751345948129,call,9.348086374105934,0.004137806524866103,9.478117487838155,0.13003111373222076,0.13003111373222076,0.013909917872860599,0.0016253889216527595,0.0016253889216527595
80,88.0,1.1,0.09531017980432493,0.05,1.0,0.6,0.36,26,0.038461538461538464,0.19611613513818404,call,8.949627354771302,0.0039718409375107955,9.080236055523798,0.13060870075249653,0.13060870075249653,0.014593758552736312,0.0016326087594062066,0.0016326087594062066
80,88.0,1.1,0.09531017980432493,0.05,1.0,0.6,0.36,52,0.019230769230769232,0.1386750490563073,call,8.780409261121113,0.0038783277946464276,8.909633926606052,0.12922466548493894,0.12922466548493894,0.014717385219973116,0.0016153083185617366,0.0016153083185617366
80,88.0,1.1,0.09531017980432493,0.05,1.0,0.6,0.36,126,0.007936507936507936,0.0890870806374748,call,8.6865369539104,0.003924037014700138,8.809415839809343,0.12287888589894358,0.12287888589894358,0.01414590032263979,0.0015359860737367947,0.0015359860737367947
80,96.0,1.2,0.1823215567939546,0.05,1.0,0.1,0.010000000000000002,12,0.08333333333333333,0.2886751345948129,call,0.011018201010312652,4.4926238867475844e-05,0.009978634919005813,-0.0010395660913068393,0.0010395660913068393,-0.09434989344756387,-1.2994576141335491e-05,1.2994576141335491e-05
80,96.0,1.2,0.1823215567939546,0.05,1.0,0.1,0.010000000000000002,26,0.038461538461538464,0.19611613513818404,call,0.007973878891441345,4.11503168561407e-05,0.007059424878156245,-0.0009144540132850999,0.0009144540132850999,-0.11468120167546271,-1.1430675166063749e-05,1.1430675166063749e-05
80,96.0,1.2,0.1823215567939546,0.05,1.0,0.1,0.010000000000000002,52,0.019230769230769232,0.1386750490563073,call,0.006888335892969722,3.8838892096568536e-05,0.006027559316602125,-0.0008607765763675975,0.0008607765763675975,-0.124961469612147,-1.0759707204594968e-05,1.0759707204594968e-05
80,96.0,1.2,0.1823215567939546,0.05,1.0,0.1,0.010000000000000002,126,0.007936507936507936,0.0890870806374748,call,0.006289758380333235,3.9328347726187274e-05,0.005477303403523344,-0.0008124549768098906,0.0008124549768098906,-0.12917109492635967,-1.0155687210123632e-05,1.0155687210123632e-05
80,96.0,1.2,0.1823215567939546,0.05,1.0,0.2,0.04000000000000001,12,0.08333333333333333,0.2886751345948129,call,0.5399513560235195,0.00034052167372291463,0.5208063982930334,-0.01914495773048608,0.01914495773048608,-0.03545681942810447,-0.00023931197163107597,0.00023931197163107597
80,96.0,1.2,0.1823215567939546,0.05,1.0,0.2,0.04000000000000001,26,0.038461538461538464,0.19611613513818404,call,0.4744178396098768,0.0003244167834194841,0.45420943800380126,-0.020208401606075566,0.020208401606075566,-0.04259620933035177,-0.0002526050200759446,0.0002526050200759446
80,96.0,1.2,0.1823215567939546,0.05,1.0,0.2,0.04000000000000001,52,0.019230769230769232,0.1386750490563073,call,0.44728733436564505,0.00031710753180664805,0.42699737057164433,-0.02028996379400072,0.02028996379400072,-0.045362258743088475,-0.000253624547425009,0.000253624547425009
80,96.0,1.2,0.1823215567939546,0.05,1.0,0.2,0.04000000000000001,126,0.007936507936507936,0.0890870806374748,call,0.43257888022693225,0.0003179143076365158,0.41139461818748957,-0.02118426203944268,0.02118426203944268,-0.04897202107585407,-0.00026480327549303353,0.00026480327549303353
80,96.0,1.2,0.1823215567939546,0.05,1.0,0.3,0.09,12,0.08333333333333333,0.2886751345948129,call,1.7983478681526677,0.0008526781728523627,1.7649936237454096,-0.033354244407258093,0.033354244407258093,-0.01854715931101854,-0.00041692805509072615,0.00041692805509072615
80,96.0,1.2,0.1823215567939546,0.05,1.0,0.3,0.09,26,0.038461538461538464,0.19611613513818404,call,1.6485338854898932,0.0007995957216651172,1.6113733407635422,-0.037160544726351,0.037160544726351,-0.022541571667668837,-0.00046450680907938747,0.00046450680907938747
80,96.0,1.2,0.1823215567939546,0.05,1.0,0.3,0.09,52,0.019230769230769232,0.1386750490563073,call,1.5870801266665158,0.0007909587714114067,1.5468729919355841,-0.040207134730931626,0.040207134730931626,-0.02533402948935049,-0.0005025891841366453,0.0005025891841366453
80,96.0,1.2,0.1823215567939546,0.05,1.0,0.3,0.09,126,0.007936507936507936,0.0890870806374748,call,1.5519112343196932,0.0007918258417899595,1.5093807091168614,-0.04253052520283185,0.04253052520283185,-0.02740525634604084,-0.0005316315650353981,0.0005316315650353981
80,96.0,1.2,0.1823215567939546,0.05,1.0,0.4,0.16000000000000003,12,0.08333333333333333,0.2886751345948129,call,3.4120499186628086,0.0015900152889610723,3.379759886018447,-0.03229003264436159,0.03229003264436159,-0.009463528791810918,-0.0004036254080545199,0.0004036254080545199
80,96.0,1.2,0.1823215567939546,0.05,1.0,0.4,0.16000000000000003,26,0.038461538461538464,0.19611613513818404,call,3.184455272252071,0.0015322623689225656,3.1447668685296386,-0.03968840372243232,0.03968840372243232,-0.012463168840290974,-0.000496105046530404,0.000496105046530404
80,96.0,1.2,0.1823215567939546,0.05,1.0,0.4,0.16000000000000003,52,0.019230769230769232,0.1386750490563073,call,3.0827950099647268,0.0014739868433752833,3.0451320352667963,-0.03766297469793045,0.03766297469793045,-0.012217151830137869,-0.00047078718372413065,0.00047078718372413065
80,96.0,1.2,0.1823215567939546,0.05,1.0,0.4,0.16000000000000003,126,0.007936507936507936,0.0890870806374748,call,3.030646240112658,0.001487282291517943,2.9869316897139004,-0.04371455039875771,0.04371455039875771,-0.01442416796132983,-0.0005464318799844714,0.0005464318799844714
80,96.0,1.2,0.1823215567939546,0.05,1.0,0.5,0.25,12,0.08333333333333333,0.2886751345948129,call,5.190655463986121,0.0027328695076489413,5.181522126974631,-0.009133337011490106,0.009133337011490106,-0.0017595729623858015,-0.00011416671264362633,0.00011416671264362633
80,96.0,1.2,0.1823215567939546,0.05,1.0,0.5,0.25,26,0.038461538461538464,0.19611613513818404,call,4.886790433051441,0.0025396696714854875,4.871538795888134,-0.01525163716330713,0.01525163716330713,-0.003120992678579753,-0.00019064546454133913,0.00019064546454133913
80,96.0,1.2,0.1823215567939546,0.05,1.0,0.5,0.25,52,0.019230769230769232,0.1386750490563073,call,4.756676698180108,0.002467488677717264,4.739491809056776,-0.017184889123331715,0.017184889123331715,-0.003612793177620545,-0.00021481111404164643,0.00021481111404164643
80,96.0,1.2,0.1823215567939546,0.05,1.0,0.5,0.25,126,0.007936507936507936,0.0890870806374748,call,4.67937520433228,0.0024243916716498713,4.662176720779483,-0.017198483552797406,0.017198483552797406,-0.0036753803236112864,-0.00021498104440996756,0.00021498104440996756
80,96.0,1.2,0.1823215567939546,0.05,1.0,0.6,0.36,12,0.08333333333333333,0.2886751345948129,call,7.036594959824095,0.004060093532562113,7.0919778791358326,0.055382919311737666,0.055382919311737666,0.007870698772339478,0.0006922864913967208,0.0006922864913967208
80,96.0,1.2,0.1823215567939546,0.05,1.0,0.6,0.36,26,0.038461538461538464,0.19611613513818404,call,6.662584808473761,0.0038412325634931076,6.7120687712426355,0.04948396276887479,0.04948396276887479,0.007427141896331131,0.0006185495346109349,0.0006185495346109349
80,96.0,1.2,0.1823215567939546,0.05,1.0,0.6,0.36,52,0.019230769230769232,0.1386750490563073,call,6.509668221570207,0.003756057247271674,6.549802989062082,0.04013476749187461,0.04013476749187461,0.006165409069372455,0.0005016845936484327,0.0005016845936484327
80,96.0,1.2,0.1823215567939546,0.05,1.0,0.6,0.36,126,0.007936507936507936,0.0890870806374748,call,6.407600964743425,0.0036753759092660637,6.454667699182186,0.04706673443876053,0.04706673443876053,0.007345453422854521,0.0005883341804845066,0.0005883341804845066
80,104.0,1.3,0.26236426446749106,0.05,1.0,0.1,0.010000000000000002,12,0.08333333333333333,0.2886751345948129,call,0.00011322605943669792,4.094151764740557e-06,8.768910551303163e-05,-2.553695392366629e-05,2.553695392366629e-05,-0.22553954496617815,-3.192119240458286e-07,3.192119240458286e-07
80,104.0,1.3,0.26236426446749106,0.05,1.0,0.1,0.010000000000000002,26,0.038461538461538464,0.19611613513818404,call,6.65550105434204e-05,6.721285457083405e-06,4.61000613818825e-05,-2.0454949161537898e-05,2.0454949161537898e-05,-0.30733898161120593,-2.556868645192237e-07,2.556868645192237e-07
80,104.0,1.3,0.26236426446749106,0.05,1.0,0.1,0.010000000000000002,52,0.019230769230769232,0.1386750490563073,call,4.959910857771106e-05,2.1440993085919807e-06,3.433362819524192e-05,-1.5265480382469145e-05,1.5265480382469145e-05,-0.3077773133473043,-1.908185047808643e-07,1.908185047808643e-07
80,104.0,1.3,0.26236426446749106,0.05,1.0,0.1,0.010000000000000002,126,0.007936507936507936,0.0890870806374748,call,3.694227425791058e-05,4.179260397305809e-06,2.8711060641545845e-05,-8.231213616364733e-06,8.231213616364733e-06,-0.22281285550799987,-1.0289017020455916e-07,1.0289017020455916e-07
80,104.0,1.3,0.26236426446749106,0.05,1.0,0.2,0.04000000000000001,12,0.08333333333333333,0.2886751345948129,call,0.1302334075525935,0.00025753460253345473,0.1186872319090813,-0.011546175643512194,0.011546175643512194,-0.08865755615623727,-0.00014432719554390242,0.00014432719554390242
80,104.0,1.3,0.26236426446749106,0.05,1.0,0.2,0.04000000000000001,26,0.038461538461538464,0.19611613513818404,call,0.10697853317358774,0.00025043466606940277,0.09552314895695074,-0.011455384216636999,0.011455384216636999,-0.10708114868287663,-0.00014319230270796248,0.00014319230270796248
80,104.0,1.3,0.26236426446749106,0.05,1.0,0.2,0.04000000000000001,52,0.019230769230769232,0.1386750490563073,call,0.09811109506783174,0.00024265002001861642,0.08655418050140845,-0.011556914566423285,0.011556914566423285,-0.11779416546551745,-0.00014446143208029106,0.00014446143208029106
80,104.0,1.3,0.26236426446749106,0.05,1.0,0.2,0.04000000000000001,126,0.007936507936507936,0.0890870806374748,call,0.09293715309036106,0.0002394526551505906,0.08154849972177872,-0.011388653368582344,0.011388653368582344,-0.12254144860139377,-0.0001423581671072793,0.0001423581671072793
80,104.0,1.3,0.26236426446749106,0.05,1.0,0.3,0.09,12,0.08333333333333333,0.2886751345948129,call,0.834733427263007,0.0007680842949303058,0.7946735489231718,-0.040059878339835264,0.040059878339835264,-0.04799122334322576,-0.0005007484792479408,0.0005007484792479408
80,104.0,1.3,0.26236426446749106,0.05,1.0,0.3,0.09,26,0.038461538461538464,0.19611613513818404,call,0.7397143015347305,0.0007302563215571046,0.6972886907049767,-0.042425610829753824,0.042425610829753824,-0.05735404972126511,-0.0005303201353719228,0.0005303201353719228
80,104.0,1.3,0.26236426446749106,0.05,1.0,0.3,0.09,52,0.019230769230769232,0.1386750490563073,call,0.7004536501292484,0.000720730738294783,0.6573559294295573,-0.04309772069969109,0.04309772069969109,-0.061528297684991226,-0.0005387215087461386,0.0005387215087461386
80,104.0,1.3,0.26236426446749106,0.05,1.0,0.3,0.09,126,0.007936507936507936,0.0890870806374748,call,0.678922349148344,0.0007144818772434055,0.6344185582507368,-0.044503790897607254,0.044503790897607254,-0.06555063469840673,-0.0005562973862200907,0.0005562973862200907
80,104.0,1.3,0.26236426446749106,0.05,1.0,0.4,0.16000000000000003,12,0.08333333333333333,0.2886751345948129,call,2.052163593979518,0.00150725957167946,1.9967952967473517,-0.05536829723216652,0.05536829723216652,-0.02698044999658011,-0.0006921037154020814,0.0006921037154020814
80,104.0,1.3,0.26236426446749106,0.05,1.0,0.4,0.16000000000000003,26,0.038461538461538464,0.19611613513818404,call,1.8802336926180554,0.0014695076123859068,1.8124461261764435,-0.06778756644161188,0.06778756644161188,-0.036052734672158665,-0.0008473445805201485,0.0008473445805201485
80,104.0,1.3,0.26236426446749106,0.05,1.0,0.4,0.16000000000000003,52,0.019230769230769232,0.1386750490563073,call,1.8032208807577563,0.0014379189492817674,1.7353075015913064,-0.0679133791664499,0.0679133791664499,-0.03766226306003682,-0.0008489172395806238,0.0008489172395806238
80,104.0,1.3,0.26236426446749106,0.05,1.0,0.4,0.16000000000000003,126,0.007936507936507936,0.0890870806374748,call,1.7607362852016741,0.0014198915616780497,1.6905458559358333,-0.07019042926584085,0.07019042926584085,-0.03986424875534456,-0.0008773803658230106,0.0008773803658230106
80,104.0,1.3,0.26236426446749106,0.05,1.0,0.5,0.25,12,0.08333333333333333,0.2886751345948129,call,3.5799598454874566,0.002559068724843597,3.5299815141968605,-0.049978331290596145,0.049978331290596145,-0.013960584321523575,-0.0006247291411324518,0.0006247291411324518
80,104.0,1.3,0.26236426446749106,0.05,1.0,0.5,0.25,26,0.038461538461538464,0.19611613513818404,call,3.3218525975581703,0.0024381832523320806,3.261248889067058,-0.06060370849111241,0.06060370849111241,-0.018243948733806258,-0.000757546356138905,0.000757546356138905
80,104.0,1.3,0.26236426446749106,0.05,1.0,0.5,0.25,52,0.019230769230769232,0.1386750490563073,call,3.216144662216878,0.0024561321996903096,3.147724932009454,-0.06841973020742431,0.06841973020742431,-0.021273834790833945,-0.0008552466275928039,0.0008552466275928039
80,104.0,1.3,0.26236426446749106,0.05,1.0,0.5,0.25,126,0.007936507936507936,0.0890870806374748,call,3.147086135029522,0.0023301504923749373,3.081533668020955,-0.0655524670085672,0.0655524670085672,-0.020829575104067584,-0.0008194058376070901,0.0008194058376070901
80,104.0,1.3,0.26236426446749106,0.05,1.0,0.6,0.36,12,0.08333333333333333,0.2886751345948129,call,5.286761210068208,0.003962021586530956,5.26971657432164,-0.01704463574656856,0.01704463574656856,-0.0032240222452469447,-0.000213057946832107,0.000213057946832107
80,104.0,1.3,0.26236426446749106,0.05,1.0,0.6,0.36,26,0.038461538461538464,0.19611613513818404,call,4.946756823255514,0.003787603665821915,4.921774866067722,-0.024981957187792503,0.024981957187792503,-0.0050501688440289265,-0.0003122744648474063,0.0003122744648474063
80,104.0,1.3,0.26236426446749106,0.05,1.0,0.6,0.36,52,0.019230769230769232,0.1386750490563073,call,4.803638996906075,0.0036694581456022594,4.774009249599766,-0.029629747306309184,0.029629747306309184,-0.006168187768771361,-0.0003703718413288648,0.0003703718413288648
80,104.0,1.3,0.26236426446749106,0.05,1.0,0.6,0.36,126,0.007936507936507936,0.0890870806374748,call,4.721691198301897,0.0036777941101887946,4.687623790995645,-0.03406740730625213,0.03406740730625213,-0.007215085840112561,-0.0004258425913281516,0.0004258425913281516
80,56.0,0.7,-0.35667494393873245,0.05,2.0,0.1,0.010000000000000002,12,0.08333333333333333,0.2886751345948129,call,25.77668856948618,0.00031042491838072635,25.77682083198137,0.00013226249519249222,0.00013226249519249222,5.1310894662032485e-06,1.6532811899061528e-06,1.6532811899061528e-06
80,56.0,0.7,-0.35667494393873245,0.05,2.0,0.1,0.010000000000000002,26,0.038461538461538464,0.19611613513818404,call,25.606470271395388,0.0003071504871509799,25.605668757019963,-0.0008015143754249721,0.0008015143754249721,-3.1301244057847835e-05,-1.001892969281215e-05,1.001892969281215e-05
80,56.0,0.7,-0.35667494393873245,0.05,2.0,0.1,0.010000000000000002,52,0.019230769230769232,0.1386750490563073,call,25.532166000751396,0.0003011869012764069,25.5323961832956,0.00023018254420392736,0.00023018254420392736,9.015394314652085e-06,2.877281802549092e-06,2.877281802549092e-06
80,56.0,0.7,-0.35667494393873245,0.05,2.0,0.1,0.010000000000000002,126,0.007936507936507936,0.0890870806374748,call,25.48985514192922,0.0003018362152920264,25.489384979112764,-0.0004701628164553995,0.0004701628164553995,-1.84450956601166e-05,-5.877035205692494e-06,5.877035205692494e-06
80,56.0,0.7,-0.35667494393873245,0.05,2.0,0.2,0.04000000000000001,12,0.08333333333333333,0.2886751345948129,call,25.80351889725619,0.0011326991970854615,25.812545681821316,0.009026784565126178,0.009026784565126178,0.00034982765726910366,0.00011283480706407723,0.00011283480706407723
80,56.0,0.7,-0.35667494393873245,0.05,2.0,0.2,0.04000000000000001,26,0.038461538461538464,0.19611613513818404,call,25.625425330548538,0.0011040748013631911,25.634538693077427,0.009113362528889724,0.009113362528889724,0.00035563751279575905,0.00011391703161112154,0.00011391703161112154
80,56.0,0.7,-0.35667494393873245,0.05,2.0,0.2,0.04000000000000001,52,0.019230769230769232,0.1386750490563073,call,25.549324115826483,0.001095540413937372,25.558610910672567,0.009286794846083524,0.009286794846083524,0.00036348495185165524,0.00011608493557604404,0.00011608493557604404
80,56.0,0.7,-0.35667494393873245,0.05,2.0,0.2,0.04000000000000001,126,0.007936507936507936,0.0890870806374748,call,25.505485751443203,0.0011052059200006047,25.514117225761915,0.008631474318711696,0.008631474318711696,0.00033841638629537933,0.0001078934289838962,0.0001078934289838962
80,56.0,0.7,-0.35667494393873245,0.05,2.0,0.3,0.09,12,0.08333333333333333,0.2886751345948129,call,26.124207058604195,0.0024379115577913067,26.201724076007395,0.07751701740319916,0.07751701740319916,0.0029672486222952505,0.0009689627175399895,0.0009689627175399895
80,56.0,0.7,-0.35667494393873245,0.05,2.0,0.3,0.09,26,0.038461538461538464,0.19611613513818404,call,25.90641694193269,0.0023881612635910307,25.98072684759585,0.07430990566315998,0.07430990566315998,0.0028683976572182915,0.0009288738207894997,0.0009288738207894997
80,56.0,0.7,-0.35667494393873245,0.05,2.0,0.3,0.09,52,0.019230769230769232,0.1386750490563073,call,25.809012602134313,0.0023898310230114858,25.886968523337828,0.07795592120351458,0.07795592120351458,0.00302049219802651,0.0009744490150439322,0.0009744490150439322
80,56.0,0.7,-0.35667494393873245,0.05,2.0,0.3,0.09,126,0.007936507936507936,0.0890870806374748,call,25.75353384308989,0.002382705997254284,25.832176025949025,0.07864218285913438,0.07864218285913438,0.0030536462816436126,0.0009830272857391797,0.0009830272857391797
80,56.0,0.7,-0.35667494393873245,0.05,2.0,0.4,0.16000000000000003,12,0.08333333333333333,0.2886751345948129,call,26.920917816107906,0.004465756288299175,27.11064542343965,0.18972760733174354,0.18972760733174354,0.007047590599538238,0.002371595091646794,0.002371595091646794
80,56.0,0.7,-0.35667494393873245,0.05,2.0,0.4,0.16000000000000003,26,0.038461538461538464,0.19611613513818404,call,26.61490454379662,0.004279900525085507,26.823845379933303,0.20894083613668357,0.20894083613668357,0.00785051983909457,0.0026117604517085446,0.0026117604517085446
80,56.0,0.7,-0.35667494393873245,0.05,2.0,0.4,0.16000000000000003,52,0.019230769230769232,0.1386750490563073,call,26.49471002508522,0.00426371878515493,26.702059649219528,0.20734962413430935,0.20734962413430935,0.00782607637290578,0.002591870301678867,0.002591870301678867
80,56.0,0.7,-0.35667494393873245,0.05,2.0,0.4,0.16000000000000003,126,0.007936507936507936,0.0890870806374748,call,26.41638092793675,0.004175404238599183,26.630861138711786,0.21448021077503654,0.21448021077503654,0.008119212520448331,0.0026810026346879567,0.0026810026346879567
80,56.0,0.7,-0.35667494393873245,0.05,2.0,0.5,0.25,12,0.08333333333333333,0.2886751345948129,call,28.049506576955235,0.007231047319270174,28.42221139871352,0.3727048217582869,0.3727048217582869,0.01328739315737168,0.0046588102719785866,0.0046588102719785866
80,56.0,0.7,-0.35667494393873245,0.05,2.0,0.5,0.25,26,0.038461538461538464,0.19611613513818404,call,27.66334048579834,0.006834502518550572,28.064952436183646,0.4016119503853055,0.4016119503853055,0.014517839976393412,0.005020149379816319,0.005020149379816319
80,56.0,0.7,-0.35667494393873245,0.05,2.0,0.5,0.25,52,0.019230769230769232,0.1386750490563073,call,27.504592168374007,0.006748919768057184,27.912868972626754,0.4082768042527469,0.4082768042527469,0.014843950484828552,0.005103460053159337,0.005103460053159337
80,56.0,0.7,-0.35667494393873245,0.05,2.0,0.5,0.25,126,0.007936507936507936,0.0890870806374748,call,27.41748682308827,0.006970273924090873,27.823849798277084,0.4063629751888129,0.4063629751888129,0.014821306482642843,0.005079537189860162,0.005079537189860162
80,56.0,0.7,-0.35667494393873245,0.05,2.0,0.6,0.36,12,0.08333333333333333,0.2886751345948129,call,29.41877167539589,0.011098323423052937,30.01224686592368,0.5934751905277871,0.5934751905277871,0.02017335044019307,0.007418439881597338,0.007418439881597338
80,56.0,0.7,-0.35667494393873245,0.05,2.0,0.6,0.36,26,0.038461538461538464,0.19611613513818404,call,28.95151323546608,0.01063212556779946,29.58670767722178,0.6351944417557007,0.6351944417557007,0.021939939256010184,0.007939930521946258,0.007939930521946258
80,56.0,0.7,-0.35667494393873245,0.05,2.0,0.6,0.36,52,0.019230769230769232,0.1386750490563073,call,28.75858633224395,0.010813403698539338,29.405152368114717,0.6465660358707659,0.6465660358707659,0.022482538898159956,0.008082075448384574,0.008082075448384574
80,56.0,0.7,-0.35667494393873245,0.05,2.0,0.6,0.36,126,0.007936507936507936,0.0890870806374748,call,28.647835552452747,0.010561442682908193,29.298765420537638,0.6509298680848907,0.6509298680848907,0.022721781786727686,0.008136623351061134,0.008136623351061134
80,64.0,0.8,-0.2231435513142097,0.05,2.0,0.1,0.010000000000000002,12,0.08333333333333333,0.2886751345948129,call,18.539065304642275,0.0003097347326174243,18.539351051861086,0.00028574721881113874,0.00028574721881113874,1.541324840900076e-05,3.571840235139234e-06,3.571840235139234e-06
80,64.0,0.8,-0.2231435513142097,0.05,2.0,0.1,0.010000000000000002,26,0.038461538461538464,0.19611613513818404,call,18.36768755385332,0.00030279446115555634,18.367874436615484,0.0001868827621649416,0.0001868827621649416,1.0174539479562078e-05,2.33603452706177e-06,2.33603452706177e-06
80,64.0,0.8,-0.2231435513142097,0.05,2.0,0.1,0.010000000000000002,52,0.019230769230769232,0.1386750490563073,call,18.29425275636737,0.00030081410675541326,18.29448429631295,0.0002315399455810052,0.0002315399455810052,1.2656430883760313e-05,2.894249319762565e-06,2.894249319762565e-06
80,64.0,0.8,-0.2231435513142097,0.05,2.0,0.1,0.010000000000000002,126,0.007936507936507936,0.0890870806374748,call,18.25150779378876,0.00030179174492835927,18.25140959762267,-9.819616609263448e-05,9.819616609263448e-05,-5.380167337520026e-06,-1.227452076157931e-06,1.227452076157931e-06
80,64.0,0.8,-0.2231435513142097,0.05,2.0,0.2,0.04000000000000001,12,0.08333333333333333,0.2886751345948129,call,18.789763583376967,0.0010605954196439545,18.823158580757468,0.03339499738050122,0.03339499738050122,0.0017772973689804854,0.0004174374672562653,0.0004174374672562653
80,64.0,0.8,-0.2231435513142097,0.05,2.0,0.2,0.04000000000000001,26,0.038461538461538464,0.19611613513818404,call,18.58636883953135,0.0010393804257824797,18.620176551643414,0.03380771211206479,0.03380771211206479,0.0018189519644180936,0.0004225964014008099,0.0004225964014008099
80,64.0,0.8,-0.2231435513142097,0.05,2.0,0.2,0.04000000000000001,52,0.019230769230769232,0.1386750490563073,call,18.500273049974634,0.001031275163569064,18.53376919688651,0.03349614691187597,0.03349614691187597,0.0018105758126592568,0.0004187018363984496,0.0004187018363984496
80,64.0,0.8,-0.2231435513142097,0.05,2.0,0.2,0.04000000000000001,126,0.007936507936507936,0.0890870806374748,call,18.44947297513844,0.0010315451213051188,18.483188835157826,0.033715860019384536,0.033715860019384536,0.0018274700889731805,0.0004214482502423067,0.0004214482502423067
80,64.0,0.8,-0.2231435513142097,0.05,2.0,0.3,0.09,12,0.08333333333333333,0.2886751345948129,call,19.74846104522068,0.0023081823896337257,19.867375834285507,0.11891478906482789,0.11891478906482789,0.006021471181604119,0.0014864348633103486,0.0014864348633103486
80,64.0,0.8,-0.2231435513142097,0.05,2.0,0.3,0.09,26,0.038461538461538464,0.19611613513818404,call,19.47052799711664,0.0022377041198940978,19.595754939316798,0.1252269422001575,0.1252269422001575,0.0064316151168937056,0.001565336777501969,0.001565336777501969
80,64.0,0.8,-0.2231435513142097,0.05,2.0,0.3,0.09,52,0.019230769230769232,0.1386750490563073,call,19.35467273408551,0.002223758218113467,19.48004694985685,0.12537421577133756,0.12537421577133756,0.006477723363957534,0.0015671776971417195,0.0015671776971417195
80,64.0,0.8,-0.2231435513142097,0.05,2.0,0.3,0.09,126,0.007936507936507936,0.0890870806374748,call,19.283666472686072,0.002206884241733928,19.412294685524095,0.12862821283802361,0.12862821283802361,0.0066703193098789715,0.0016078526604752952,0.0016078526604752952
80,64.0,0.8,-0.2231435513142097,0.05,2.0,0.4,0.16000000000000003,12,0.08333333333333333,0.2886751345948129,call,21.199868112399688,0.0042880314395991855,21.438524986539377,0.23865687413968928,0.23865687413968928,0.011257469757564207,0.002983210926746116,0.002983210926746116
80,64.0,0.8,-0.2231435513142097,0.05,2.0,0.4,0.16000000000000003,26,0.038461538461538464,0.19611613513818404,call,20.842708997621358,0.004071795872266822,21.09238312976538,0.24967413214402256,0.24967413214402256,0.011978967425612297,0.003120926651800282,0.003120926651800282
80,64.0,0.8,-0.2231435513142097,0.05,2.0,0.4,0.16000000000000003,52,0.019230769230769232,0.1386750490563073,call,20.687065743578543,0.004050692943093754,20.944606777324683,0.2575410337461399,0.2575410337461399,0.012449374741610371,0.0032192629218267487,0.0032192629218267487
80,64.0,0.8,-0.2231435513142097,0.05,2.0,0.4,0.16000000000000003,126,0.007936507936507936,0.0890870806374748,call,20.60019713755339,0.004057864856152692,20.857983653163355,0.2577865156099648,0.2577865156099648,0.012513788770498201,0.0032223314451245598,0.0032223314451245598
80,64.0,0.8,-0.2231435513142097,0.05,2.0,0.5,0.25,12,0.08333333333333333,0.2886751345948129,call,22.89665678189786,0.007003741657071164,23.309243748617877,0.41258696672001705,0.41258696672001705,0.018019528818120256,0.005157337084000213,0.005157337084000213
80,64.0,0.8,-0.2231435513142097,0.05,2.0,0.5,0.25,26,0.038461538461538464,0.19611613513818404,call,22.444737686954966,0.00656269465384425,22.89095259417668,0.44621490722171586,0.44621490722171586,0.01988060245770032,0.005577686340271448,0.005577686340271448
80,64.0,0.8,-0.2231435513142097,0.05,2.0,0.5,0.25,52,0.019230769230769232,0.1386750490563073,call,22.253391987565216,0.00642242111284405,22.712065841289544,0.4586738537243278,0.4586738537243278,0.02061141303674632,0.005733423171554097,0.005733423171554097
80,64.0,0.8,-0.2231435513142097,0.05,2.0,0.5,0.25,126,0.007936507936507936,0.0890870806374748,call,22.157372953158337,0.006527331003886155,22.607117068486126,0.449744115327789,0.449744115327789,0.0202977183386572,0.005621801441597363,0.005621801441597363
80,64.0,0.8,-0.2231435513142097,0.05,2.0,0.6,0.36,12,0.08333333333333333,0.2886751345948129,call,24.73670031565741,0.011002558359823967,25.36501349528189,0.628313179624481,0.628313179624481,0.025400040086461417,0.007853914745306011,0.007853914745306011
80,64.0,0.8,-0.2231435513142097,0.05,2.0,0.6,0.36,26,0.038461538461538464,0.19611613513818404,call,24.202949826290823,0.010442217832834692,24.87886771566689,0.6759178893760662,0.6759178893760662,0.027927087161988832,0.008448973617200827,0.008448973617200827
80,64.0,0.8,-0.2231435513142097,0.05,2.0,0.6,0.36,52,0.019230769230769232,0.1386750490563073,call,23.992415790112624,0.010471137026611715,24.670702788575483,0.678286998462859,0.678286998462859,0.028270892118432856,0.008478587480785737,0.008478587480785737
80,64.0,0.8,-0.2231435513142097,0.05,2.0,0.6,0.36,126,0.007936507936507936,0.0890870806374748,call,23.849408459900864,0.01018674937453465,24.54850248128068,0.699094021379814,0.699094021379814,0.029312845329276565,0.008738675267247675,0.008738675267247675
80,72.0,0.9,-0.10536051565782628,0.05,2.0,0.1,0.010000000000000002,12,0.08333333333333333,0.2886751345948129,call,11.37696544377243,0.00029425858974454144,11.382869933287937,0.005904489515506484,0.005904489515506484,0.0005189863276536985,7.380611894383104e-05,7.380611894383104e-05
80,72.0,0.9,-0.10536051565782628,0.05,2.0,0.1,0.010000000000000002,26,0.038461538461538464,0.19611613513818404,call,11.196301121292008,0.00028532300939213294,11.202849292755545,0.006548171463537145,0.006548171463537145,0.0005848513176449395,8.18521432942143e-05,8.18521432942143e-05
80,72.0,0.9,-0.10536051565782628,0.05,2.0,0.1,0.010000000000000002,52,0.019230769230769232,0.1386750490563073,call,11.119453534956778,0.00028399868096860934,11.125903566679344,0.006450031722566862,0.006450031722566862,0.0005800673299537228,8.062539653208578e-05,8.062539653208578e-05
80,72.0,0.9,-0.10536051565782628,0.05,2.0,0.1,0.010000000000000002,126,0.007936507936507936,0.0890870806374748,call,11.074464878111444,0.0002838784556966669,11.080771712102,0.0063068339905569815,0.0063068339905569815,0.0005694933398563002,7.883542488196227e-05,7.883542488196227e-05
80,72.0,0.9,-0.10536051565782628,0.05,2.0,0.2,0.04000000000000001,12,0.08333333333333333,0.2886751345948129,call,12.469184740962028,0.0009851995053703877,12.52215826426862,0.05297352330659244,0.05297352330659244,0.004248354997305574,0.0006621690413324055,0.0006621690413324055
80,72.0,0.9,-0.10536051565782628,0.05,2.0,0.2,0.04000000000000001,26,0.038461538461538464,0.19611613513818404,call,12.225001117776003,0.0009597224316676129,12.2789601323569,0.05395901458089725,0.05395901458089725,0.004413824920018787,0.0006744876822612156,0.0006744876822612156
80,72.0,0.9,-0.10536051565782628,0.05,2.0,0.2,0.04000000000000001,52,0.019230769230769232,0.1386750490563073,call,12.11888360625808,0.0009409822058657213,12.174982413393009,0.05609880713492821,0.05609880713492821,0.004629040838873912,0.0007012350891866026,0.0007012350891866026
80,72.0,0.9,-0.10536051565782628,0.05,2.0,0.2,0.04000000000000001,126,0.007936507936507936,0.0890870806374748,call,12.05769036504352,0.0009430254597805409,12.113988140741112,0.0562977756975922,0.0562977756975922,0.004669034781387754,0.0007037221962199025,0.0007037221962199025
80,72.0,0.9,-0.10536051565782628,0.05,2.0,0.3,0.09,12,0.08333333333333333,0.2886751345948129,call,14.289512085893639,0.002184561563133465,14.41670844171832,0.12719635582468136,0.12719635582468136,0.008901378511744109,0.001589954447808517,0.001589954447808517
80,72.0,0.9,-0.10536051565782628,0.05,2.0,0.3,0.09,26,0.038461538461538464,0.19611613513818404,call,13.963361889456484,0.0020956208690242396,14.098606954786463,0.13524506532997904,0.13524506532997904,0.009685709387228621,0.0016905633166247381,0.0016905633166247381
80,72.0,0.9,-0.10536051565782628,0.05,2.0,0.3,0.09,52,0.019230769230769232,0.1386750490563073,call,13.827763547418378,0.002080789534660634,13.96241184596349,0.1346482985451125,0.1346482985451125,0.009737532615695554,0.0016831037318139064,0.0016831037318139064
80,72.0,0.9,-0.10536051565782628,0.05,2.0,0.3,0.09,126,0.007936507936507936,0.0890870806374748,call,13.744586733854968,0.0020723973779094343,13.882462059250063,0.13787532539509506,0.13787532539509506,0.010031245614354308,0.0017234415674386883,0.0017234415674386883
80,72.0,0.9,-0.10536051565782628,0.05,2.0,0.4,0.16000000000000003,12,0.08333333333333333,0.2886751345948129,call,16.363358833738555,0.003977945239252724,16.60447778535253,0.24111895161397356,0.24111895161397356,0.014735296956076397,0.0030139868951746694,0.0030139868951746694
80,72.0,0.9,-0.10536051565782628,0.05,2.0,0.4,0.16000000000000003,26,0.038461538461538464,0.19611613513818404,call,15.960749990880826,0.003899506934959052,16.212279437784403,0.2515294469035769,0.2515294469035769,0.0157592498502444,0.0031441180862947114,0.0031441180862947114
80,72.0,0.9,-0.10536051565782628,0.05,2.0,0.4,0.16000000000000003,52,0.019230769230769232,0.1386750490563073,call,15.789332795474778,0.0037235185171312028,16.04420268214807,0.25486988667329413,0.25486988667329413,0.016141903522759356,0.0031858735834161766,0.0031858735834161766
80,72.0,0.9,-0.10536051565782628,0.05,2.0,0.4,0.16000000000000003,126,0.007936507936507936,0.0890870806374748,call,15.683738694081752,0.0037824650082741644,15.945491962318581,0.2617532682368289,0.2617532682368289,0.01668946884046221,0.003271915852960361,0.003271915852960361
80,72.0,0.9,-0.10536051565782628,0.05,2.0,0.5,0.25,12,0.08333333333333333,0.2886751345948129,call,18.548969766443694,0.00669321344908167,18.938092256678946,0.3891224902352519,0.3891224902352519,0.020978118738389454,0.004864031127940649,0.004864031127940649
80,72.0,0.9,-0.10536051565782628,0.05,2.0,0.5,0.25,26,0.038461538461538464,0.19611613513818404,call,18.03811387169611,0.006249462219473392,18.474665580116305,0.43655170842019686,0.43655170842019686,0.024201627261328976,0.00545689635525246,0.00545689635525246
80,72.0,0.9,-0.10536051565782628,0.05,2.0,0.5,0.25,52,0.019230769230769232,0.1386750490563073,call,17.85134615191016,0.00634453967741605,18.275934045815223,0.4245878939050627,0.4245878939050627,0.02378464292227229,0.005307348673813284,0.005307348673813284
80,72.0,0.9,-0.10536051565782628,0.05,2.0,0.5,0.25,126,0.007936507936507936,0.0890870806374748,call,17.726258859458127,0.006164759726213944,18.159182904455307,0.4329240449971792,0.4329240449971792,0.024422753183827375,0.00541155056246474,0.00541155056246474
80,72.0,0.9,-0.10536051565782628,0.05,2.0,0.6,0.36,12,0.08333333333333333,0.2886751345948129,call,20.731254570481916,0.010067477254149448,21.364146406689976,0.63289183620806,0.63289183620806,0.03052839055428896,0.00791114795260075,0.00791114795260075
80,72.0,0.9,-0.10536051565782628,0.05,2.0,0.6,0.36,26,0.038461538461538464,0.19611613513818404,call,20.182479293645386,0.009959806175287609,20.833312809007545,0.6508335153621587,0.6508335153621587,0.032247451162607105,0.008135418942026984,0.008135418942026984
80,72.0,0.9,-0.10536051565782628,0.05,2.0,0.6,0.36,52,0.019230769230769232,0.1386750490563073,call,19.93163439506076,0.009814552333690846,20.605561005383525,0.6739266103227628,0.6739266103227628,0.033811909097116885,0.008424082629034536,0.008424082629034536
80,72.0,0.9,-0.10536051565782628,0.05,2.0,0.6,0.36,126,0.007936507936507936,0.0890870806374748,call,19.78715821237535,0.0096094618583294,20.471729349656474,0.6845711372811252,0.6845711372811252,0.034596738446907374,0.008557139216014064,0.008557139216014064
80,80.0,1.0,0.0,0.05,2.0,0.1,0.010000000000000002,12,0.08333333333333333,0.2886751345948129,call,5.111612276122188,0.00026805732599237593,5.122488321268625,0.010876045146436475,0.010876045146436475,0.0021277132456312487,0.00013595056433045593,0.00013595056433045593
80,80.0,1.0,0.0,0.05,2.0,0.1,0.010000000000000002,26,0.038461538461538464,0.19611613513818404,call,4.917392367760091,0.0002584554332751784,4.928824170432892,0.011431802672801084,0.011431802672801084,0.002324769271565847,0.00014289753341001354,0.00014289753341001354
80,80.0,1.0,0.0,0.05,2.0,0.1,0.010000000000000002,52,0.019230769230769232,0.1386750490563073,call,4.8339387918537735,0.00025312321379382326,4.8458764702093,0.01193767835552606,0.01193767835552606,0.0024695551328956867,0.00014922097944407574,0.00014922097944407574
80,80.0,1.0,0.0,0.05,2.0,0.1,0.010000000000000002,126,0.007936507936507936,0.0890870806374748,call,4.785384841854632,0.0002498716634925569,4.797174621583104,0.011789779728472283,0.011789779728472283,0.002463705661737963,0.00014737224660590353,0.00014737224660590353
80,80.0,1.0,0.0,0.05,2.0,0.2,0.04000000000000001,12,0.08333333333333333,0.2886751345948129,call,7.454374809940623,0.000918147041161222,7.494119600715373,0.03974479077475035,0.03974479077475035,0.0053317403253924835,0.0004968098846843793,0.0004968098846843793
80,80.0,1.0,0.0,0.05,2.0,0.2,0.04000000000000001,26,0.038461538461538464,0.19611613513818404,call,7.189231745206953,0.0008831503959715809,7.230661197497936,0.04142945229098238,0.04142945229098238,0.005762709251736574,0.0005178681536372798,0.0005178681536372798
80,80.0,1.0,0.0,0.05,2.0,0.2,0.04000000000000001,52,0.019230769230769232,0.1386750490563073,call,7.07503020385516,0.0008691495226695238,7.117728709946777,0.04269850609161718,0.04269850609161718,0.006035098771500779,0.0005337313261452147,0.0005337313261452147
80,80.0,1.0,0.0,0.05,2.0,0.2,0.04000000000000001,126,0.007936507936507936,0.0890870806374748,call,7.009238024766752,0.000857870641252996,7.051394755399977,0.04215673063322534,0.04215673063322534,0.006014452710018818,0.0005269591329153167,0.0005269591329153167
80,80.0,1.0,0.0,0.05,2.0,0.3,0.09,12,0.08333333333333333,0.2886751345948129,call,9.941537521553718,0.0021188336939961952,10.03437657888154,0.09283905732782216,0.09283905732782216,0.009338500923679336,0.001160488216597777,0.001160488216597777
80,80.0,1.0,0.0,0.05,2.0,0.3,0.09,26,0.038461538461538464,0.19611613513818404,call,9.59447238671993,0.001983533366636119,9.694865527130865,0.10039314041093483,0.10039314041093483,0.010463643686117931,0.0012549142551366854,0.0012549142551366854
80,80.0,1.0,0.0,0.05,2.0,0.3,0.09,52,0.019230769230769232,0.1386750490563073,call,9.450002918059944,0.0019590418148065043,9.54926823662949,0.09926531856954668,0.09926531856954668,0.010504263271690665,0.0012408164821193334,0.0012408164821193334
80,80.0,1.0,0.0,0.05,2.0,0.3,0.09,126,0.007936507936507936,0.0890870806374748,call,9.36519049070173,0.001962322488165711,9.463729182264514,0.0985386915627835,0.0985386915627835,0.010521803230870538,0.0012317336445347936,0.0012317336445347936
80,80.0,1.0,0.0,0.05,2.0,0.4,0.16000000000000003,12,0.08333333333333333,0.2886751345948129,call,12.443749158958164,0.0038902301946778808,12.63455126817043,0.1908021092122656,0.1908021092122656,0.015333169029279937,0.00238502636515332,0.00238502636515332
80,80.0,1.0,0.0,0.05,2.0,0.4,0.16000000000000003,26,0.038461538461538464,0.19611613513818404,call,12.020337601710334,0.00371273251040408,12.219342039787659,0.19900443807732415,0.19900443807732415,0.016555644664173863,0.002487555475966552,0.002487555475966552
80,80.0,1.0,0.0,0.05,2.0,0.4,0.16000000000000003,52,0.019230769230769232,0.1386750490563073,call,11.842100798631776,0.0036826323416973635,12.041220423476686,0.19911962484490964,0.19911962484490964,0.016814552437175313,0.0024889953105613704,0.0024889953105613704
80,80.0,1.0,0.0,0.05,2.0,0.4,0.16000000000000003,126,0.007936507936507936,0.0890870806374748,call,11.732901904268884,0.003709341209687286,11.936555979518538,0.20365407524965384,0.20365407524965384,0.01735751964103242,0.002545675940620673,0.002545675940620673
80,80.0,1.0,0.0,0.05,2.0,0.5,0.25,12,0.08333333333333333,0.2886751345948129,call,14.94475930524019,0.006521839640625257,15.276097723463865,0.33133841822367494,0.33133841822367494,0.022170876857648375,0.004141730227795936,0.004141730227795936
80,80.0,1.0,0.0,0.05,2.0,0.5,0.25,26,0.038461538461538464,0.19611613513818404,call,14.437413575891554,0.0061236943832522935,14.787602453411624,0.3501888775200701,0.3501888775200701,0.02425565186446111,0.004377360969000876,0.004377360969000876
80,80.0,1.0,0.0,0.05,2.0,0.5,0.25,52,0.019230769230769232,0.1386750490563073,call,14.217609836866716,0.006402340842831734,14.57797552397759,0.3603656871108747,0.3603656871108747,0.02534643243454571,0.004504571088885934,0.004504571088885934
80,80.0,1.0,0.0,0.05,2.0,0.5,0.25,126,0.007936507936507936,0.0890870806374748,call,14.080636897445686,0.006050860047844816,14.454780581187672,0.3741436837419858,0.3741436837419858,0.026571502870715868,0.004676796046774822,0.004676796046774822
80,80.0,1.0,0.0,0.05,2.0,0.6,0.36,12,0.08333333333333333,0.2886751345948129,call,17.402042040957884,0.010162022805224472,17.95600883586371,0.5539667949058256,0.5539667949058256,0.0318334361911088,0.00692458493632282,0.00692458493632282
80,80.0,1.0,0.0,0.05,2.0,0.6,0.36,26,0.038461538461538464,0.19611613513818404,call,16.791179340167158,0.009339937499793447,17.397842691060028,0.6066633508928696,0.6066633508928696,0.03612988335141147,0.00758329188616087,0.00758329188616087
80,80.0,1.0,0.0,0.05,2.0,0.6,0.36,52,0.019230769230769232,0.1386750490563073,call,16.584963689925953,0.010059343264014501,17.158247231262077,0.5732835413361244,0.5732835413361244,0.034566463457761355,0.007166044266701555,0.007166044266701555
80,80.0,1.0,0.0,0.05,2.0,0.6,0.36,126,0.007936507936507936,0.0890870806374748,call,16.430430933129724,0.009736905691833452,17.01742158902104,0.5869906558913165,0.5869906558913165,0.035725822303767446,0.007337383198641456,0.007337383198641456
80,88.0,1.1,0.09531017980432493,0.05,2.0,0.1,0.010000000000000002,12,0.08333333333333333,0.2886751345948129,call,1.4366951562079868,0.0002484877508511694,1.4309163681904193,-0.005778788017567482,0.005778788017567482,-0.0040222784858689265,-7.223485021959353e-05,7.223485021959353e-05
80,88.0,1.1,0.09531017980432493,0.05,2.0,0.1,0.010000000000000002,26,0.038461538461538464,0.19611613513818404,call,1.3060739578525418,0.00023428207975679006,1.2999911862519085,-0.006082771600633308,0.006082771600633308,-0.004657294913555013,-7.603464500791635e-05,7.603464500791635e-05
80,88.0,1.1,0.09531017980432493,0.05,2.0,0.1,0.010000000000000002,52,0.019230769230769232,0.1386750490563073,call,1.2522760274968483,0.00022996882988615293,1.2451272853723097,-0.007148742124538643,0.007148742124538643,-0.005708599356348083,-8.935927655673304e-05,8.935927655673304e-05
80,88.0,1.1,0.09531017980432493,0.05,2.0,0.1,0.010000000000000002,126,0.007936507936507936,0.0890870806374748,call,1.2204005092517747,0.00022680910524622267,1.2132684222289787,-0.0071320870227959965,0.0071320870227959965,-0.00584405444665757,-8.915108778494995e-05,8.915108778494995e-05
80,88.0,1.1,0.09531017980432493,0.05,2.0,0.2,0.04000000000000001,12,0.08333333333333333,0.2886751345948129,call,4.023903420667601,0.0008821447278986446,4.025625806834035,0.0017223861664339424,0.0017223861664339424,0.0004280386446621483,2.152982708042428e-05,2.152982708042428e-05
80,88.0,1.1,0.09531017980432493,0.05,2.0,0.2,0.04000000000000001,26,0.038461538461538464,0.19611613513818404,call,3.786997054840899,0.0008359047840062536,3.7886603682704205,0.00166331342952164,0.00166331342952164,0.00043921698523515754,2.07914178690205e-05,2.07914178690205e-05
80,88.0,1.1,0.09531017980432493,0.05,2.0,0.2,0.04000000000000001,52,0.019230769230769232,0.1386750490563073,call,3.68940071335834,0.0008270582455104923,3.6877284500224015,-0.0016722633359385064,0.0016722633359385064,-0.00045326150935128434,-2.090329169923133e-05,2.090329169923133e-05
80,88.0,1.1,0.09531017980432493,0.05,2.0,0.2,0.04000000000000001,126,0.007936507936507936,0.0890870806374748,call,3.6301543928148807,0.0008102315300143796,3.628633037656419,-0.0015213551584616347,0.0015213551584616347,-0.00041908827940564567,-1.9016939480770433e-05,1.9016939480770433e-05
80,88.0,1.1,0.09531017980432493,0.05,2.0,0.3,0.09,12,0.08333333333333333,0.2886751345948129,call,6.6893847981133465,0.0020095937613573904,6.727849233406338,0.03846443529299126,0.03846443529299126,0.005750070664770197,0.00048080544116239075,0.00048080544116239075
80,88.0,1.1,0.09531017980432493,0.05,2.0,0.3,0.09,26,0.038461538461538464,0.19611613513818404,call,6.360380659114467,0.0019173458548803902,6.399593945785522,0.03921328667105506,0.03921328667105506,0.006165242109347994,0.0004901660833881883,0.0004901660833881883
80,88.0,1.1,0.09531017980432493,0.05,2.0,0.3,0.09,52,0.019230769230769232,0.1386750490563073,call,6.224975892809636,0.0019173562136399305,6.259247335301146,0.034271442491510484,0.034271442491510484,0.005505473929802177,0.00042839303114388104,0.00042839303114388104
80,88.0,1.1,0.09531017980432493,0.05,2.0,0.3,0.09,126,0.007936507936507936,0.0890870806374748,call,6.139072296490557,0.0018431304382395903,6.176918009248372,0.03784571275781534,0.03784571275781534,0.006164728305846814,0.0004730714094726918,0.0004730714094726918
80,88.0,1.1,0.09531017980432493,0.05,2.0,0.4,0.16000000000000003,12,0.08333333333333333,0.2886751345948129,call,9.349073690798736,0.003813343974222641,9.47415390226906,0.12508021147032444,0.12508021147032444,0.013378888177277618,0.0015635026433790556,0.0015635026433790556
80,88.0,1.1,0.09531017980432493,0.05,2.0,0.4,0.16000000000000003,26,0.038461538461538464,0.19611613513818404,call,8.939359120105623,0.003579723505405906,9.060691518212845,0.12133239810722252,0.12133239810722252,0.013572829604119195,0.0015166549763402815,0.0015166549763402815
80,88.0,1.1,0.09531017980432493,0.05,2.0,0.4,0.16000000000000003,52,0.019230769230769232,0.1386750490563073,call,8.755188389145506,0.003502431687477518,8.8836274293683,0.12843904022279418,0.12843904022279418,0.014670048720142919,0.0016054880027849272,0.0016054880027849272
80,88.0,1.1,0.09531017980432493,0.05,2.0,0.4,0.16000000000000003,126,0.007936507936507936,0.0890870806374748,call,8.65450590439489,0.0034111850737794285,8.77967529663831,0.1251693922434196,0.1251693922434196,0.014462916037743608,0.0015646174030427451,0.0015646174030427451
80,88.0,1.1,0.09531017980432493,0.05,2.0,0.5,0.25,12,0.08333333333333333,0.2886751345948129,call,11.984510872979985,0.00629889761989767,12.256194749103866,0.27168387612388045,0.27168387612388045,0.022669584015849405,0.0033960484515485057,0.0033960484515485057
80,88.0,1.1,0.09531017980432493,0.05,2.0,0.5,0.25,26,0.038461538461538464,0.19611613513818404,call,11.494059254068238,0.00601477175300176,11.762379540723702,0.26832028665546304,0.26832028665546304,0.02334425817062784,0.003354003583193288,0.003354003583193288
80,88.0,1.1,0.09531017980432493,0.05,2.0,0.5,0.25,52,0.019230769230769232,0.1386750490563073,call,11.27711311485521,0.006004746462855212,11.550706011547275,0.2735928966920653,0.2735928966920653,0.024260898503506594,0.0034199112086508165,0.0034199112086508165
80,88.0,1.1,0.09531017980432493,0.05,2.0,0.5,0.25,126,0.007936507936507936,0.0890870806374748,call,11.161049234756804,0.005773447604753158,11.426378065554943,0.26532883079813807,0.26532883079813807,0.02377274978519701,0.003316610384976726,0.003316610384976726
80,88.0,1.1,0.09531017980432493,0.05,2.0,0.6,0.36,12,0.08333333333333333,0.2886751345948129,call,14.606421873342548,0.0104154564339648,15.074611054752896,0.4681891814103487,0.4681891814103487,0.03205365321296227,0.005852364767629359,0.005852364767629359
80,88.0,1.1,0.09531017980432493,0.05,2.0,0.6,0.36,26,0.038461538461538464,0.19611613513818404,call,14.030971843144258,0.010184483998490125,14.50540581039352,0.47443396724926323,0.47443396724926323,0.03381333613616214,0.005930424590615791,0.005930424590615791
80,88.0,1.1,0.09531017980432493,0.05,2.0,0.6,0.36,52,0.019230769230769232,0.1386750490563073,call,13.777577725159679,0.00926135273457711,14.261258662049846,0.4836809368901669,0.4836809368901669,0.035106384194581716,0.0060460117111270865,0.0060460117111270865
80,88.0,1.1,0.09531017980432493,0.05,2.0,0.6,0.36,126,0.007936507936507936,0.0890870806374748,call,13.629711558118425,0.009466496440802219,14.11781290271929,0.4881013446008655,0.4881013446008655,0.03581156816999051,0.006101266807510819,0.006101266807510819
80,96.0,1.2,0.1823215567939546,0.05,2.0,0.1,0.010000000000000002,12,0.08333333333333333,0.2886751345948129,call,0.24017329428351716,0.0001966159619927639,0.2315408845838879,-0.008632409699629251,0.008632409699629251,-0.03594242118126155,-0.00010790512124536564,0.00010790512124536564
80,96.0,1.2,0.1823215567939546,0.05,2.0,0.1,0.010000000000000002,26,0.038461538461538464,0.19611613513818404,call,0.19868981215258674,0.00018626998446461508,0.19011848956255725,-0.00857132259002949,0.00857132259002949,-0.04313921532849917,-0.00010714153237536863,0.00010714153237536863
80,96.0,1.2,0.1823215567939546,0.05,2.0,0.1,0.010000000000000002,52,0.019230769230769232,0.1386750490563073,call,0.18287023172494854,0.00018379028032845384,0.17383405296946952,-0.009036178755479018,0.009036178755479018,-0.04941306559435083,-0.00011295223444348773,0.00011295223444348773
80,96.0,1.2,0.1823215567939546,0.05,2.0,0.1,0.010000000000000002,126,0.007936507936507936,0.0890870806374748,call,0.17365800975961063,0.0001825938971163618,0.1646769991066722,-0.008981010652938437,0.008981010652938437,-0.05171665082060177,-0.00011226263316173046,0.00011226263316173046
80,96.0,1.2,0.1823215567939546,0.05,2.0,0.2,0.04000000000000001,12,0.08333333333333333,0.2886751345948129,call,1.9803238779213412,0.0008303442204187616,1.9542900175294486,-0.026033860391892594,0.026033860391892594,-0.01314626394305723,-0.00032542325489865744,0.00032542325489865744
80,96.0,1.2,0.1823215567939546,0.05,2.0,0.2,0.04000000000000001,26,0.038461538461538464,0.19611613513818404,call,1.8086580635840144,0.0007916445984973083,1.7785308542132854,-0.03012720937072899,0.03012720937072899,-0.01665721673837524,-0.0003765901171341124,0.0003765901171341124
80,96.0,1.2,0.1823215567939546,0.05,2.0,0.2,0.04000000000000001,52,0.019230769230769232,0.1386750490563073,call,1.736836279929272,0.0007826481516130536,1.7048766068700056,-0.03195967305926639,0.03195967305926639,-0.018401085599483138,-0.0003994959132408299,0.0003994959132408299
80,96.0,1.2,0.1823215567939546,0.05,2.0,0.2,0.04000000000000001,126,0.007936507936507936,0.0890870806374748,call,1.6970369541271262,0.0007718703009917142,1.6621042759494242,-0.03493267817770196,0.03493267817770196,-0.02058451237184145,-0.00043665847722127447,0.00043665847722127447
80,96.0,1.2,0.1823215567939546,0.05,2.0,0.3,0.09,12,0.08333333333333333,0.2886751345948129,call,4.3824186899453075,0.0019462440845401615,4.367688860532234,-0.014729829413073325,0.014729829413073325,-0.0033611187007002185,-0.00018412286766341656,0.00018412286766341656
80,96.0,1.2,0.1823215567939546,0.05,2.0,0.3,0.09,26,0.038461538461538464,0.19611613513818404,call,4.096231702336674,0.0018567732766293888,4.077245001154127,-0.01898670118254664,0.01898670118254664,-0.004635162891717228,-0.000237333764781833,0.000237333764781833
80,96.0,1.2,0.1823215567939546,0.05,2.0,0.3,0.09,52,0.019230769230769232,0.1386750490563073,call,3.9761123488744343,0.0018191408807159818,3.9539719313866084,-0.022140417487825914,0.022140417487825914,-0.005568358120990587,-0.0002767552185978239,0.0002767552185978239
80,96.0,1.2,0.1823215567939546,0.05,2.0,0.3,0.09,126,0.007936507936507936,0.0890870806374748,call,3.9061559114965005,0.0017940531443466825,3.8819247177108682,-0.02423119378563232,0.02423119378563232,-0.006203335026724273,-0.000302889922320404,0.000302889922320404
80,96.0,1.2,0.1823215567939546,0.05,2.0,0.4,0.16000000000000003,12,0.08333333333333333,0.2886751345948129,call,6.967403295490163,0.003683724306660669,7.021139714704162,0.0537364192139993,0.0537364192139993,0.0077125461143869225,0.0006717052401749912,0.0006717052401749912
80,96.0,1.2,0.1823215567939546,0.05,2.0,0.4,0.16000000000000003,26,0.038461538461538464,0.19611613513818404,call,6.582243984364972,0.0034449391232510397,6.6301429770203875,0.04789899265541564,0.04789899265541564,0.00727700048329897,0.0005987374081926955,0.0005987374081926955
80,96.0,1.2,0.1823215567939546,0.05,2.0,0.4,0.16000000000000003,52,0.019230769230769232,0.1386750490563073,call,6.42242817364179,0.003428290855086767,6.46338960305854,0.040961429416750406,0.040961429416750406,0.006377872715627979,0.0005120178677093801,0.0005120178677093801
80,96.0,1.2,0.1823215567939546,0.05,2.0,0.4,0.16000000000000003,126,0.007936507936507936,0.0890870806374748,call,6.320829499425618,0.003335617387326775,6.365693954002141,0.04486445457652266,0.04486445457652266,0.007097874508496005,0.0005608056822065333,0.0005608056822065333
80,96.0,1.2,0.1823215567939546,0.05,2.0,0.5,0.25,12,0.08333333333333333,0.2886751345948129,call,9.613345965771167,0.0061347066866622715,9.79560029266499,0.1822543268938226,0.1822543268938226,0.018958469563328823,0.0022781790861727824,0.0022781790861727824
80,96.0,1.2,0.1823215567939546,0.05,2.0,0.5,0.25,26,0.038461538461538464,0.19611613513818404,call,9.137096745413407,0.005892269895854161,9.313207385081604,0.17611063966819707,0.17611063966819707,0.019274244825808612,0.0022013829958524634,0.0022013829958524634
80,96.0,1.2,0.1823215567939546,0.05,2.0,0.5,0.25,52,0.019230769230769232,0.1386750490563073,call,8.945597002719406,0.005868526887228101,9.106969790798452,0.16137278807904565,0.16137278807904565,0.018039353665271228,0.0020171598509880705,0.0020171598509880705
80,96.0,1.2,0.1823215567939546,0.05,2.0,0.5,0.25,126,0.007936507936507936,0.0890870806374748,call,8.823295516381016,0.005967395894084426,8.985993805908313,0.16269828952729704,0.16269828952729704,0.018439628280072586,0.002033728619091213,0.002033728619091213
80,96.0,1.2,0.1823215567939546,0.05,2.0,0.6,0.36,12,0.08333333333333333,0.2886751345948129,call,12.260121812604929,0.009864542303259874,12.651251331503715,0.39112951889878644,0.39112951889878644,0.0319025801600647,0.00488911898623483,0.00488911898623483
80,96.0,1.2,0.1823215567939546,0.05,2.0,0.6,0.36,26,0.038461538461538464,0.19611613513818404,call,11.712557428165312,0.00946648332878401,12.084915867516463,0.3723584393511512,0.3723584393511512,0.0317913864358724,0.00465448049188939,0.00465448049188939
80,96.0,1.2,0.1823215567939546,0.05,2.0,0.6,0.36,52,0.019230769230769232,0.1386750490563073,call,11.463086294676115,0.009044786706844861,11.842430998686746,0.3793447040106308,0.3793447040106308,0.033092719906227405,0.004741808800132885,0.004741808800132885
80,96.0,1.2,0.1823215567939546,0.05,2.0,0.6,0.36,126,0.007936507936507936,0.0890870806374748,call,11.335977571360115,0.009501806794124493,11.700089094260926,0.36411152290081183,0.36411152290081183,0.03211999323470124,0.004551394036260148,0.004551394036260148
80,104.0,1.3,0.26236426446749106,0.05,2.0,0.1,0.010000000000000002,12,0.08333333333333333,0.2886751345948129,call,0.025146368768595388,0.00011491856398880953,0.02228766196564043,-0.0028587068029549585,0.0028587068029549585,-0.11368268831423164,-3.573383503693698e-05,3.573383503693698e-05
80,104.0,1.3,0.26236426446749106,0.05,2.0,0.1,0.010000000000000002,26,0.038461538461538464,0.19611613513818404,call,0.018211481444131865,0.00010206749171565113,0.01587204057696394,-0.002339440867167926,0.002339440867167926,-0.12845966838802916,-2.9243010839599073e-05,2.9243010839599073e-05
80,104.0,1.3,0.26236426446749106,0.05,2.0,0.1,0.010000000000000002,52,0.019230769230769232,0.1386750490563073,call,0.015961412947129335,0.00010036334097605634,0.013592460486743306,-0.0023689524603860285,0.0023689524603860285,-0.14841746581163953,-2.9611905754825355e-05,2.9611905754825355e-05
80,104.0,1.3,0.26236426446749106,0.05,2.0,0.1,0.010000000000000002,126,0.007936507936507936,0.0890870806374748,call,0.014576593691099388,0.0001042114317731035,0.01237376201970594,-0.0022028316713934484,0.0022028316713934484,-0.15112115478244545,-2.7535395892418105e-05,2.7535395892418105e-05
80,104.0,1.3,0.26236426446749106,0.05,2.0,0.2,0.04000000000000001,12,0.08333333333333333,0.2886751345948129,call,0.9042540657387974,0.0007593579657824332,0.8674215709771653,-0.036832494761632084,0.036832494761632084,-0.040732462431937254,-0.00046040618452040103,0.00046040618452040103
80,104.0,1.3,0.26236426446749106,0.05,2.0,0.2,0.04000000000000001,26,0.038461538461538464,0.19611613513818404,call,0.7951925083472003,0.0007303418192736154,0.7573437345978606,-0.037848773749339704,0.037848773749339704,-0.04759699488116154,-0.0004731096718667463,0.0004731096718667463
80,104.0,1.3,0.26236426446749106,0.05,2.0,0.2,0.04000000000000001,52,0.019230769230769232,0.1386750490563073,call,0.7502956345154475,0.0007079060990466976,0.7123445726879217,-0.03795106182752572,0.03795106182752572,-0.05058147759587473,-0.0004743882728440715,0.0004743882728440715
80,104.0,1.3,0.26236426446749106,0.05,2.0,0.2,0.04000000000000001,126,0.007936507936507936,0.0890870806374748,call,0.7268427578849531,0.0007143619549249245,0.6865368990189874,-0.040305858865965716,0.040305858865965716,-0.05545334039407936,-0.0005038232358245715,0.0005038232358245715
80,104.0,1.3,0.26236426446749106,0.05,2.0,0.3,0.09,12,0.08333333333333333,0.2886751345948129,call,2.808729543883711,0.0018742534826010249,2.759741987767765,-0.048987556115946074,0.048987556115946074,-0.01744117949078485,-0.000612344451449326,0.000612344451449326
80,104.0,1.3,0.26236426446749106,0.05,2.0,0.3,0.09,26,0.038461538461538464,0.19611613513818404,call,2.575195709285725,0.0017660850434950775,2.5212183814486573,-0.05397732783706788,0.05397732783706788,-0.020960475991177938,-0.0006747165979633484,0.0006747165979633484
80,104.0,1.3,0.26236426446749106,0.05,2.0,0.3,0.09,52,0.019230769230769232,0.1386750490563073,call,2.4798776127362485,0.001770034510292332,2.4210840545904553,-0.058793558145793234,0.058793558145793234,-0.0237082498925911,-0.0007349194768224154,0.0007349194768224154
80,104.0,1.3,0.26236426446749106,0.05,2.0,0.3,0.09,126,0.007936507936507936,0.0890870806374748,call,2.4238207274936965,0.0017406079299848488,2.362881920418767,-0.06093880707492927,0.06093880707492927,-0.025141631302881804,-0.0007617350884366158,0.0007617350884366158
80,104.0,1.3,0.26236426446749106,0.05,2.0,0.4,0.16000000000000003,12,0.08333333333333333,0.2886751345948129,call,5.167015518773755,0.0036190520555969344,5.155292126924681,-0.011723391849074005,0.011723391849074005,-0.002268890388751188,-0.00014654239811342506,0.00014654239811342506
80,104.0,1.3,0.26236426446749106,0.05,2.0,0.4,0.16000000000000003,26,0.038461538461538464,0.19611613513818404,call,4.822195396548288,0.0034440656098176023,4.800893840054852,-0.021301556493436458,0.021301556493436458,-0.00441739804004708,-0.0002662694561679557,0.0002662694561679557
80,104.0,1.3,0.26236426446749106,0.05,2.0,0.4,0.16000000000000003,52,0.019230769230769232,0.1386750490563073,call,4.675524205125546,0.0033221009723903194,4.650666220070628,-0.02485798505491843,0.02485798505491843,-0.005316619904922714,-0.00031072481318648035,0.00031072481318648035
80,104.0,1.3,0.26236426446749106,0.05,2.0,0.4,0.16000000000000003,126,0.007936507936507936,0.0890870806374748,call,4.591311122794681,0.0033012734853918126,4.5629216176963645,-0.028389505098316725,0.028389505098316725,-0.006183311115069096,-0.00035486881372895904,0.00035486881372895904
80,104.0,1.3,0.26236426446749106,0.05,2.0,0.5,0.25,12,0.08333333333333333,0.2886751345948129,call,7.703833008793755,0.0061028119770867644,7.808768790475275,0.10493578168151974,0.10493578168151974,0.013621243030805296,0.0013116972710189966,0.0013116972710189966
80,104.0,1.3,0.26236426446749106,0.05,2.0,0.5,0.25,26,0.038461538461538464,0.19611613513818404,call,7.261615563109832,0.005756228910453051,7.35042218808567,0.08880662497583813,0.08880662497583813,0.012229596045677492,0.0011100828121979767,0.0011100828121979767
80,104.0,1.3,0.26236426446749106,0.05,2.0,0.5,0.25,52,0.019230769230769232,0.1386750490563073,call,7.078351566423599,0.005751606462910718,7.155212736308015,0.07686116988441594,0.07686116988441594,0.01085862565078139,0.0009607646235551992,0.0009607646235551992
80,104.0,1.3,0.26236426446749106,0.05,2.0,0.5,0.25,126,0.007936507936507936,0.0890870806374748,call,6.969546731293916,0.005638926771791779,7.040925575107751,0.07137884381383497,0.07137884381383497,0.010241533139212238,0.0008922355476729371,0.0008922355476729371
80,104.0,1.3,0.26236426446749106,0.05,2.0,0.6,0.36,12,0.08333333333333333,0.2886751345948129,call,10.353903777127098,0.01033164684141766,10.620188766394799,0.2662849892677013,0.2662849892677013,0.025718317940712745,0.003328562365846266,0.003328562365846266
80,104.0,1.3,0.26236426446749106,0.05,2.0,0.6,0.36,26,0.038461538461538464,0.19611613513818404,call,9.787227690789294,0.009485089947593566,10.067761554104026,0.28053386331473185,0.28053386331473185,0.028663261158084707,0.003506673291434148,0.003506673291434148
80,104.0,1.3,0.26236426446749106,0.05,2.0,0.6,0.36,52,0.019230769230769232,0.1386750490563073,call,9.564991826964338,0.009094199644678766,9.831842384061007,0.26685055709666905,0.26685055709666905,0.027898670686199632,0.003335631963708363,0.003335631963708363
80,104.0,1.3,0.26236426446749106,0.05,2.0,0.6,0.36,126,0.007936507936507936,0.0890870806374748,call,9.43589335208927,0.00896832093846717,9.693534396192662,0.2576410441033925,0.2576410441033925,0.027304361599884586,0.0032205130512924065,0.0032205130512924065
90,62.99999999999999,0.7,-0.35667494393873245,0.05,0.25,0.1,0.010000000000000002,12,0.08333333333333333,0.2886751345948129,call,27.268977638801243,3.850159121281855e-05,27.269026348456467,4.870965522485449e-05,4.870965522485449e-05,1.7862662792148517e-06,5.41218391387272e-07,5.41218391387272e-07
90,62.99999999999999,0.7,-0.35667494393873245,0.05,0.25,0.1,0.010000000000000002,26,0.038461538461538464,0.19611613513818404,call,27.243929022041115,3.813472515656912e-05,27.24393669637611,7.674334995044774e-06,7.674334995044774e-06,2.8168972943792424e-07,8.527038883383081e-08,8.527038883383081e-08
90,62.99999999999999,0.7,-0.35667494393873245,0.05,0.25,0.1,0.010000000000000002,52,0.019230769230769232,0.1386750490563073,call,27.233195994372238,3.838992090020712e-05,27.233185423969335,-1.0570402903198328e-05,1.0570402903198328e-05,-3.8814404689712917e-07,-1.174489211466481e-07,1.174489211466481e-07
90,62.99999999999999,0.7,-0.35667494393873245,0.05,0.25,0.1,0.010000000000000002,126,0.007936507936507936,0.0890870806374748,call,27.226932665936673,3.830765814864684e-05,27.22687158611764,-6.107981903369364e-05,6.107981903369364e-05,-2.2433602706231376e-06,-6.786646559299293e-07,6.786646559299293e-07
90,62.99999999999999,0.7,-0.35667494393873245,0.05,0.25,0.2,0.04000000000000001,12,0.08333333333333333,0.2886751345948129,call,27.269030643570844,0.00015178929952913112,27.269026349671936,-4.293898907548055e-06,4.293898907548055e-06,-1.5746430313834489e-07,-4.7709987861645054e-08,4.7709987861645054e-08
90,62.99999999999999,0.7,-0.35667494393873245,0.05,0.25,0.2,0.04000000000000001,26,0.038461538461538464,0.19611613513818404,call,27.24399176528762,0.0001517564363052063,27.243936696736966,-5.506855065462446e-05,5.506855065462446e-05,-2.0213099140922857e-06,-6.118727850513829e-07,6.118727850513829e-07
90,62.99999999999999,0.7,-0.35667494393873245,0.05,0.25,0.2,0.04000000000000001,52,0.019230769230769232,0.1386750490563073,call,27.233101144552354,0.00015110433882136338,27.233185424176096,8.427962374213394e-05,8.427962374213394e-05,3.094749411562812e-06,9.364402638014882e-07,9.364402638014882e-07
90,62.99999999999999,0.7,-0.35667494393873245,0.05,0.25,0.2,0.04000000000000001,126,0.007936507936507936,0.0890870806374748,call,27.227057032076754,0.0001513023315635905,27.226871586265098,-0.0001854458116561375,0.0001854458116561375,-6.811085437462447e-06,-2.060509018401528e-06,2.060509018401528e-06
90,62.99999999999999,0.7,-0.35667494393873245,0.05,0.25,0.3,0.09,12,0.08333333333333333,0.2886751345948129,call,27.269061450508907,0.00034177032294655386,27.269089761141192,2.8310632284700432e-05,2.8310632284700432e-05,1.038196064653046e-06,3.1456258094111593e-07,3.1456258094111593e-07
90,62.99999999999999,0.7,-0.35667494393873245,0.05,0.25,0.3,0.09,26,0.038461538461538464,0.19611613513818404,call,27.24408947710437,0.0003406246275936472,27.243972038528465,-0.00011743857590573725,0.00011743857590573725,-4.31060748073197e-06,-1.3048730656193029e-06,1.3048730656193029e-06
90,62.99999999999999,0.7,-0.35667494393873245,0.05,0.25,0.3,0.09,52,0.019230769230769232,0.1386750490563073,call,27.232753398608306,0.0003401360417335029,27.23321247674092,0.0004590781326143656,0.0004590781326143656,1.6857573154458415e-05,5.100868140159617e-06,5.100868140159617e-06
90,62.99999999999999,0.7,-0.35667494393873245,0.05,0.25,0.3,0.09,126,0.007936507936507936,0.0890870806374748,call,27.227051544722542,0.0003410545738960233,27.226894592303246,-0.0001569524192959193,0.0001569524192959193,-5.764576419084996e-06,-1.743915769954659e-06,1.743915769954659e-06
90,62.99999999999999,0.7,-0.35667494393873245,0.05,0.25,0.4,0.16000000000000003,12,0.08333333333333333,0.2886751345948129,call,27.271682136192705,0.0006090578016571273,27.27313398241797,0.0014518462252652853,0.0014518462252652853,5.3236401701034635e-05,1.6131624725169835e-05,1.6131624725169835e-05
90,62.99999999999999,0.7,-0.35667494393873245,0.05,0.25,0.4,0.16000000000000003,26,0.038461538461538464,0.19611613513818404,call,27.24515904227402,0.0006052599403331283,27.24679876638,0.0016397241059777912,0.0016397241059777912,6.0184053373796395e-05,1.8219156733086568e-05,1.8219156733086568e-05
90,62.99999999999999,0.7,-0.35667494393873245,0.05,0.25,0.4,0.16000000000000003,52,0.019230769230769232,0.1386750490563073,call,27.23513997236214,0.0006029125447831969,27.235612909543306,0.000472937181164923,0.000472937181164923,1.736496238480336e-05,5.254857568499144e-06,5.254857568499144e-06
90,62.99999999999999,0.7,-0.35667494393873245,0.05,0.25,0.4,0.16000000000000003,126,0.007936507936507936,0.0890870806374748,call,27.22881753248678,0.0006040143322292581,27.229068757411913,0.0002512249251331866,0.0002512249251331866,9.226435368831182e-06,2.7913880570354067e-06,2.7913880570354067e-06
90,62.99999999999999,0.7,-0.35667494393873245,0.05,0.25,0.5,0.25,12,0.08333333333333333,0.2886751345948129,call,27.29674286006198,0.0009427982459748501,27.30397883663675,0.007235976574772707,0.007235976574772707,0.00026508571414063126,8.039973971969674e-05,8.039973971969674e-05
90,62.99999999999999,0.7,-0.35667494393873245,0.05,0.25,0.5,0.25,26,0.038461538461538464,0.19611613513818404,call,27.26307190303618,0.0009275416258850196,27.27099868408548,0.007926781049299336,0.007926781049299336,0.0002907515733183597,8.807534499221485e-05,8.807534499221485e-05
90,62.99999999999999,0.7,-0.35667494393873245,0.05,0.25,0.5,0.25,52,0.019230769230769232,0.1386750490563073,call,27.251027395658028,0.0009353666036209581,27.257276559157667,0.00624916349963911,0.00624916349963911,0.0002293184550038214,6.94351499959901e-05,6.94351499959901e-05
90,62.99999999999999,0.7,-0.35667494393873245,0.05,0.25,0.5,0.25,126,0.007936507936507936,0.0890870806374748,call,27.24257278617111,0.0009334832393393734,27.249327548615998,0.006754762444888485,0.006754762444888485,0.00024794877113505745,7.50529160543165e-05,7.50529160543165e-05
90,62.99999999999999,0.7,-0.35667494393873245,0.05,0.25,0.6,0.36,12,0.08333333333333333,0.2886751345948129,call,27.36978679266778,0.0013125122200661318,27.396791381624293,0.02700458895651181,0.02700458895651181,0.0009866568987576547,0.0003000509884056868,0.0003000509884056868
90,62.99999999999999,0.7,-0.35667494393873245,0.05,0.25,0.6,0.36,26,0.038461538461538464,0.19611613513818404,call,27.323840336163855,0.0013185231984002223,27.348849482875305,0.025009146711450825,0.025009146711450825,0.0009152866655552269,0.00027787940790500917,0.00027787940790500917
90,62.99999999999999,0.7,-0.35667494393873245,0.05,0.25,0.6,0.36,52,0.019230769230769232,0.1386750490563073,call,27.30693839008598,0.001313862649394938,27.329133239035997,0.022194848950018553,0.022194848950018553,0.0008127915562323378,0.0002466094327779839,0.0002466094327779839
90,62.99999999999999,0.7,-0.35667494393873245,0.05,0.25,0.6,0.36,126,0.007936507936507936,0.0890870806374748,call,27.294021280217976,0.0013093941375291655,27.31778277491799,0.02376149470001465,0.02376149470001465,0.0008705750778188331,0.00026401660777794055,0.00026401660777794055
90,72.0,0.8,-0.2231435513142097,0.05,0.25,0.1,0.010000000000000002,12,0.08333333333333333,0.2886751345948129,call,18.38082689958472,3.8650953730870955e-05,18.38082614401154,-7.555731791342168e-07,7.555731791342168e-07,-4.1106593477102363e-08,-8.395257545935743e-09,8.395257545935743e-09
90,72.0,0.8,-0.2231435513142097,0.05,0.25,0.1,0.010000000000000002,26,0.038461538461538464,0.19611613513818404,call,18.355727119146877,3.832053372311372e-05,18.355736491931168,9.37278429091748e-06,9.37278429091748e-06,5.106190689194066e-07,1.0414204767686088e-07,1.0414204767686088e-07
90,72.0,0.8,-0.2231435513142097,0.05,0.25,0.1,0.010000000000000002,52,0.019230769230769232,0.1386750490563073,call,18.3449344194985,3.8059285398172776e-05,18.344985219524407,5.080002590673871e-05,5.080002590673871e-05,2.7691582180170825e-06,5.644447322970968e-07,5.644447322970968e-07
90,72.0,0.8,-0.2231435513142097,0.05,0.25,0.1,0.010000000000000002,126,0.007936507936507936,0.0890870806374748,call,18.338679130558166,3.807962282400352e-05,18.33867138167271,-7.74888545507224e-06,7.74888545507224e-06,-4.2254327042344577e-07,-8.609872727858045e-08,8.609872727858045e-08
90,72.0,0.8,-0.2231435513142097,0.05,0.25,0.2,0.04000000000000001,12,0.08333333333333333,0.2886751345948129,call,18.380878189782653,0.0001531061565198498,18.380932562718392,5.437293573962165e-05,5.437293573962165e-05,2.958125024181154e-06,6.041437304402406e-07,6.041437304402406e-07
90,72.0,0.8,-0.2231435513142097,0.05,0.25,0.2,0.04000000000000001,26,0.038461538461538464,0.19611613513818404,call,18.35578508625222,0.00015121770291324214,18.355799268425905,1.4182173686094757e-05,1.4182173686094757e-05,7.726269194945338e-07,1.5757970762327507e-07,1.5757970762327507e-07
90,72.0,0.8,-0.2231435513142097,0.05,0.25,0.2,0.04000000000000001,52,0.019230769230769232,0.1386750490563073,call,18.344995216796928,0.00015151965837446952,18.34503454393827,3.932714134080584e-05,3.932714134080584e-05,2.1437531531650316e-06,4.3696823712006484e-07,4.3696823712006484e-07
90,72.0,0.8,-0.2231435513142097,0.05,0.25,0.2,0.04000000000000001,126,0.007936507936507936,0.0890870806374748,call,18.338808246546467,0.00015155750622081478,18.33871399966212,-9.424688434833683e-05,9.424688434833683e-05,-5.139204417281872e-06,-1.0471876038704093e-06,1.0471876038704093e-06
90,72.0,0.8,-0.2231435513142097,0.05,0.25,0.3,0.09,12,0.08333333333333333,0.2886751345948129,call,18.393344932598858,0.00033369817441626155,18.39584246574562,0.0024975331467622652,0.0024975331467622652,0.00013578460883076476,2.7750368297358502e-05,2.7750368297358502e-05
90,72.0,0.8,-0.2231435513142097,0.05,0.25,0.3,0.09,26,0.038461538461538464,0.19611613513818404,call,18.365320841873828,0.00033167430125667565,18.367145707091307,0.0018248652174790436,0.0018248652174790436,9.936473384762556e-05,2.0276280194211597e-05,2.0276280194211597e-05
90,72.0,0.8,-0.2231435513142097,0.05,0.25,0.3,0.09,52,0.019230769230769232,0.1386750490563073,call,18.35301023480599,0.00033035417396857673,18.355054425446532,0.0020441906405430643,0.0020441906405430643,0.0001113817632306613,2.271322933936738e-05,2.271322933936738e-05
90,72.0,0.8,-0.2231435513142097,0.05,0.25,0.3,0.09,126,0.007936507936507936,0.0890870806374748,call,18.346058107000975,0.00033286909141555846,18.34800795221689,0.0019498452159147917,0.0019498452159147917,0.00010628142593589182,2.1664946843497685e-05,2.1664946843497685e-05
90,72.0,0.8,-0.2231435513142097,0.05,0.25,0.4,0.16000000000000003,12,0.08333333333333333,0.2886751345948129,call,18.48447204035704,0.0005694122012728486,18.498153175939983,0.013681135582942261,0.013681135582942261,0.0007401420799616195,0.00015201261758824734,0.00015201261758824734
90,72.0,0.8,-0.2231435513142097,0.05,0.25,0.4,0.16000000000000003,26,0.038461538461538464,0.19611613513818404,call,18.440787619405263,0.0005712148495991294,18.453464807007542,0.01267718760227865,0.01267718760227865,0.0006874536957921705,0.00014085764002531834,0.00014085764002531834
90,72.0,0.8,-0.2231435513142097,0.05,0.25,0.4,0.16000000000000003,52,0.019230769230769232,0.1386750490563073,call,18.422395737999214,0.0005644542326196376,18.434948875154735,0.012553137155521199,0.012553137155521199,0.000681406334661908,0.0001394793017280133,0.0001394793017280133
90,72.0,0.8,-0.2231435513142097,0.05,0.25,0.4,0.16000000000000003,126,0.007936507936507936,0.0890870806374748,call,18.411847685635212,0.0005648237186079573,18.424251234978204,0.012403549342991482,0.012403549342991482,0.0006736721677677487,0.00013781721492212758,0.00013781721492212758
90,72.0,0.8,-0.2231435513142097,0.05,0.25,0.5,0.25,12,0.08333333333333333,0.2886751345948129,call,18.713398383414457,0.0008740072052533276,18.74474197593049,0.031343592516034136,0.031343592516034136,0.0016749278711350325,0.00034826213906704597,0.00034826213906704597
90,72.0,0.8,-0.2231435513142097,0.05,0.25,0.5,0.25,26,0.038461538461538464,0.19611613513818404,call,18.63995350949482,0.00085809904718816,18.672705117311445,0.032751607816624784,0.032751607816624784,0.0017570648875246265,0.0003639067535180532,0.0003639067535180532
90,72.0,0.8,-0.2231435513142097,0.05,0.25,0.5,0.25,52,0.019230769230769232,0.1386750490563073,call,18.610244780635522,0.0008529412549616504,18.642795406434796,0.03255062579927426,0.03255062579927426,0.0017490702665632905,0.00036167361999193617,0.00036167361999193617
90,72.0,0.8,-0.2231435513142097,0.05,0.25,0.5,0.25,126,0.007936507936507936,0.0890870806374748,call,18.593469600740715,0.0008549571598857116,18.62550343138932,0.03203383064860432,0.03203383064860432,0.0017228538479621995,0.00035593145165115916,0.00035593145165115916
90,72.0,0.8,-0.2231435513142097,0.05,0.25,0.6,0.36,12,0.08333333333333333,0.2886751345948129,call,19.07480476759849,0.0012271579667857307,19.134354131018128,0.05954936341963801,0.05954936341963801,0.003121885866994132,0.0006616595935515334,0.0006616595935515334
90,72.0,0.8,-0.2231435513142097,0.05,0.25,0.6,0.36,26,0.038461538461538464,0.19611613513818404,call,18.967128753759862,0.0011923111816951291,19.02908562985811,0.06195687609824674,0.06195687609824674,0.003266539543364728,0.0006884097344249637,0.0006884097344249637
90,72.0,0.8,-0.2231435513142097,0.05,0.25,0.6,0.36,52,0.019230769230769232,0.1386750490563073,call,18.923354181680335,0.001199753088120697,18.985085674526708,0.06173149284637347,0.06173149284637347,0.0032621855646572224,0.0006859054760708163,0.0006859054760708163
90,72.0,0.8,-0.2231435513142097,0.05,0.25,0.6,0.36,126,0.007936507936507936,0.0890870806374748,call,18.896205918401623,0.0011828584590106333,18.959565802814726,0.06335988441310292,0.06335988441310292,0.003353047944476589,0.0007039987157011435,0.0007039987157011435
90,81.0,0.9,-0.10536051565782628,0.05,0.25,0.1,0.010000000000000002,12,0.08333333333333333,0.2886751345948129,call,9.49278166795222,3.901498926410034e-05,9.492708278312548,-7.338963967207235e-05,7.338963967207235e-05,-7.731099506884997e-06,-8.154404408008039e-07,8.154404408008039e-07
90,81.0,0.9,-0.10536051565782628,0.05,0.25,0.1,0.010000000000000002,26,0.038461538461538464,0.19611613513818404,call,9.467613047615528,3.838283095809784e-05,9.467586923082697,-2.6124532830351654e-05,2.6124532830351654e-05,-2.7593578971767616e-06,-2.902725870039073e-07,2.902725870039073e-07
90,81.0,0.9,-0.10536051565782628,0.05,0.25,0.1,0.010000000000000002,52,0.019230769230769232,0.1386750490563073,call,9.45683917348713,3.812548269775905e-05,9.456825572051764,-1.3601435366439318e-05,1.3601435366439318e-05,-1.4382644260856032e-06,-1.5112705962710355e-07,1.5112705962710355e-07
90,81.0,0.9,-0.10536051565782628,0.05,0.25,0.1,0.010000000000000002,126,0.007936507936507936,0.0890870806374748,call,9.450467936630664,3.805711378219483e-05,9.45050663233671,3.8695706045643874e-05,3.8695706045643874e-05,4.094580956743597e-06,4.2995228939604307e-07,4.2995228939604307e-07
90,81.0,0.9,-0.10536051565782628,0.05,0.25,0.2,0.04000000000000001,12,0.08333333333333333,0.2886751345948129,call,9.55868689060416,0.00013940741782843697,9.562228859058605,0.003541968454443989,0.003541968454443989,0.0003705496889876803,3.9355205049377656e-05,3.9355205049377656e-05
90,81.0,0.9,-0.10536051565782628,0.05,0.25,0.2,0.04000000000000001,26,0.038461538461538464,0.19611613513818404,call,9.522828179007867,0.00013928149384618942,9.526172618658384,0.003344439650517117,0.003344439650517117,0.0003512023516175167,3.71604405613013e-05,3.71604405613013e-05
90,81.0,0.9,-0.10536051565782628,0.05,0.25,0.2,0.04000000000000001,52,0.019230769230769232,0.1386750490563073,call,9.507583621102166,0.00013904674351468326,9.51104360188104,0.0034599807788744386,0.0034599807788744386,0.00036391799607157603,3.844423087638265e-05,3.844423087638265e-05
90,81.0,0.9,-0.10536051565782628,0.05,0.25,0.2,0.04000000000000001,126,0.007936507936507936,0.0890870806374748,call,9.498585392631593,0.00013643891411657026,9.502248765558909,0.0036633729273152227,0.0036633729273152227,0.0003856756323059471,4.0704143636835805e-05,4.0704143636835805e-05
90,81.0,0.9,-0.10536051565782628,0.05,0.25,0.3,0.09,12,0.08333333333333333,0.2886751345948129,call,9.901202170445712,0.0002902207378811469,9.915585729615511,0.014383559169798943,0.014383559169798943,0.0014527083602769676,0.00015981732410887714,0.00015981732410887714
90,81.0,0.9,-0.10536051565782628,0.05,0.25,0.3,0.09,26,0.038461538461538464,0.19611613513818404,call,9.832586894258206,0.0002880329037077726,9.847465947535225,0.014879053277018883,0.014879053277018883,0.0015132389306122063,0.0001653228141890987,0.0001653228141890987
90,81.0,0.9,-0.10536051565782628,0.05,0.25,0.3,0.09,52,0.019230769230769232,0.1386750490563073,call,9.803228204442492,0.0002839910491679727,9.818813811863224,0.015585607420732117,0.015585607420732117,0.0015898443957133679,0.00017317341578591242,0.00017317341578591242
90,81.0,0.9,-0.10536051565782628,0.05,0.25,0.3,0.09,126,0.007936507936507936,0.0890870806374748,call,9.786634529129918,0.0002822581182142838,9.802142946235517,0.015508417105598582,0.015508417105598582,0.0015846527281097274,0.000172315745617762,0.000172315745617762
90,81.0,0.9,-0.10536051565782628,0.05,0.25,0.4,0.16000000000000003,12,0.08333333333333333,0.2886751345948129,call,10.48705092766764,0.0005015740259760225,10.514675604858898,0.027624677191257163,0.027624677191257163,0.0026341702144666705,0.00030694085768063513,0.00030694085768063513
90,81.0,0.9,-0.10536051565782628,0.05,0.25,0.4,0.16000000000000003,26,0.038461538461538464,0.19611613513818404,call,10.377492676206073,0.00048576920811188216,10.408993195619862,0.03150051941378962,0.03150051941378962,0.003035465347618627,0.0003500057712643291,0.0003500057712643291
90,81.0,0.9,-0.10536051565782628,0.05,0.25,0.4,0.16000000000000003,52,0.019230769230769232,0.1386750490563073,call,10.332631787973137,0.0004788492180055567,10.364231445487324,0.03159965751418703,0.03159965751418703,0.0030582390007324223,0.0003511073057131892,0.0003511073057131892
90,81.0,0.9,-0.10536051565782628,0.05,0.25,0.4,0.16000000000000003,126,0.007936507936507936,0.0890870806374748,call,10.305568801073191,0.00047620902697234244,10.33809790724865,0.03252910617545979,0.03252910617545979,0.003156459075997077,0.0003614345130606643,0.0003614345130606643
90,81.0,0.9,-0.10536051565782628,0.05,0.25,0.5,0.25,12,0.08333333333333333,0.2886751345948129,call,11.215093038760651,0.000757839811568057,11.26131921545285,0.04622617669219942,0.04622617669219942,0.004121782720164374,0.0005136241854688824,0.0005136241854688824
90,81.0,0.9,-0.10536051565782628,0.05,0.25,0.5,0.25,26,0.038461538461538464,0.19611613513818404,call,11.0697897629797,0.0007446330403196753,11.118171786733026,0.04838202375332479,0.04838202375332479,0.0043706361899597266,0.0005375780417036087,0.0005375780417036087
90,81.0,0.9,-0.10536051565782628,0.05,0.25,0.5,0.25,52,0.019230769230769232,0.1386750490563073,call,11.006485062255065,0.0007351777117293755,11.057270051732152,0.050784989477087095,0.050784989477087095,0.004614096979175112,0.0005642776608565232,0.0005642776608565232
90,81.0,0.9,-0.10536051565782628,0.05,0.25,0.5,0.25,126,0.007936507936507936,0.0890870806374748,call,10.969292107570437,0.0007263002047704268,11.021633836131553,0.05234172856111563,0.05234172856111563,0.004771659652038264,0.0005815747617901737,0.0005815747617901737
90,81.0,0.9,-0.10536051565782628,0.05,0.25,0.6,0.36,12,0.08333333333333333,0.2886751345948129,call,12.029917782168281,0.0011008140662101486,12.09648032113468,0.06656253896639797,0.06656253896639797,0.005533083448422428,0.0007395837662933107,0.0007395837662933107
90,81.0,0.9,-0.10536051565782628,0.05,0.25,0.6,0.36,26,0.038461538461538464,0.19611613513818404,call,11.846683397549297,0.001075773140631371,11.916931254213281,0.07024785666398436,0.07024785666398436,0.0059297488002858605,0.0007805317407109374,0.0007805317407109374
90,81.0,0.9,-0.10536051565782628,0.05,0.25,0.6,0.36,52,0.019230769230769232,0.1386750490563073,call,11.76756782486314,0.0010505983456157253,11.840330716297398,0.07276289143425885,0.07276289143425885,0.006183341580621406,0.000808476571491765,0.000808476571491765
90,81.0,0.9,-0.10536051565782628,0.05,0.25,0.6,0.36,126,0.007936507936507936,0.0890870806374748,call,11.721000290552784,0.0010354626830985836,11.795446178938365,0.07444588838558097,0.07444588838558097,0.0063514961641614265,0.0008271765376175663,0.0008271765376175663
90,90.0,1.0,0.0,0.05,0.25,0.1,0.010000000000000002,12,0.08333333333333333,0.2886751345948129,call,1.4206618691353232,2.8317617013865267e-05,1.4213374451061833,0.0006755759708600984,0.0006755759708600984,0.00047553607620318784,7.506399676223315e-06,7.506399676223315e-06
90,90.0,1.0,0.0,0.05,0.25,0.1,0.010000000000000002,26,0.038461538461538464,0.19611613513818404,call,1.3722146264454231,2.6852904789488977e-05,1.3729483119845258,0.0007336855391026909,0.0007336855391026909,0.0005346725832555988,8.152061545585454e-06,8.152061545585454e-06
90,90.0,1.0,0.0,0.05,0.25,0.1,0.010000000000000002,52,0.019230769230769232,0.1386750490563073,call,1.35145419251795,2.6810247885988624e-05,1.3521799168305804,0.0007257243126304047,0.0007257243126304047,0.0005369951246947393,8.063603473671163e-06,8.063603473671163e-06
90,90.0,1.0,0.0,0.05,0.25,0.1,0.010000000000000002,126,0.007936507936507936,0.0890870806374748,call,1.3392365280265104,2.6462139634024505e-05,1.3399736262213526,0.000737098194842245,0.000737098194842245,0.0005503868655139118,8.18997994269161e-06,8.18997994269161e-06
90,90.0,1.0,0.0,0.05,0.25,0.2,0.04000000000000001,12,0.08333333333333333,0.2886751345948129,call,2.4989688440477913,0.00010681398284172616,2.5010952350727984,0.0021263910250071127,0.0021263910250071127,0.0008509073772855916,2.3626566944523474e-05,2.3626566944523474e-05
90,90.0,1.0,0.0,0.05,0.25,0.2,0.04000000000000001,26,0.038461538461538464,0.19611613513818404,call,2.4165328107957285,0.00010141598925902357,2.418941743823618,0.0024089330278895815,0.0024089330278895815,0.0009968550880533485,2.676592253210646e-05,2.676592253210646e-05
90,90.0,1.0,0.0,0.05,0.25,0.2,0.04000000000000001,52,0.019230769230769232,0.1386750490563073,call,2.3812902631840456,0.00010046867825603735,2.383667735435817,0.0023774722517715396,0.0023774722517715396,0.0009983966627371999,2.6416358353017107e-05,2.6416358353017107e-05
90,90.0,1.0,0.0,0.05,0.25,0.2,0.04000000000000001,126,0.007936507936507936,0.0890870806374748,call,2.3606043946472406,9.90791604402736e-05,2.362931861753511,0.002327467106270298,0.002327467106270298,0.0009859623711401695,2.5860745625225533e-05,2.5860745625225533e-05
90,90.0,1.0,0.0,0.05,0.25,0.3,0.09,12,0.08333333333333333,0.2886751345948129,call,3.585060350322328,0.0002393160617892337,3.590328143495931,0.0052677931736031525,0.0052677931736031525,0.001469373639171662,5.853103526225725e-05,5.853103526225725e-05
90,90.0,1.0,0.0,0.05,0.25,0.3,0.09,26,0.038461538461538464,0.19611613513818404,call,3.4686996897398505,0.00022848219409967891,3.4740502691297146,0.005350579389864052,0.005350579389864052,0.0015425317463171166,5.9450882109600576e-05,5.9450882109600576e-05
90,90.0,1.0,0.0,0.05,0.25,0.3,0.09,52,0.019230769230769232,0.1386750490563073,call,3.4191632479646215,0.000225201078756936,3.4241164551870553,0.004953207222433864,0.004953207222433864,0.0014486606409864862,5.5035635804820716e-05,5.5035635804820716e-05
90,90.0,1.0,0.0,0.05,0.25,0.3,0.09,126,0.007936507936507936,0.0890870806374748,call,3.3896144090548437,0.00022439060444502258,3.3947604901987427,0.005146081143899028,0.005146081143899028,0.0015181907210897053,5.717867937665587e-05,5.717867937665587e-05
90,90.0,1.0,0.0,0.05,0.25,0.4,0.16000000000000003,12,0.08333333333333333,0.2886751345948129,call,4.672500605175495,0.00043081671665775266,4.682805154817141,0.01030454964164651,0.01030454964164651,0.002205360793368903,0.00011449499601829455,0.00011449499601829455
90,90.0,1.0,0.0,0.05,0.25,0.4,0.16000000000000003,26,0.038461538461538464,0.19611613513818404,call,4.5226040286039755,0.0004148090238675656,4.532423633336904,0.009819604732928866,0.009819604732928866,0.0021712280515435605,0.00010910671925476518,0.00010910671925476518
90,90.0,1.0,0.0,0.05,0.25,0.4,0.16000000000000003,52,0.019230769230769232,0.1386750490563073,call,4.457224998698448,0.0004056082285591146,4.46783802473586,0.010613026037412432,0.010613026037412432,0.0023810837551417165,0.0001179225115268048,0.0001179225115268048
90,90.0,1.0,0.0,0.05,0.25,0.4,0.16000000000000003,126,0.007936507936507936,0.0890870806374748,call,4.41961997450931,0.00040430980041904083,4.429866445824482,0.010246471315172201,0.010246471315172201,0.0023184055132047456,0.00011384968127969112,0.00011384968127969112
90,90.0,1.0,0.0,0.05,0.25,0.5,0.25,12,0.08333333333333333,0.2886751345948129,call,5.758597161538432,0.0006747120453350399,5.777544036101572,0.018946874563139815,0.018946874563139815,0.0032901892651365948,0.00021052082847933126,0.00021052082847933126
90,90.0,1.0,0.0,0.05,0.25,0.5,0.25,26,0.038461538461538464,0.19611613513818404,call,5.574573254683358,0.000656294963107428,5.593192074900788,0.01861882021743,0.01861882021743,0.003339954354674198,0.00020687578019366664,0.00020687578019366664
90,90.0,1.0,0.0,0.05,0.25,0.5,0.25,52,0.019230769230769232,0.1386750490563073,call,5.494440685112285,0.0006393685959766481,5.514010422118111,0.01956973700582587,0.01956973700582587,0.003561734146817155,0.00021744152228695413,0.00021744152228695413
90,90.0,1.0,0.0,0.05,0.25,0.5,0.25,126,0.007936507936507936,0.0890870806374748,call,5.448355228051678,0.000645786139729085,5.467455618629992,0.019100390578313586,0.019100390578313586,0.003505716822569194,0.00021222656198126207,0.00021222656198126207
90,90.0,1.0,0.0,0.05,0.25,0.6,0.36,12,0.08333333333333333,0.2886751345948129,call,6.844390562741417,0.0009989800217461847,6.874442958125821,0.03005239538440385,0.03005239538440385,0.004390806618780507,0.0003339155042711539,0.0003339155042711539
90,90.0,1.0,0.0,0.05,0.25,0.6,0.36,26,0.038461538461538464,0.19611613513818404,call,6.624749394532066,0.0009505105295813833,6.656320901394542,0.031571506862476006,0.031571506862476006,0.004765690742737301,0.00035079452069417785,0.00035079452069417785
90,90.0,1.0,0.0,0.05,0.25,0.6,0.36,52,0.019230769230769232,0.1386750490563073,call,6.531158845724175,0.0009462236272574933,6.56262737917792,0.03146853345374545,0.03146853345374545,0.004818215908857782,0.00034965037170828277,0.00034965037170828277
90,90.0,1.0,0.0,0.05,0.25,0.6,0.36,126,0.007936507936507936,0.0890870806374748,call,6.475422109629102,0.0009434667319320788,6.507538341672139,0.0321162320430366,0.0321162320430366,0.004959712509749599,0.00035684702270040664,0.00035684702270040664
90,99.00000000000001,1.1,0.09531017980432493,0.05,0.25,0.1,0.010000000000000002,12,0.08333333333333333,0.2886751345948129,call,0.0017712451399430691,6.745476380700483e-06,0.0016506547675665636,-0.00012059037237650556,0.00012059037237650556,-0.06808226013276826,-1.3398930264056174e-06,1.3398930264056174e-06
90,99.00000000000001,1.1,0.09531017980432493,0.05,0.25,0.1,0.010000000000000002,26,0.038461538461538464,0.19611613513818404,call,0.001213585452049329,6.339950556560664e-06,0.001117764403112082,-9.582104893724711e-05,9.582104893724711e-05,-0.07895698549734446,-1.064678321524968e-06,1.064678321524968e-06
90,99.00000000000001,1.1,0.09531017980432493,0.05,0.25,0.1,0.010000000000000002,52,0.019230769230769232,0.1386750490563073,call,0.0010275800882474293,5.675114178129633e-06,0.0009354647753754557,-9.211531287197359e-05,9.211531287197359e-05,-0.08964295233579234,-1.023503476355262e-06,1.023503476355262e-06
90,99.00000000000001,1.1,0.09531017980432493,0.05,0.25,0.1,0.010000000000000002,126,0.007936507936507936,0.0890870806374748,call,0.0009355700869979833,5.838963664204401e-06,0.0008398084741672404,-9.576161283074295e-05,9.576161283074295e-05,-0.10235642862205936,-1.0640179203415884e-06,1.0640179203415884e-06
90,99.00000000000001,1.1,0.09531017980432493,0.05,0.25,0.2,0.04000000000000001,12,0.08333333333333333,0.2886751345948129,call,0.1975578336528718,7.702087770103104e-05,0.19234124870798952,-0.00521658494488228,0.00521658494488228,-0.02640535608447865,-5.7962054943136444e-05,5.7962054943136444e-05
90,99.00000000000001,1.1,0.09531017980432493,0.05,0.25,0.2,0.04000000000000001,26,0.038461538461538464,0.19611613513818404,call,0.17115823163455873,7.353712551642323e-05,0.16588519517254546,-0.00527303646201327,0.00527303646201327,-0.030807962968861298,-5.858929402236966e-05,5.858929402236966e-05
90,99.00000000000001,1.1,0.09531017980432493,0.05,0.25,0.2,0.04000000000000001,52,0.019230769230769232,0.1386750490563073,call,0.16054449287994474,7.234856235559093e-05,0.1551515526865748,-0.005392940193369944,0.005392940193369944,-0.0335915614209376,-5.992155770411049e-05,5.992155770411049e-05
90,99.00000000000001,1.1,0.09531017980432493,0.05,0.25,0.2,0.04000000000000001,126,0.007936507936507936,0.0890870806374748,call,0.15450351703819065,7.298241236113019e-05,0.14901907678503837,-0.005484440253152284,0.005484440253152284,-0.03549718710802307,-6.0938225035025375e-05,6.0938225035025375e-05
90,99.00000000000001,1.1,0.09531017980432493,0.05,0.25,0.3,0.09,12,0.08333333333333333,0.2886751345948129,call,0.7869308611610928,0.00020254292031935135,0.7741042962131045,-0.012826564947988284,0.012826564947988284,-0.016299481417037163,-0.00014251738831098094,0.00014251738831098094
90,99.00000000000001,1.1,0.09531017980432493,0.05,0.25,0.3,0.09,26,0.038461538461538464,0.19611613513818404,call,0.7166770133377258,0.00019507921073195749,0.7027918170617474,-0.013885196275978395,0.013885196275978395,-0.019374412765538435,-0.00015427995862198217,0.00015427995862198217
90,99.00000000000001,1.1,0.09531017980432493,0.05,0.25,0.3,0.09,52,0.019230769230769232,0.1386750490563073,call,0.686931442553394,0.00019049582187871173,0.6729332919279795,-0.01399815062541454,0.01399815062541454,-0.020377798653941348,-0.00015553500694905046,0.00015553500694905046
90,99.00000000000001,1.1,0.09531017980432493,0.05,0.25,0.3,0.09,126,0.007936507936507936,0.0890870806374748,call,0.6702774098118113,0.0001900002317241879,0.6556018833245257,-0.01467552648728554,0.01467552648728554,-0.021894705494260765,-0.00016306140541428378,0.00016306140541428378
90,99.00000000000001,1.1,0.09531017980432493,0.05,0.25,0.4,0.16000000000000003,12,0.08333333333333333,0.2886751345948129,call,1.6055389313403259,0.0003793552384679223,1.5881258913301988,-0.017413040010127112,0.017413040010127112,-0.010845604345196705,-0.0001934782223347457,0.0001934782223347457
90,99.00000000000001,1.1,0.09531017980432493,0.05,0.25,0.4,0.16000000000000003,26,0.038461538461538464,0.19611613513818404,call,1.4923960692800482,0.0003701435394373948,1.4720359059487123,-0.020360163331335945,0.020360163331335945,-0.013642600480151331,-0.00022622403701484385,0.00022622403701484385
90,99.00000000000001,1.1,0.09531017980432493,0.05,0.25,0.4,0.16000000000000003,52,0.019230769230769232,0.1386750490563073,call,1.443647281889529,0.0003613625582174034,1.4228854222309648,-0.02076185965856414,0.02076185965856414,-0.014381532053584322,-0.00023068732953960156,0.00023068732953960156
90,99.00000000000001,1.1,0.09531017980432493,0.05,0.25,0.4,0.16000000000000003,126,0.007936507936507936,0.0890870806374748,call,1.4155706315411534,0.0003580185530045889,1.3941958452436456,-0.021374786297507775,0.021374786297507775,-0.015099766709794423,-0.00023749762552786416,0.00023749762552786416
90,99.00000000000001,1.1,0.09531017980432493,0.05,0.25,0.5,0.25,12,0.08333333333333333,0.2886751345948129,call,2.5421619400959576,0.0006260857055870623,2.5230566551591087,-0.019105284936848932,0.019105284936848932,-0.007515368960376999,-0.00021228094374276592,0.00021228094374276592
90,99.00000000000001,1.1,0.09531017980432493,0.05,0.25,0.5,0.25,26,0.038461538461538464,0.19611613513818404,call,2.385765064874929,0.0005955292840328711,2.364495309164052,-0.021269755710877192,0.021269755710877192,-0.008915276706842144,-0.00023633061900974657,0.00023633061900974657
90,99.00000000000001,1.1,0.09531017980432493,0.05,0.25,0.5,0.25,52,0.019230769230769232,0.1386750490563073,call,2.319406978860251,0.0005808899466257489,2.2970124153866482,-0.02239456347360269,0.02239456347360269,-0.00965529709866067,-0.0002488284830400299,0.0002488284830400299
90,99.00000000000001,1.1,0.09531017980432493,0.05,0.25,0.5,0.25,126,0.007936507936507936,0.0890870806374748,call,2.281196831000169,0.0005748572300255014,2.25751860423241,-0.023678226767759103,0.023678226767759103,-0.010379738585458936,-0.0002630914085306567,0.0002630914085306567
90,99.00000000000001,1.1,0.09531017980432493,0.05,0.25,0.6,0.36,12,0.08333333333333333,0.2886751345948129,call,3.5427842927744724,0.0009432267526439194,3.5263545619885712,-0.016429730785901153,0.016429730785901153,-0.004637519371249804,-0.0001825525642877906,0.0001825525642877906
90,99.00000000000001,1.1,0.09531017980432493,0.05,0.25,0.6,0.36,26,0.038461538461538464,0.19611613513818404,call,3.347031697318525,0.000892952639708794,3.3272652563966787,-0.019766440921846318,0.019766440921846318,-0.005905662900558189,-0.00021962712135384797,0.00021962712135384797
90,99.00000000000001,1.1,0.09531017980432493,0.05,0.25,0.6,0.36,52,0.019230769230769232,0.1386750490563073,call,3.2639401764078695,0.0008704865550953579,3.2422897413587135,-0.02165043504915598,0.02165043504915598,-0.006633220549092102,-0.00024056038943506646,0.00024056038943506646
90,99.00000000000001,1.1,0.09531017980432493,0.05,0.25,0.6,0.36,126,0.007936507936507936,0.0890870806374748,call,3.2167010958929976,0.0008813454942719769,3.1924865130195914,-0.024214582873406165,0.024214582873406165,-0.007527769025329313,-0.00026905092081562406,0.00026905092081562406
90,108.0,1.2,0.1823215567939546,0.05,0.25,0.1,0.010000000000000002,12,0.08333333333333333,0.2886751345948129,call,0.0,0.0,2.7082366348563937e-09,2.7082366348563937e-09,2.7082366348563937e-09,2708.2366348563937,3.009151816507104e-11,3.009151816507104e-11
90,108.0,1.2,0.1823215567939546,0.05,0.25,0.1,0.010000000000000002,26,0.038461538461538464,0.19611613513818404,call,0.0,0.0,7.938169599501269e-10,7.938169599501269e-10,7.938169599501269e-10,793.8169599501268,8.820188443890299e-12,8.820188443890299e-12
90,108.0,1.2,0.1823215567939546,0.05,0.25,0.1,0.010000000000000002,52,0.019230769230769232,0.1386750490563073,call,0.0,0.0,4.5186445742603535e-10,4.5186445742603535e-10,4.5186445742603535e-10,451.86445742603536,5.020716193622615e-12,5.020716193622615e-12
90,108.0,1.2,0.1823215567939546,0.05,0.25,0.1,0.010000000000000002,126,0.007936507936507936,0.0890870806374748,call,0.0,0.0,3.209034436583126e-10,3.209034436583126e-10,3.209034436583126e-10,320.90344365831265,3.565593818425696e-12,3.565593818425696e-12
90,108.0,1.2,0.1823215567939546,0.05,0.25,0.2,0.04000000000000001,12,0.08333333333333333,0.2886751345948129,call,0.004303275097637956,2.8244284321309893e-05,0.003762821753871309,-0.0005404533437666473,0.0005404533437666473,-0.12559116754197264,-6.005037152962748e-06,6.005037152962748e-06
90,108.0,1.2,0.1823215567939546,0.05,0.25,0.2,0.04000000000000001,26,0.038461538461538464,0.19611613513818404,call,0.0030623604905976208,2.462024456679968e-05,0.002604506389985352,-0.0004578541006122687,0.0004578541006122687,-0.14951019059252502,-5.0872677845807635e-06,5.0872677845807635e-06
90,108.0,1.2,0.1823215567939546,0.05,0.25,0.2,0.04000000000000001,52,0.019230769230769232,0.1386750490563073,call,0.002669778440888797,2.613042694188112e-05,0.002202012124570688,-0.00046776631631810896,0.00046776631631810896,-0.17520791581581005,-5.197403514645655e-06,5.197403514645655e-06
90,108.0,1.2,0.1823215567939546,0.05,0.25,0.2,0.04000000000000001,126,0.007936507936507936,0.0890870806374748,call,0.002409335800441676,2.4838205127806165e-05,0.0019891583195293244,-0.0004201774809123515,0.0004201774809123515,-0.17439556612877505,-4.668638676803905e-06,4.668638676803905e-06
90,108.0,1.2,0.1823215567939546,0.05,0.25,0.3,0.09,12,0.08333333333333333,0.2886751345948129,call,0.10628439553993874,0.00014489942942304246,0.09847623445505968,-0.007808161084879056,0.007808161084879056,-0.07346479269334476,-8.675734538754507e-05,8.675734538754507e-05
90,108.0,1.2,0.1823215567939546,0.05,0.25,0.3,0.09,26,0.038461538461538464,0.19611613513818404,call,0.08798165165591104,0.00014049958431660358,0.08044150435909073,-0.007540147296820315,0.007540147296820315,-0.08570136107820762,-8.377941440911462e-05,8.377941440911462e-05
90,108.0,1.2,0.1823215567939546,0.05,0.25,0.3,0.09,52,0.019230769230769232,0.1386750490563073,call,0.080847970186485,0.00013704855963426283,0.07338772596894412,-0.007460244217540879,0.007460244217540879,-0.09227497239983862,-8.289160241712088e-05,8.289160241712088e-05
90,108.0,1.2,0.1823215567939546,0.05,0.25,0.3,0.09,126,0.007936507936507936,0.0890870806374748,call,0.07680892203105734,0.00013603721411456471,0.06943094532339901,-0.007377976707658329,0.007377976707658329,-0.09605624597458974,-8.197751897398143e-05,8.197751897398143e-05
90,108.0,1.2,0.1823215567939546,0.05,0.25,0.4,0.16000000000000003,12,0.08333333333333333,0.2886751345948129,call,0.434572197139497,0.0003224546901054463,0.4145218066165009,-0.02005039052299612,0.02005039052299612,-0.04613822663984179,-0.00022278211692217911,0.00022278211692217911
90,108.0,1.2,0.1823215567939546,0.05,0.25,0.4,0.16000000000000003,26,0.038461538461538464,0.19611613513818404,call,0.3814530432743606,0.00031368356476917005,0.36012292945461505,-0.021330113819745533,0.021330113819745533,-0.05591805910538725,-0.00023700126466383927,0.00023700126466383927
90,108.0,1.2,0.1823215567939546,0.05,0.25,0.4,0.16000000000000003,52,0.019230769230769232,0.1386750490563073,call,0.3590260027267462,0.00030588139489654025,0.33795316113369106,-0.021072841593055114,0.021072841593055114,-0.058694471801513506,-0.00023414268436727906,0.00023414268436727906
90,108.0,1.2,0.1823215567939546,0.05,0.25,0.4,0.16000000000000003,126,0.007936507936507936,0.0890870806374748,call,0.34764118475137423,0.00030192583326315843,0.3252581614911878,-0.02238302326018643,0.02238302326018643,-0.06438541876502436,-0.0002487002584465159,0.0002487002584465159
90,108.0,1.2,0.1823215567939546,0.05,0.25,0.5,0.25,12,0.08333333333333333,0.2886751345948129,call,0.9831075712440374,0.0005703479322850363,0.949497935338018,-0.0336096359060194,0.0336096359060194,-0.03418713972824898,-0.0003734403989557711,0.0003734403989557711
90,108.0,1.2,0.1823215567939546,0.05,0.25,0.5,0.25,26,0.038461538461538464,0.19611613513818404,call,0.8872918289632618,0.0005434624571468233,0.8505248221346989,-0.03676700682856282,0.03676700682856282,-0.04143733282377061,-0.00040852229809514246,0.00040852229809514246
90,108.0,1.2,0.1823215567939546,0.05,0.25,0.5,0.25,52,0.019230769230769232,0.1386750490563073,call,0.8459485920349682,0.0005261834933139205,0.8094141616017214,-0.03653443043324678,0.03653443043324678,-0.043187530279306365,-0.0004059381159249642,0.0004059381159249642
90,108.0,1.2,0.1823215567939546,0.05,0.25,0.5,0.25,126,0.007936507936507936,0.0890870806374748,call,0.8227699204537895,0.0005259825598425673,0.7856469629389741,-0.037122957514815424,0.037122957514815424,-0.04511948795398436,-0.00041247730572017136,0.00041247730572017136
90,108.0,1.2,0.1823215567939546,0.05,0.25,0.6,0.36,12,0.08333333333333333,0.2886751345948129,call,1.6908554396392368,0.0008630459643294263,1.6503014344311837,-0.04055400520805308,0.04055400520805308,-0.023984312471269417,-0.00045060005786725645,0.00045060005786725645
90,108.0,1.2,0.1823215567939546,0.05,0.25,0.6,0.36,26,0.038461538461538464,0.19611613513818404,call,1.5522975891750599,0.0008398303215710928,1.504995145016403,-0.04730244415865692,0.04730244415865692,-0.03047253599343341,-0.0005255827128739658,0.0005255827128739658
90,108.0,1.2,0.1823215567939546,0.05,0.25,0.6,0.36,52,0.019230769230769232,0.1386750490563073,call,1.4931082113984542,0.0008152254536261658,1.4440097425925076,-0.04909846880594659,0.04909846880594659,-0.032883396147129,-0.0005455385422882955,0.0005455385422882955
90,108.0,1.2,0.1823215567939546,0.05,0.25,0.6,0.36,126,0.007936507936507936,0.0890870806374748,call,1.4583526018158166,0.0008063858553835287,1.4085681036856803,-0.0497844981301363,0.0497844981301363,-0.03413749052742723,-0.0005531610903348478,0.0005531610903348478
90,117.0,1.3,0.26236426446749106,0.05,0.25,0.1,0.010000000000000002,12,0.08333333333333333,0.2886751345948129,call,0.0,0.0,4.967494625616797e-15,4.967494625616797e-15,4.967494625616797e-15,0.0049674946256167965,5.519438472907552e-17,5.519438472907552e-17
90,117.0,1.3,0.26236426446749106,0.05,0.25,0.1,0.010000000000000002,26,0.038461538461538464,0.19611613513818404,call,0.0,0.0,0.0,0.0,0.0,0.0,0.0,0.0
90,117.0,1.3,0.26236426446749106,0.05,0.25,0.1,0.010000000000000002,52,0.019230769230769232,0.1386750490563073,call,0.0,0.0,0.0,0.0,0.0,0.0,0.0,0.0
90,117.0,1.3,0.26236426446749106,0.05,0.25,0.1,0.010000000000000002,126,0.007936507936507936,0.0890870806374748,call,0.0,0.0,0.0,0.0,0.0,0.0,0.0,0.0
90,117.0,1.3,0.26236426446749106,0.05,0.25,0.2,0.04000000000000001,12,0.08333333333333333,0.2886751345948129,call,3.97681168029657e-05,5.030831789379883e-06,2.1694396287985774e-05,-1.8073720514979926e-05,1.8073720514979926e-05,-0.4544776561718427,-2.0081911683311028e-07,2.0081911683311028e-07
90,117.0,1.3,0.26236426446749106,0.05,0.25,0.2,0.04000000000000001,26,0.038461538461538464,0.19611613513818404,call,2.0956010677047338e-05,6.992547482753671e-06,1.0986267110028451e-05,-9.969743567018886e-06,9.969743567018886e-06,-0.47574625345741633,-1.1077492852243207e-07,1.1077492852243207e-07
90,117.0,1.3,0.26236426446749106,0.05,0.25,0.2,0.04000000000000001,52,0.019230769230769232,0.1386750490563073,call,1.1382175973343651e-05,3.7421067659757045e-07,8.045022723187384e-06,-3.337153250156267e-06,3.337153250156267e-06,-0.2931911488604352,-3.707948055729185e-08,3.707948055729185e-08
90,117.0,1.3,0.26236426446749106,0.05,0.25,0.2,0.04000000000000001,126,0.007936507936507936,0.0890870806374748,call,1.1143681855729735e-06,1.1143681855729737e-06,6.6593706933766125e-06,5.545002507803639e-06,5.545002507803639e-06,4.975916020926755,6.161113897559598e-08,6.161113897559598e-08
90,117.0,1.3,0.26236426446749106,0.05,0.25,0.3,0.09,12,0.08333333333333333,0.2886751345948129,call,0.009501389470788142,7.605963321066887e-05,0.00782684463448706,-0.0016745448363010822,0.0016745448363010822,-0.17624210032116266,-1.8606053736678692e-05,1.8606053736678692e-05
90,117.0,1.3,0.26236426446749106,0.05,0.25,0.3,0.09,26,0.038461538461538464,0.19611613513818404,call,0.00691359784948696,6.797150598947928e-05,0.005540301870193509,-0.0013732959792934502,0.0013732959792934502,-0.1986369484009486,-1.525884421437167e-05,1.525884421437167e-05
90,117.0,1.3,0.26236426446749106,0.05,0.25,0.3,0.09,52,0.019230769230769232,0.1386750490563073,call,0.006012922107799299,6.707474916000747e-05,0.00473278482475216,-0.0012801372830471393,0.0012801372830471393,-0.21289769933767916,-1.422374758941266e-05,1.422374758941266e-05
90,117.0,1.3,0.26236426446749106,0.05,0.25,0.3,0.09,126,0.007936507936507936,0.0890870806374748,call,0.005429702703957935,6.420768540559085e-05,0.004302281283670599,-0.0011274214202873362,0.0011274214202873362,-0.20763962260134647,-1.252690466985929e-05,1.252690466985929e-05
90,117.0,1.3,0.26236426446749106,0.05,0.25,0.4,0.16000000000000003,12,0.08333333333333333,0.2886751345948129,call,0.09641442138840575,0.00023792147695523685,0.08589674698969267,-0.010517674398713081,0.010517674398713081,-0.10908818667637492,-0.0001168630488745898,0.0001168630488745898
90,117.0,1.3,0.26236426446749106,0.05,0.25,0.4,0.16000000000000003,26,0.038461538461538464,0.19611613513818404,call,0.07880249026991852,0.00022877357284086303,0.06860666881640444,-0.010195821453514081,0.010195821453514081,-0.12938450826351813,-0.00011328690503904535,0.00011328690503904535
90,117.0,1.3,0.26236426446749106,0.05,0.25,0.4,0.16000000000000003,52,0.019230769230769232,0.1386750490563073,call,0.07189707963870838,0.00022989565964015018,0.06194957180782555,-0.009947507830882829,0.009947507830882829,-0.1383576061902691,-0.000110527864787587,0.000110527864787587
90,117.0,1.3,0.26236426446749106,0.05,0.25,0.4,0.16000000000000003,126,0.007936507936507936,0.0890870806374748,call,0.06793174735585462,0.00022412398395563708,0.05824449842447145,-0.009687248931383174,0.009687248931383174,-0.14260267560375495,-0.00010763609923759083,0.00010763609923759083
90,117.0,1.3,0.26236426446749106,0.05,0.25,0.5,0.25,12,0.08333333333333333,0.2886751345948129,call,0.34054279088431166,0.00047495299447475423,0.31397791763568433,-0.02656487324862733,0.02656487324862733,-0.07800744564183677,-0.00029516525831808145,0.00029516525831808145
90,117.0,1.3,0.26236426446749106,0.05,0.25,0.5,0.25,26,0.038461538461538464,0.19611613513818404,call,0.2931581063351047,0.0004594712552402628,0.26580050053558896,-0.02735760579951574,0.02735760579951574,-0.09332031149172339,-0.0003039733977723971,0.0003039733977723971
90,117.0,1.3,0.26236426446749106,0.05,0.25,0.5,0.25,52,0.019230769230769232,0.1386750490563073,call,0.27367065076182207,0.0004674076689991999,0.24649891722794318,-0.02717173353387889,0.02717173353387889,-0.09928625323263722,-0.0003019081503764321,0.0003019081503764321
90,117.0,1.3,0.26236426446749106,0.05,0.25,0.5,0.25,126,0.007936507936507936,0.0890870806374748,call,0.26203800405020267,0.00044327265633248633,0.23554059717535214,-0.026497406874850526,0.026497406874850526,-0.10112047285238064,-0.0002944156319427836,0.0002944156319427836
90,117.0,1.3,0.26236426446749106,0.05,0.25,0.6,0.36,12,0.08333333333333333,0.2886751345948129,call,0.7585132005133919,0.0007842337520005356,0.7139560847029779,-0.044557115810413994,0.044557115810413994,-0.058742703199174344,-0.0004950790645601554,0.0004950790645601554
90,117.0,1.3,0.26236426446749106,0.05,0.25,0.6,0.36,26,0.038461538461538464,0.19611613513818404,call,0.6708717555381458,0.0007449318991989537,0.6247583064024338,-0.046113449135712026,0.046113449135712026,-0.06873660838310551,-0.000512371657063467,0.000512371657063467
90,117.0,1.3,0.26236426446749106,0.05,0.25,0.6,0.36,52,0.019230769230769232,0.1386750490563073,call,0.6368588463161333,0.0007515589004603749,0.5882437211612581,-0.048615125154875205,0.048615125154875205,-0.07633579314487988,-0.0005401680572763911,0.0005401680572763911
90,117.0,1.3,0.26236426446749106,0.05,0.25,0.6,0.36,126,0.007936507936507936,0.0890870806374748,call,0.6156251287045083,0.000732782708092635,0.567287455518734,-0.0483376731857742,0.0483376731857742,-0.07851803139922774,-0.0005370852576197133,0.0005370852576197133
90,62.99999999999999,0.7,-0.35667494393873245,0.05,0.5,0.1,0.010000000000000002,12,0.08333333333333333,0.2886751345948129,call,27.532473115844777,7.927930015655499e-05,27.532412218660905,-6.089718387158882e-05,6.089718387158882e-05,-2.211831229812147e-06,-6.76635376350987e-07,6.76635376350987e-07
90,62.99999999999999,0.7,-0.35667494393873245,0.05,0.5,0.1,0.010000000000000002,26,0.038461538461538464,0.19611613513818404,call,27.482431359264794,7.780462066421821e-05,27.482531932995958,0.00010057373116367785,0.00010057373116367785,3.659564535936619e-06,1.1174859018186428e-06,1.1174859018186428e-06
90,62.99999999999999,0.7,-0.35667494393873245,0.05,0.5,0.1,0.010000000000000002,52,0.019230769230769232,0.1386750490563073,call,27.461113856313776,7.759596064227911e-05,27.461160374553668,4.65182398912134e-05,4.65182398912134e-05,1.6939677004586638e-06,5.168693321245933e-07,5.168693321245933e-07
90,62.99999999999999,0.7,-0.35667494393873245,0.05,0.5,0.1,0.010000000000000002,126,0.007936507936507936,0.0890870806374748,call,27.44836334530779,7.660617661849232e-05,27.448610420375573,0.00024707506778298693,0.00024707506778298693,9.001449910681965e-06,2.745278530922077e-06,2.745278530922077e-06
90,62.99999999999999,0.7,-0.35667494393873245,0.05,0.5,0.2,0.04000000000000001,12,0.08333333333333333,0.2886751345948129,call,27.53222009082753,0.00030722081085420835,27.5324267021,0.00020661127247123545,0.00020661127247123545,7.504344792742262e-06,2.2956808052359495e-06,2.2956808052359495e-06
90,62.99999999999999,0.7,-0.35667494393873245,0.05,0.5,0.2,0.04000000000000001,26,0.038461538461538464,0.19611613513818404,call,27.48241332437052,0.0003058773193874759,27.482539493866263,0.0001261694957435111,0.0001261694957435111,4.590917626278041e-06,1.4018832860390122e-06,1.4018832860390122e-06
90,62.99999999999999,0.7,-0.35667494393873245,0.05,0.5,0.2,0.04000000000000001,52,0.019230769230769232,0.1386750490563073,call,27.461336862407588,0.0003050180980443742,27.461165991312097,-0.00017087109549152046,0.00017087109549152046,-6.222242432975999e-06,-1.8985677276835607e-06,1.8985677276835607e-06
90,62.99999999999999,0.7,-0.35667494393873245,0.05,0.5,0.2,0.04000000000000001,126,0.007936507936507936,0.0890870806374748,call,27.449067519838945,0.00030725449210525853,27.448615111013826,-0.00045240882511876634,0.00045240882511876634,-1.6481755702330716e-05,-5.026764723541849e-06,5.026764723541849e-06
90,62.99999999999999,0.7,-0.35667494393873245,0.05,0.5,0.3,0.09,12,0.08333333333333333,0.2886751345948129,call,27.537253867737885,0.0006896786836267575,27.538974479874742,0.001720612136857369,0.001720612136857369,6.248306912234284e-05,1.9117912631748544e-05,1.9117912631748544e-05
90,62.99999999999999,0.7,-0.35667494393873245,0.05,0.5,0.3,0.09,26,0.038461538461538464,0.19611613513818404,call,27.48489857584401,0.000677469096309742,27.487252166581534,0.0023535907375240583,0.0023535907375240583,8.563214199351594e-05,2.615100819471176e-05,2.615100819471176e-05
90,62.99999999999999,0.7,-0.35667494393873245,0.05,0.5,0.3,0.09,52,0.019230769230769232,0.1386750490563073,call,27.464500076381075,0.0006818386232828598,27.46522302269659,0.0007229463155162819,0.0007229463155162819,2.6322937373908413e-05,8.032736839069798e-06,8.032736839069798e-06
90,62.99999999999999,0.7,-0.35667494393873245,0.05,0.5,0.3,0.09,126,0.007936507936507936,0.0890870806374748,call,27.450602871056734,0.0006745005177567978,27.452320575479103,0.0017177044223686266,0.0017177044223686266,6.257437880097467e-05,1.908560469298474e-05,1.908560469298474e-05
90,62.99999999999999,0.7,-0.35667494393873245,0.05,0.5,0.4,0.16000000000000003,12,0.08333333333333333,0.2886751345948129,call,27.59511733902265,0.001195643390153762,27.61063723258856,0.01551989356590866,0.01551989356590866,0.0005624144798964763,0.00017244326184342955,0.00017244326184342955
90,62.99999999999999,0.7,-0.35667494393873245,0.05,0.5,0.4,0.16000000000000003,26,0.038461538461538464,0.19611613513818404,call,27.529542594725637,0.0011847521667382066,27.54569007464974,0.016147479924104147,0.016147479924104147,0.000586550970418151,0.0001794164436011572,0.0001794164436011572
90,62.99999999999999,0.7,-0.35667494393873245,0.05,0.5,0.4,0.16000000000000003,52,0.019230769230769232,0.1386750490563073,call,27.503964150744444,0.0011804507477958309,27.51847774648735,0.014513595742904783,0.014513595742904783,0.0005276910507648385,0.00016126217492116427,0.00016126217492116427
90,62.99999999999999,0.7,-0.35667494393873245,0.05,0.5,0.4,0.16000000000000003,126,0.007936507936507936,0.0890870806374748,call,27.48733304004051,0.0011765339211401537,27.50266578727162,0.015332747231109778,0.015332747231109778,0.0005578113820200281,0.00017036385812344197,0.00017036385812344197
90,62.99999999999999,0.7,-0.35667494393873245,0.05,0.5,0.5,0.25,12,0.08333333333333333,0.2886751345948129,call,27.774420023050915,0.001831215569341623,27.83011187744877,0.05569185439785329,0.05569185439785329,0.0020051491390867125,0.0006187983821983699,0.0006187983821983699
90,62.99999999999999,0.7,-0.35667494393873245,0.05,0.5,0.5,0.25,26,0.038461538461538464,0.19611613513818404,call,27.684397658787677,0.001832214696086297,27.736655463383567,0.05225780459588947,0.05225780459588947,0.001887626570025865,0.0005806422732876608,0.0005806422732876608
90,62.99999999999999,0.7,-0.35667494393873245,0.05,0.5,0.5,0.25,52,0.019230769230769232,0.1386750490563073,call,27.64972669754024,0.0018135154493778842,27.697739427819005,0.04801273027876718,0.04801273027876718,0.0017364631051864417,0.0005334747808751909,0.0005334747808751909
90,62.99999999999999,0.7,-0.35667494393873245,0.05,0.5,0.5,0.25,126,0.007936507936507936,0.0890870806374748,call,27.62676744375956,0.0018256000863511826,27.6752037690166,0.04843632525703967,0.04843632525703967,0.0017532389685345055,0.0005381813917448852,0.0005381813917448852
90,62.99999999999999,0.7,-0.35667494393873245,0.05,0.5,0.6,0.36,12,0.08333333333333333,0.2886751345948129,call,28.1189012069532,0.0026423764287696687,28.22538704059364,0.10648583364043773,0.10648583364043773,0.00378698416615604,0.001183175929338197,0.001183175929338197
90,62.99999999999999,0.7,-0.35667494393873245,0.05,0.5,0.6,0.36,26,0.038461538461538464,0.19611613513818404,call,27.989753153862562,0.002588594147932756,28.093154783270815,0.10340162940825337,0.10340162940825337,0.0036942672855971234,0.0011489069934250374,0.0011489069934250374
90,62.99999999999999,0.7,-0.35667494393873245,0.05,0.5,0.6,0.36,52,0.019230769230769232,0.1386750490563073,call,27.930114085956653,0.0025730325675983852,28.037939932293774,0.10782584633712133,0.10782584633712133,0.0038605587505042274,0.0011980649593013482,0.0011980649593013482
90,62.99999999999999,0.7,-0.35667494393873245,0.05,0.5,0.6,0.36,126,0.007936507936507936,0.0890870806374748,call,27.901287867932737,0.0025785861702668036,28.005928562595706,0.10464069466296877,0.10464069466296877,0.003750389414218886,0.0011626743851440974,0.0011626743851440974
90,72.0,0.8,-0.2231435513142097,0.05,0.5,0.1,0.010000000000000002,12,0.08333333333333333,0.2886751345948129,call,18.754700100332634,7.885819134596534e-05,18.754623026054997,-7.707427763747887e-05,7.707427763747887e-05,-4.10959797944793e-06,-8.563808626386542e-07,8.563808626386542e-07
90,72.0,0.8,-0.2231435513142097,0.05,0.5,0.1,0.010000000000000002,26,0.038461538461538464,0.19611613513818404,call,18.70462187750926,7.761576384284714e-05,18.704742730585643,0.00012085307638187714,0.00012085307638187714,6.461134428341095e-06,1.342811959798635e-06,1.342811959798635e-06
90,72.0,0.8,-0.2231435513142097,0.05,0.5,0.1,0.010000000000000002,52,0.019230769230769232,0.1386750490563073,call,18.683241050390336,7.755975776476932e-05,18.683371170021903,0.00013011963156728257,0.00013011963156728257,6.96451066580678e-06,1.4457736840809175e-06,1.4457736840809175e-06
90,72.0,0.8,-0.2231435513142097,0.05,0.5,0.1,0.010000000000000002,126,0.007936507936507936,0.0890870806374748,call,18.67081658351418,7.749236493341669e-05,18.67082121495275,4.631438567770374e-06,4.631438567770374e-06,2.4805763299393165e-07,5.1460428530781936e-08,5.1460428530781936e-08
90,72.0,0.8,-0.2231435513142097,0.05,0.5,0.2,0.04000000000000001,12,0.08333333333333333,0.2886751345948129,call,18.76012844047562,0.00030348631505148225,18.76145689915659,0.001328458680973199,0.001328458680973199,7.081287770434471e-05,1.4760652010813324e-05,1.4760652010813324e-05
90,72.0,0.8,-0.2231435513142097,0.05,0.5,0.2,0.04000000000000001,26,0.038461538461538464,0.19611613513818404,call,18.708969722016,0.00030252741417289224,18.70979624515088,0.0008265231348794089,0.0008265231348794089,4.417790755772019e-05,9.183590387548987e-06,9.183590387548987e-06
90,72.0,0.8,-0.2231435513142097,0.05,0.5,0.2,0.04000000000000001,52,0.019230769230769232,0.1386750490563073,call,18.686645388006625,0.0002984396823414229,18.68777631414475,0.0011309261381242663,0.0011309261381242663,6.05205543660668e-05,1.2565845979158516e-05,1.2565845979158516e-05
90,72.0,0.8,-0.2231435513142097,0.05,0.5,0.2,0.04000000000000001,126,0.007936507936507936,0.0890870806374748,call,18.674293120170663,0.0003011367749742485,18.67487534182153,0.0005822216508661882,0.0005822216508661882,3.1177707617607925e-05,6.469129454068757e-06,6.469129454068757e-06
90,72.0,0.8,-0.2231435513142097,0.05,0.5,0.3,0.09,12,0.08333333333333333,0.2886751345948129,call,18.881974741958285,0.0006496066889627099,18.89766896053776,0.01569421857947617,0.01569421857947617,0.0008311746411036929,0.00017438020643862414,0.00017438020643862414
90,72.0,0.8,-0.2231435513142097,0.05,0.5,0.3,0.09,26,0.038461538461538464,0.19611613513818404,call,18.809749029661496,0.0006361240412601744,18.825496618478695,0.015747588817198732,0.015747588817198732,0.0008372035582381254,0.00017497320907998592,0.00017497320907998592
90,72.0,0.8,-0.2231435513142097,0.05,0.5,0.3,0.09,52,0.019230769230769232,0.1386750490563073,call,18.77920821421243,0.0006290676298131536,18.795215778247115,0.016007564034683952,0.016007564034683952,0.0008524088903050315,0.00017786182260759947,0.00017786182260759947
90,72.0,0.8,-0.2231435513142097,0.05,0.5,0.3,0.09,126,0.007936507936507936,0.0890870806374748,call,18.762605495070073,0.0006394901337052591,18.77761362714782,0.015008132077745984,0.015008132077745984,0.0007998959463113699,0.0001667570230860665,0.0001667570230860665
90,72.0,0.8,-0.2231435513142097,0.05,0.5,0.4,0.16000000000000003,12,0.08333333333333333,0.2886751345948129,call,19.26232067544721,0.0011078855051595655,19.30888430261751,0.04656362717030049,0.04656362717030049,0.0024173425390873592,0.0005173736352255611,0.0005173736352255611
90,72.0,0.8,-0.2231435513142097,0.05,0.5,0.4,0.16000000000000003,26,0.038461538461538464,0.19611613513818404,call,19.1470907427882,0.001077558460845344,19.196417262937818,0.04932652014961647,0.04932652014961647,0.002576188769993448,0.0005480724461068496,0.0005480724461068496
90,72.0,0.8,-0.2231435513142097,0.05,0.5,0.4,0.16000000000000003,52,0.019230769230769232,0.1386750490563073,call,19.09976773787241,0.0010810631877199615,19.14921337639818,0.04944563852577133,0.04944563852577133,0.002588808366906312,0.0005493959836196814,0.0005493959836196814
90,72.0,0.8,-0.2231435513142097,0.05,0.5,0.4,0.16000000000000003,126,0.007936507936507936,0.0890870806374748,call,19.070178395660875,0.00106657439438799,19.121776309233955,0.051597913573079524,0.051597913573079524,0.0027056859407681173,0.0005733101508119947,0.0005733101508119947
90,72.0,0.8,-0.2231435513142097,0.05,0.5,0.5,0.25,12,0.08333333333333333,0.2886751345948129,call,19.882665194825247,0.0017065756621046468,19.973521273857035,0.09085607903178783,0.09085607903178783,0.004569612682279358,0.001009511989242087,0.001009511989242087
90,72.0,0.8,-0.2231435513142097,0.05,0.5,0.5,0.25,26,0.038461538461538464,0.19611613513818404,call,19.71807774537532,0.0016846544613532573,19.813196258144906,0.09511851276958438,0.09511851276958438,0.004823924218063979,0.0010568723641064932,0.0010568723641064932
90,72.0,0.8,-0.2231435513142097,0.05,0.5,0.5,0.25,52,0.019230769230769232,0.1386750490563073,call,19.650094669867656,0.0016658812998762867,19.7455575555309,0.09546288566324534,0.09546288566324534,0.004858138714702095,0.0010606987295916149,0.0010606987295916149
90,72.0,0.8,-0.2231435513142097,0.05,0.5,0.5,0.25,126,0.007936507936507936,0.0890870806374748,call,19.60685446740347,0.0016395398885065593,19.706144548160704,0.09929008075723544,0.09929008075723544,0.005064049458943345,0.0011032231195248383,0.0011032231195248383
90,72.0,0.8,-0.2231435513142097,0.05,0.5,0.6,0.36,12,0.08333333333333333,0.2886751345948129,call,20.67909256116648,0.0024509170399536944,20.824186539870972,0.14509397870449092,0.14509397870449092,0.007016457722954665,0.001612155318938788,0.001612155318938788
90,72.0,0.8,-0.2231435513142097,0.05,0.5,0.6,0.36,26,0.038461538461538464,0.19611613513818404,call,20.462680644327047,0.002403864069550668,20.61461622573028,0.15193558140323304,0.15193558140323304,0.007425008680148403,0.0016881731267025895,0.0016881731267025895
90,72.0,0.8,-0.2231435513142097,0.05,0.5,0.6,0.36,52,0.019230769230769232,0.1386750490563073,call,20.370572443115794,0.0023761623960801893,20.52580625751942,0.15523381440362627,0.15523381440362627,0.007620493475925234,0.001724820160040292,0.001724820160040292
90,72.0,0.8,-0.2231435513142097,0.05,0.5,0.6,0.36,126,0.007936507936507936,0.0890870806374748,call,20.310781654513512,0.002337224979640951,20.473942201339003,0.16316054682549108,0.16316054682549108,0.008033198800560842,0.0018128949647276786,0.0018128949647276786
90,81.0,0.9,-0.10536051565782628,0.05,0.5,0.1,0.010000000000000002,12,0.08333333333333333,0.2886751345948129,call,9.9799744098221,7.747560654523084e-05,9.980287312013223,0.00031290219112278805,0.00031290219112278805,3.135300535588906e-05,3.4766910124754228e-06,3.4766910124754228e-06
90,81.0,0.9,-0.10536051565782628,0.05,0.5,0.1,0.010000000000000002,26,0.038461538461538464,0.19611613513818404,call,9.929302230643279,7.682266255398118e-05,9.929557254209378,0.00025502356609941046,0.00025502356609941046,2.5683936310486193e-05,2.8335951788823385e-06,2.8335951788823385e-06
90,81.0,0.9,-0.10536051565782628,0.05,0.5,0.1,0.010000000000000002,52,0.019230769230769232,0.1386750490563073,call,9.907609106658084,7.668321923420479e-05,9.907872036573455,0.000262929915370691,0.000262929915370691,2.6538180154281374e-05,2.9214435041187887e-06,2.9214435041187887e-06
90,81.0,0.9,-0.10536051565782628,0.05,0.5,0.1,0.010000000000000002,126,0.007936507936507936,0.0890870806374748,call,9.894841406660754,7.633148058380485e-05,9.895151124173694,0.0003097175129394003,0.0003097175129394003,3.1300907231409757e-05,3.44130569932667e-06,3.44130569932667e-06
90,81.0,0.9,-0.10536051565782628,0.05,0.5,0.2,0.04000000000000001,12,0.08333333333333333,0.2886751345948129,call,10.25328909264856,0.0002691487449572125,10.264661413888252,0.01137232123969234,0.01137232123969234,0.0011091388467575842,0.00012635912488547044,0.00012635912488547044
90,81.0,0.9,-0.10536051565782628,0.05,0.5,0.2,0.04000000000000001,26,0.038461538461538464,0.19611613513818404,call,10.171708045012851,0.0002626528704681201,10.183727946977632,0.012019901964780644,0.012019901964780644,0.0011816994659686437,0.0001335544662753405,0.0001335544662753405
90,81.0,0.9,-0.10536051565782628,0.05,0.5,0.2,0.04000000000000001,52,0.019230769230769232,0.1386750490563073,call,10.13757519757357,0.00026298865589420985,10.14949493360613,0.011919736032560024,0.011919736032560024,0.0011757975452959416,0.00013244151147288915,0.00013244151147288915
90,81.0,0.9,-0.10536051565782628,0.05,0.5,0.2,0.04000000000000001,126,0.007936507936507936,0.0890870806374748,call,10.117199678170277,0.0002619701462076659,10.129520021347322,0.01232034317704489,0.01232034317704489,0.0012177621840980663,0.00013689270196716544,0.00013689270196716544
90,81.0,0.9,-0.10536051565782628,0.05,0.5,0.3,0.09,12,0.08333333333333333,0.2886751345948129,call,11.02278517725898,0.0005705720980980198,11.055562881096675,0.03277770383769507,0.03277770383769507,0.0029736317374050338,0.000364196709307723,0.000364196709307723
90,81.0,0.9,-0.10536051565782628,0.05,0.5,0.3,0.09,26,0.038461538461538464,0.19611613513818404,call,10.88990362346801,0.0005529829782443153,10.92475297630384,0.03484935283582935,0.03484935283582935,0.003200152548708341,0.000387215031509215,0.000387215031509215
90,81.0,0.9,-0.10536051565782628,0.05,0.5,0.3,0.09,52,0.019230769230769232,0.1386750490563073,call,10.834404287046949,0.00055016801141589,10.869158849137113,0.03475456209016414,0.03475456209016414,0.003207796309734804,0.00038616180100182383,0.00038616180100182383
90,81.0,0.9,-0.10536051565782628,0.05,0.5,0.3,0.09,126,0.007936507936507936,0.0890870806374748,call,10.800443747625366,0.0005496861654089866,10.836644954204484,0.036201206579118406,0.036201206579118406,0.003351825853181057,0.00040223562865687116,0.00040223562865687116
90,81.0,0.9,-0.10536051565782628,0.05,0.5,0.4,0.16000000000000003,12,0.08333333333333333,0.2886751345948129,call,12.069214038690294,0.0009949829244306715,12.127729541760155,0.0585155030698612,0.0585155030698612,0.004848327561536151,0.000650172256331791,0.000650172256331791
90,81.0,0.9,-0.10536051565782628,0.05,0.5,0.4,0.16000000000000003,26,0.038461538461538464,0.19611613513818404,call,11.88253028621221,0.0009638536798242719,11.946152178710431,0.06362189249822059,0.06362189249822059,0.005354237773081352,0.0007069099166468955,0.0007069099166468955
90,81.0,0.9,-0.10536051565782628,0.05,0.5,0.4,0.16000000000000003,52,0.019230769230769232,0.1386750490563073,call,11.80294351506968,0.0009515427079357317,11.868689990418446,0.06574647534876554,0.06574647534876554,0.005570345673926357,0.0007305163927640616,0.0007305163927640616
90,81.0,0.9,-0.10536051565782628,0.05,0.5,0.4,0.16000000000000003,126,0.007936507936507936,0.0890870806374748,call,11.755076030798014,0.0009324960060149107,11.823301280119187,0.06822524932117346,0.06822524932117346,0.0058038968988737265,0.0007580583257908162,0.0007580583257908162
90,81.0,0.9,-0.10536051565782628,0.05,0.5,0.5,0.25,12,0.08333333333333333,0.2886751345948129,call,13.250080896283478,0.0015489598221666914,13.343960514148124,0.09387961786464594,0.09387961786464594,0.0070852109205596075,0.0010431068651627327,0.0010431068651627327
90,81.0,0.9,-0.10536051565782628,0.05,0.5,0.5,0.25,26,0.038461538461538464,0.19611613513818404,call,13.0157452222905,0.0015345421187089082,13.113208383108057,0.09746316081755779,0.09746316081755779,0.007488096851392295,0.0010829240090839754,0.0010829240090839754
90,81.0,0.9,-0.10536051565782628,0.05,0.5,0.5,0.25,52,0.019230769230769232,0.1386750490563073,call,12.910799692876973,0.0015011647373282199,13.014547376050928,0.103747683173955,0.103747683173955,0.008035728664522129,0.0011527520352661667,0.0011527520352661667
90,81.0,0.9,-0.10536051565782628,0.05,0.5,0.5,0.25,126,0.007936507936507936,0.0890870806374748,call,12.8513414849249,0.001465045007843142,12.956672473281046,0.10533098835614574,0.10533098835614574,0.00819610843581605,0.001170344315068286,0.001170344315068286
90,81.0,0.9,-0.10536051565782628,0.05,0.5,0.6,0.36,12,0.08333333333333333,0.2886751345948129,call,14.50866522517431,0.002314770409640806,14.642135079034936,0.1334698538606265,0.1334698538606265,0.009199319978039052,0.0014829983762291831,0.0014829983762291831
90,81.0,0.9,-0.10536051565782628,0.05,0.5,0.6,0.36,26,0.038461538461538464,0.19611613513818404,call,14.219840689422677,0.0022296083957678695,14.36383698314976,0.1439962937270831,0.1439962937270831,0.01012643508968379,0.0015999588191898124,0.0015999588191898124
90,81.0,0.9,-0.10536051565782628,0.05,0.5,0.6,0.36,52,0.019230769230769232,0.1386750490563073,call,14.095093128012987,0.0021842668443364057,14.244681018725027,0.1495878907120396,0.1495878907120396,0.01061276355916687,0.0016620876745782177,0.0016620876745782177
90,81.0,0.9,-0.10536051565782628,0.05,0.5,0.6,0.36,126,0.007936507936507936,0.0890870806374748,call,14.022337899924425,0.0021669699871389543,14.174734927862852,0.15239702793842724,0.15239702793842724,0.010868161145884852,0.0016933003104269693,0.0016933003104269693
90,90.0,1.0,0.0,0.05,0.5,0.1,0.010000000000000002,12,0.08333333333333333,0.2886751345948129,call,2.2050353613324543,6.0738315776688394e-05,2.2069268722371023,0.0018915109046480083,0.0018915109046480083,0.000857814318000329,2.1016787829422315e-05,2.1016787829422315e-05
90,90.0,1.0,0.0,0.05,0.5,0.1,0.010000000000000002,26,0.038461538461538464,0.19611613513818404,call,2.127763248002734,5.816502799817694e-05,2.129739729272711,0.0019764812699767376,0.0019764812699767376,0.0009289009347407422,2.196090299974153e-05,2.196090299974153e-05
90,90.0,1.0,0.0,0.05,0.5,0.1,0.010000000000000002,52,0.019230769230769232,0.1386750490563073,call,2.094504560850897,5.675863503901652e-05,2.0966258789834082,0.002121318132511263,0.002121318132511263,0.001012801868356626,2.3570201472347367e-05,2.3570201472347367e-05
90,90.0,1.0,0.0,0.05,0.5,0.1,0.010000000000000002,126,0.007936507936507936,0.0890870806374748,call,2.075130341094385,5.693080181663856e-05,2.077167938024517,0.0020375969301320573,0.0020375969301320573,0.0009819127453254174,2.2639965890356193e-05,2.2639965890356193e-05
90,90.0,1.0,0.0,0.05,0.5,0.2,0.04000000000000001,12,0.08333333333333333,0.2886751345948129,call,3.698585991952242,0.00022223076272506146,3.704491247486825,0.005905255534582654,0.005905255534582654,0.0015966251825513607,6.561395038425171e-05,6.561395038425171e-05
90,90.0,1.0,0.0,0.05,0.5,0.2,0.04000000000000001,26,0.038461538461538464,0.19611613513818404,call,3.5747015894276073,0.00021427376184204842,3.580865459444833,0.006163870017225737,0.006163870017225737,0.0017243033755476958,6.848744463584152e-05,6.848744463584152e-05
90,90.0,1.0,0.0,0.05,0.5,0.2,0.04000000000000001,52,0.019230769230769232,0.1386750490563073,call,3.52115124574329,0.00021071590906526996,3.5278007920599497,0.006649546316659816,0.006649546316659816,0.0018884580219888124,7.388384796288683e-05,7.388384796288683e-05
90,90.0,1.0,0.0,0.05,0.5,0.2,0.04000000000000001,126,0.007936507936507936,0.0890870806374748,call,3.489987965922639,0.00020831856702063106,3.496611298946431,0.006623333023791922,0.006623333023791922,0.001897809702630573,7.359258915324358e-05,7.359258915324358e-05
90,90.0,1.0,0.0,0.05,0.5,0.3,0.09,12,0.08333333333333333,0.2886751345948129,call,5.214774187697029,0.0005011389048918207,5.228387885128172,0.013613697431143379,0.013613697431143379,0.002610601521972233,0.00015126330479048197,0.00015126330479048197
90,90.0,1.0,0.0,0.05,0.5,0.3,0.09,26,0.038461538461538464,0.19611613513818404,call,5.041484450585672,0.0004734006000884978,5.0573262091612445,0.01584175857557213,0.01584175857557213,0.003142280558602493,0.0001760195397285792,0.0001760195397285792
90,90.0,1.0,0.0,0.05,0.5,0.3,0.09,52,0.019230769230769232,0.1386750490563073,call,4.9688160159039345,0.00047063257830641953,4.983883630573897,0.015067614669962204,0.015067614669962204,0.0030324356188143305,0.00016741794077735782,0.00016741794077735782
90,90.0,1.0,0.0,0.05,0.5,0.3,0.09,126,0.007936507936507936,0.0890870806374748,call,4.9252457298593475,0.0004640681669501659,4.940711891227695,0.015466161368347109,0.015466161368347109,0.003140180656283475,0.00017184623742607898,0.00017184623742607898
90,90.0,1.0,0.0,0.05,0.5,0.4,0.16000000000000003,12,0.08333333333333333,0.2886751345948129,call,6.733289008720827,0.0009011654790412516,6.761350981359954,0.028061972639127575,0.028061972639127575,0.004167647133931463,0.0003117996959903064,0.0003117996959903064
90,90.0,1.0,0.0,0.05,0.5,0.4,0.16000000000000003,26,0.038461538461538464,0.19611613513818404,call,6.513502030476096,0.0008679899858491203,6.542910783750175,0.02940875327407877,0.02940875327407877,0.004515044769538388,0.0003267639252675419,0.0003267639252675419
90,90.0,1.0,0.0,0.05,0.5,0.4,0.16000000000000003,52,0.019230769230769232,0.1386750490563073,call,6.418377156631365,0.0008552442265880221,6.449112534031191,0.030735377399826014,0.030735377399826014,0.004788652434996082,0.00034150419333140017,0.00034150419333140017
90,90.0,1.0,0.0,0.05,0.5,0.4,0.16000000000000003,126,0.007936507936507936,0.0890870806374748,call,6.362586452272256,0.0008435791949513937,6.393971004965795,0.031384552693539014,0.031384552693539014,0.004932672102605493,0.00034871725215043347,0.00034871725215043347
90,90.0,1.0,0.0,0.05,0.5,0.5,0.25,12,0.08333333333333333,0.2886751345948129,call,8.249089299005322,0.0014350883082298736,8.300631400348406,0.05154210134308457,0.05154210134308457,0.0062482171637176405,0.0005726900149231618,0.0005726900149231618
90,90.0,1.0,0.0,0.05,0.5,0.5,0.25,26,0.038461538461538464,0.19611613513818404,call,7.983196714555158,0.0014188198511410578,8.035183981529979,0.05198726697482137,0.05198726697482137,0.006512086427738518,0.0005776362997202374,0.0005776362997202374
90,90.0,1.0,0.0,0.05,0.5,0.5,0.25,52,0.019230769230769232,0.1386750490563073,call,7.866255933124927,0.0013589489817397284,7.921185665595869,0.05492973247094124,0.05492973247094124,0.006982957704138671,0.000610330360788236,0.000610330360788236
90,90.0,1.0,0.0,0.05,0.5,0.5,0.25,126,0.007936507936507936,0.0890870806374748,call,7.799287140360494,0.0013413292049181237,7.854164811246851,0.05487767088635653,0.05487767088635653,0.007036241889642751,0.0006097518987372948,0.0006097518987372948
90,90.0,1.0,0.0,0.05,0.5,0.6,0.36,12,0.08333333333333333,0.2886751345948129,call,9.764322972494544,0.002199196071629142,9.845929140225447,0.08160616773090368,0.08160616773090368,0.008357585872649122,0.0009067351970100409,0.0009067351970100409
90,90.0,1.0,0.0,0.05,0.5,0.6,0.36,26,0.038461538461538464,0.19611613513818404,call,9.445293034110467,0.0020644884869246796,9.534032804142525,0.08873977003205802,0.08873977003205802,0.009395131491589059,0.0009859974448006446,0.0009859974448006446
90,90.0,1.0,0.0,0.05,0.5,0.6,0.36,52,0.019230769230769232,0.1386750490563073,call,9.308184655211967,0.00202875790338439,9.400069389763694,0.09188473455172641,0.09188473455172641,0.009871391464100043,0.0010209414950191824,0.0010209414950191824
90,90.0,1.0,0.0,0.05,0.5,0.6,0.36,126,0.007936507936507936,0.0890870806374748,call,9.231539528657683,0.002019332373393062,9.32130608259043,0.08976655393274768,0.08976655393274768,0.009723898560373737,0.0009974061548083076,0.0009974061548083076
90,99.00000000000001,1.1,0.09531017980432493,0.05,0.5,0.1,0.010000000000000002,12,0.08333333333333333,0.2886751345948129,call,0.048702115121185226,3.52183930239787e-05,0.04700611496510402,-0.0016960001560812066,0.0016960001560812066,-0.03482395275566694,-1.8844446178680073e-05,1.8844446178680073e-05
90,99.00000000000001,1.1,0.09531017980432493,0.05,0.5,0.1,0.010000000000000002,26,0.038461538461538464,0.19611613513818404,call,0.03914041236138974,3.3947572871887344e-05,0.03751452274846935,-0.0016258896129203865,0.0016258896129203865,-0.04153992037458077,-1.806544014355985e-05,1.806544014355985e-05
90,99.00000000000001,1.1,0.09531017980432493,0.05,0.5,0.1,0.010000000000000002,52,0.019230769230769232,0.1386750490563073,call,0.03550045576611638,3.326508860733944e-05,0.03385824138914797,-0.0016422143769684108,0.0016422143769684108,-0.04625896601969353,-1.824682641076012e-05,1.824682641076012e-05
90,99.00000000000001,1.1,0.09531017980432493,0.05,0.5,0.1,0.010000000000000002,126,0.007936507936507936,0.0890870806374748,call,0.033389582088152174,3.223134470733602e-05,0.031822979429662036,-0.0015666026584901377,0.0015666026584901377,-0.04691890585375205,-1.7406696205445974e-05,1.7406696205445974e-05
90,99.00000000000001,1.1,0.09531017980432493,0.05,0.5,0.2,0.04000000000000001,12,0.08333333333333333,0.2886751345948129,call,0.7642283095484521,0.0001900544278791577,0.7532738085439243,-0.010954501004527772,0.010954501004527772,-0.014334068586127477,-0.00012171667782808636,0.00012171667782808636
90,99.00000000000001,1.1,0.09531017980432493,0.05,0.5,0.2,0.04000000000000001,26,0.038461538461538464,0.19611613513818404,call,0.6933074806898716,0.00018473934859056967,0.680672714078854,-0.01263476661101759,0.01263476661101759,-0.01822390059666663,-0.0001403862956779732,0.0001403862956779732
90,99.00000000000001,1.1,0.09531017980432493,0.05,0.5,0.2,0.04000000000000001,52,0.019230769230769232,0.1386750490563073,call,0.662877791011036,0.00018044647727039038,0.650355601815577,-0.01252218919545911,0.01252218919545911,-0.018890645252060696,-0.00013913543550510122,0.00013913543550510122
90,99.00000000000001,1.1,0.09531017980432493,0.05,0.5,0.2,0.04000000000000001,126,0.007936507936507936,0.0890870806374748,call,0.6455293830600201,0.0001778140289327253,0.6327815940355878,-0.012747789024432299,0.012747789024432299,-0.019747806000717762,-0.00014164210027146998,0.00014164210027146998
90,99.00000000000001,1.1,0.09531017980432493,0.05,0.5,0.3,0.09,12,0.08333333333333333,0.2886751345948129,call,1.9741310466884534,0.0004605993223104937,1.9572674257484848,-0.016863620939968627,0.016863620939968627,-0.00854230065843747,-0.0001873735659996514,0.0001873735659996514
90,99.00000000000001,1.1,0.09531017980432493,0.05,0.5,0.3,0.09,26,0.038461538461538464,0.19611613513818404,call,1.8388000963353435,0.00043118962180622896,1.82027381206308,-0.01852628427226355,0.01852628427226355,-0.01007520301374016,-0.00020584760302515053,0.00020584760302515053
90,99.00000000000001,1.1,0.09531017980432493,0.05,0.5,0.3,0.09,52,0.019230769230769232,0.1386750490563073,call,1.782248622771127,0.00042644930606731637,1.76218430764279,-0.02006431512833684,0.02006431512833684,-0.01125786541337867,-0.00022293683475929822,0.00022293683475929822
90,99.00000000000001,1.1,0.09531017980432493,0.05,0.5,0.3,0.09,126,0.007936507936507936,0.0890870806374748,call,1.748433627106062,0.00041751143914800585,1.7282506582925465,-0.020182968813515556,0.020182968813515556,-0.011543457241165971,-0.00022425520903906172,0.00022425520903906172
90,99.00000000000001,1.1,0.09531017980432493,0.05,0.5,0.4,0.16000000000000003,12,0.08333333333333333,0.2886751345948129,call,3.3672657497757092,0.000848352176590621,3.351914039831889,-0.015351709943820069,0.015351709943820069,-0.004559102573012728,-0.0001705745549313341,0.0001705745549313341
90,99.00000000000001,1.1,0.09531017980432493,0.05,0.5,0.4,0.16000000000000003,26,0.038461538461538464,0.19611613513818404,call,3.174246493767267,0.0007994102206906359,3.1560022695798944,-0.018244224187372815,0.018244224187372815,-0.005747576384882498,-0.00020271360208192016,0.00020271360208192016
90,99.00000000000001,1.1,0.09531017980432493,0.05,0.5,0.4,0.16000000000000003,52,0.019230769230769232,0.1386750490563073,call,3.0934253535250282,0.0007873684518094646,3.0724690037859457,-0.020956349739082558,0.020956349739082558,-0.006774480501106103,-0.00023284833043425064,0.00023284833043425064
90,99.00000000000001,1.1,0.09531017980432493,0.05,0.5,0.4,0.16000000000000003,126,0.007936507936507936,0.0890870806374748,call,3.046287716686233,0.0007888497185856621,3.023536100920297,-0.022751615765935984,0.022751615765935984,-0.007468636544510413,-0.00025279573073262203,0.00025279573073262203
90,99.00000000000001,1.1,0.09531017980432493,0.05,0.5,0.5,0.25,12,0.08333333333333333,0.2886751345948129,call,4.840741389715868,0.0013957291335239814,4.834483345366832,-0.006258044349036318,0.006258044349036318,-0.001292786341020304,-6.953382610040354e-05,6.953382610040354e-05
90,99.00000000000001,1.1,0.09531017980432493,0.05,0.5,0.5,0.25,26,0.038461538461538464,0.19611613513818404,call,4.589768940318712,0.0013017511723068115,4.583210444866296,-0.006558495452416047,0.006558495452416047,-0.0014289380440926133,-7.287217169351162e-05,7.287217169351162e-05
90,99.00000000000001,1.1,0.09531017980432493,0.05,0.5,0.5,0.25,52,0.019230769230769232,0.1386750490563073,call,4.483811308507506,0.0012864491271787327,4.475787173582014,-0.008024134925491921,0.008024134925491921,-0.001789579082033864,-8.915705472768801e-05,8.915705472768801e-05
90,99.00000000000001,1.1,0.09531017980432493,0.05,0.5,0.5,0.25,126,0.007936507936507936,0.0890870806374748,call,4.4254715590739515,0.0012679102272592567,4.4127757198532915,-0.012695839220659977,0.012695839220659977,-0.002868810487467382,-0.0001410648802295553,0.0001410648802295553
90,99.00000000000001,1.1,0.09531017980432493,0.05,0.5,0.6,0.36,12,0.08333333333333333,0.2886751345948129,call,6.349474855066102,0.002064515435922328,6.366003771696484,0.016528916630381474,0.016528916630381474,0.0026031942810504126,0.0001836546292264608,0.0001836546292264608
90,99.00000000000001,1.1,0.09531017980432493,0.05,0.5,0.6,0.36,26,0.038461538461538464,0.19611613513818404,call,6.049743395059541,0.001975545294531833,6.06178083365844,0.01203743859889883,0.01203743859889883,0.0019897436656121773,0.00013374931776554257,0.00013374931776554257
90,99.00000000000001,1.1,0.09531017980432493,0.05,0.5,0.6,0.36,52,0.019230769230769232,0.1386750490563073,call,5.9195258444909,0.0019345176569966385,5.931523331215211,0.011997486724311557,0.011997486724311557,0.0020267648185837736,0.00013330540804790619,0.00013330540804790619
90,99.00000000000001,1.1,0.09531017980432493,0.05,0.5,0.6,0.36,126,0.007936507936507936,0.0890870806374748,call,5.845240146322624,0.0019401871316544071,5.855059974886785,0.009819828564161526,0.009819828564161526,0.001679970081355752,0.00010910920626846139,0.00010910920626846139
90,108.0,1.2,0.1823215567939546,0.05,0.5,0.1,0.010000000000000002,12,0.08333333333333333,0.2886751345948129,call,6.213782579529597e-05,2.7898707626208262e-06,5.090574385740256e-05,-1.1232081937893411e-05,1.1232081937893411e-05,-0.18076078128153164,-1.248009104210379e-07,1.248009104210379e-07
90,108.0,1.2,0.1823215567939546,0.05,0.5,0.1,0.010000000000000002,26,0.038461538461538464,0.19611613513818404,call,3.6492615361656646e-05,3.60190978851737e-06,2.682085649992616e-05,-9.671758861730486e-06,9.671758861730486e-06,-0.2650333160799637,-1.0746398735256095e-07,1.0746398735256095e-07
90,108.0,1.2,0.1823215567939546,0.05,0.5,0.1,0.010000000000000002,52,0.019230769230769232,0.1386750490563073,call,2.7345228807666465e-05,2.763359260431364e-06,1.999704135639975e-05,-7.348187451266716e-06,7.348187451266716e-06,-0.26871917960352154,-8.164652723629684e-08,8.164652723629684e-08
90,108.0,1.2,0.1823215567939546,0.05,0.5,0.1,0.010000000000000002,126,0.007936507936507936,0.0890870806374748,call,4.3273994431149206e-05,2.5376406427078497e-06,1.6733811504425175e-05,-2.654018292672403e-05,2.654018292672403e-05,-0.6133055955569484,-2.948909214080448e-07,2.948909214080448e-07
90,108.0,1.2,0.1823215567939546,0.05,0.5,0.2,0.04000000000000001,12,0.08333333333333333,0.2886751345948129,call,0.09047076589274439,0.00013123864094720955,0.08409347449376041,-0.006377291398983978,0.006377291398983978,-0.07049007860223527,-7.08587933220442e-05,7.08587933220442e-05
90,108.0,1.2,0.1823215567939546,0.05,0.5,0.2,0.04000000000000001,26,0.038461538461538464,0.19611613513818404,call,0.0735420582855804,0.00012228635679687093,0.06774687535375364,-0.0057951829318267645,0.0057951829318267645,-0.07880093468859359,-6.439092146474183e-05,6.439092146474183e-05
90,108.0,1.2,0.1823215567939546,0.05,0.5,0.2,0.04000000000000001,52,0.019230769230769232,0.1386750490563073,call,0.06751640814771682,0.0001234807624478821,0.06141308423350634,-0.006103323914210486,0.006103323914210486,-0.09039763935393651,-6.78147101578943e-05,6.78147101578943e-05
90,108.0,1.2,0.1823215567939546,0.05,0.5,0.2,0.04000000000000001,126,0.007936507936507936,0.0890870806374748,call,0.06397901514020161,0.00012119758114908686,0.05787687280515044,-0.006102142335051172,0.006102142335051172,-0.09537724708139267,-6.780158150056857e-05,6.780158150056857e-05
90,108.0,1.2,0.1823215567939546,0.05,0.5,0.3,0.09,12,0.08333333333333333,0.2886751345948129,call,0.6097159216000211,0.00039323643456584976,0.5857597446576173,-0.023956176942403817,0.023956176942403817,-0.039290718995065504,-0.0002661797438044869,0.0002661797438044869
90,108.0,1.2,0.1823215567939546,0.05,0.5,0.3,0.09,26,0.038461538461538464,0.19611613513818404,call,0.5395818121415453,0.0003832696471498713,0.514165813174101,-0.025415998967444287,0.025415998967444287,-0.04710314246243915,-0.00028239998852715875,0.00028239998852715875
90,108.0,1.2,0.1823215567939546,0.05,0.5,0.3,0.09,52,0.019230769230769232,0.1386750490563073,call,0.5101810540900453,0.00036807204742249133,0.4847956700868991,-0.025385384003146216,0.025385384003146216,-0.04975759840479254,-0.0002820598222571802,0.0002820598222571802
90,108.0,1.2,0.1823215567939546,0.05,0.5,0.3,0.09,126,0.007936507936507936,0.0890870806374748,call,0.49447739536316143,0.00037019097550991135,0.4679218694184281,-0.026555525944733316,0.026555525944733316,-0.05370422630791851,-0.00029506139938592575,0.00029506139938592575
90,108.0,1.2,0.1823215567939546,0.05,0.5,0.4,0.16000000000000003,12,0.08333333333333333,0.2886751345948129,call,1.532519976255201,0.0007787762257008863,1.4934934853386308,-0.03902649091657029,0.03902649091657029,-0.02546556751053498,-0.000433627676850781,0.000433627676850781
90,108.0,1.2,0.1823215567939546,0.05,0.5,0.4,0.16000000000000003,26,0.038461538461538464,0.19611613513818404,call,1.3988914341020886,0.0007514447836278507,1.355505605083916,-0.04338582901817256,0.04338582901817256,-0.031014436117425208,-0.000482064766868584,0.000482064766868584
90,108.0,1.2,0.1823215567939546,0.05,0.5,0.4,0.16000000000000003,52,0.019230769230769232,0.1386750490563073,call,1.342498498578822,0.000739557564962692,1.2977510829656467,-0.0447474156131753,0.0447474156131753,-0.033331445555093896,-0.0004971935068130589,0.0004971935068130589
90,108.0,1.2,0.1823215567939546,0.05,0.5,0.4,0.16000000000000003,126,0.007936507936507936,0.0890870806374748,call,1.3097614454363344,0.0007241660208752656,1.2642333940909807,-0.04552805134535376,0.04552805134535376,-0.03476056766214135,-0.0005058672371705973,0.0005058672371705973
90,108.0,1.2,0.1823215567939546,0.05,0.5,0.5,0.25,12,0.08333333333333333,0.2886751345948129,call,2.7017936334642805,0.0013034602347967422,2.658124053330238,-0.04366958013404254,0.04366958013404254,-0.01616318122640949,-0.0004852175570449171,0.0004852175570449171
90,108.0,1.2,0.1823215567939546,0.05,0.5,0.5,0.25,26,0.038461538461538464,0.19611613513818404,call,2.5056007664102222,0.0012378903511347408,2.4546186348985892,-0.050982131511633,0.050982131511633,-0.020347268485503847,-0.0005664681279070334,0.0005664681279070334
90,108.0,1.2,0.1823215567939546,0.05,0.5,0.5,0.25,52,0.019230769230769232,0.1386750490563073,call,2.4215237385452486,0.0012153280151910523,2.36863892663044,-0.05288481191480843,0.05288481191480843,-0.021839476967745703,-0.0005876090212756492,0.0005876090212756492
90,108.0,1.2,0.1823215567939546,0.05,0.5,0.5,0.25,126,0.007936507936507936,0.0890870806374748,call,2.3730735961558844,0.0012127845780424552,2.3185048023589885,-0.05456879379689594,0.05456879379689594,-0.022994985863603778,-0.0006063199310766215,0.0006063199310766215
90,108.0,1.2,0.1823215567939546,0.05,0.5,0.6,0.36,12,0.08333333333333333,0.2886751345948129,call,4.020486331361382,0.0019650793709086525,3.9814365751930088,-0.03904975616837314,0.03904975616837314,-0.009712694671729043,-0.00043388617964859046,0.00043388617964859046
90,108.0,1.2,0.1823215567939546,0.05,0.5,0.6,0.36,26,0.038461538461538464,0.19611613513818404,call,3.7637269660921975,0.001896646224319686,3.7154378916794877,-0.0482890744127098,0.0482890744127098,-0.012830121538504526,-0.0005365452712523311,0.0005365452712523311
90,108.0,1.2,0.1823215567939546,0.05,0.5,0.6,0.36,52,0.019230769230769232,0.1386750490563073,call,3.653279345321518,0.001852795875491117,3.6024722197121233,-0.05080712560939471,0.05080712560939471,-0.013907265447538142,-0.0005645236178821634,0.0005645236178821634
90,108.0,1.2,0.1823215567939546,0.05,0.5,0.6,0.36,126,0.007936507936507936,0.0890870806374748,call,3.5841765623612853,0.00182189003074897,3.5364312591612217,-0.04774530320006365,0.04774530320006365,-0.013321135934388412,-0.000530503368889596,0.000530503368889596
90,117.0,1.3,0.26236426446749106,0.05,0.5,0.1,0.010000000000000002,12,0.08333333333333333,0.2886751345948129,call,0.0,0.0,3.8602319975038574e-09,3.8602319975038574e-09,3.8602319975038574e-09,3860.2319975038577,4.2891466638931747e-11,4.2891466638931747e-11
90,117.0,1.3,0.26236426446749106,0.05,0.5,0.1,0.010000000000000002,26,0.038461538461538464,0.19611613513818404,call,0.0,0.0,1.1069333158039863e-09,1.1069333158039863e-09,1.1069333158039863e-09,1106.9333158039863,1.2299259064488737e-11,1.2299259064488737e-11
90,117.0,1.3,0.26236426446749106,0.05,0.5,0.1,0.010000000000000002,52,0.019230769230769232,0.1386750490563073,call,0.0,0.0,6.23705247892344e-10,6.23705247892344e-10,6.23705247892344e-10,623.705247892344,6.930058309914933e-12,6.930058309914933e-12
90,117.0,1.3,0.26236426446749106,0.05,0.5,0.1,0.010000000000000002,126,0.007936507936507936,0.0890870806374748,call,0.0,0.0,4.4018847059212077e-10,4.4018847059212077e-10,4.4018847059212077e-10,440.1884705921208,4.89098300657912e-12,4.89098300657912e-12
90,117.0,1.3,0.26236426446749106,0.05,0.5,0.2,0.04000000000000001,12,0.08333333333333333,0.2886751345948129,call,0.0066379583113962215,6.19290681643459e-05,0.0054728346919469505,-0.001165123619449271,0.001165123619449271,-0.17552439542275464,-1.294581799388079e-05,1.294581799388079e-05
90,117.0,1.3,0.26236426446749106,0.05,0.5,0.2,0.04000000000000001,26,0.038461538461538464,0.19611613513818404,call,0.004608179374909773,5.7330124949257966e-05,0.0037664443119149555,-0.0008417350629948174,0.0008417350629948174,-0.18266108901442196,-9.352611811053526e-06,9.352611811053526e-06
90,117.0,1.3,0.26236426446749106,0.05,0.5,0.2,0.04000000000000001,52,0.019230769230769232,0.1386750490563073,call,0.004096630067349361,5.926406212638197e-05,0.003175977967111217,-0.0009206521002381438,0.0009206521002381438,-0.22473400944250566,-1.022946778042382e-05,1.022946778042382e-05
90,117.0,1.3,0.26236426446749106,0.05,0.5,0.2,0.04000000000000001,126,0.007936507936507936,0.0890870806374748,call,0.0037212627412445964,5.5706488733971863e-05,0.0028643661325690973,-0.0008568966086754991,0.0008568966086754991,-0.23027038622618337,-9.521073429727768e-06,9.521073429727768e-06
90,117.0,1.3,0.26236426446749106,0.05,0.5,0.3,0.09,12,0.08333333333333333,0.2886751345948129,call,0.1584644914758997,0.0003125208827045676,0.14385684892957448,-0.014607642546325211,0.014607642546325211,-0.09218243412308452,-0.00016230713940361345,0.00016230713940361345
90,117.0,1.3,0.26236426446749106,0.05,0.5,0.3,0.09,26,0.038461538461538464,0.19611613513818404,call,0.13142814278181866,0.0002934101955477192,0.11721197372930248,-0.014216169052516187,0.014216169052516187,-0.10816685644045185,-0.0001579574339168465,0.0001579574339168465
90,117.0,1.3,0.26236426446749106,0.05,0.5,0.3,0.09,52,0.019230769230769232,0.1386750490563073,call,0.12130157595407749,0.00029318601935227913,0.10680960433920332,-0.014491971614874172,0.014491971614874172,-0.11947059632894268,-0.00016102190683193524,0.00016102190683193524
90,117.0,1.3,0.26236426446749106,0.05,0.5,0.3,0.09,126,0.007936507936507936,0.0890870806374748,call,0.11538495986817612,0.0002886105749527831,0.10097975810203387,-0.014405201766142253,0.014405201766142253,-0.12484470924633304,-0.0001600577974015806,0.0001600577974015806
90,117.0,1.3,0.26236426446749106,0.05,0.5,0.4,0.16000000000000003,12,0.08333333333333333,0.2886751345948129,call,0.6457158302921039,0.0007009523888654442,0.6068216884185257,-0.0388941418735782,0.0388941418735782,-0.06023414642937215,-0.0004321571319286467,0.0004321571319286467
90,117.0,1.3,0.26236426446749106,0.05,0.5,0.4,0.16000000000000003,26,0.038461538461538464,0.19611613513818404,call,0.566351122902499,0.0006558147506166208,0.5265094211757673,-0.03984170172673174,0.03984170172673174,-0.07034805814906231,-0.00044268557474146374,0.00044268557474146374
90,117.0,1.3,0.26236426446749106,0.05,0.5,0.4,0.16000000000000003,52,0.019230769230769232,0.1386750490563073,call,0.5357128215338205,0.0006807781729006439,0.4938106325612227,-0.04190218897259779,0.04190218897259779,-0.07821763319501292,-0.00046557987747330873,0.00046557987747330873
90,117.0,1.3,0.26236426446749106,0.05,0.5,0.4,0.16000000000000003,126,0.007936507936507936,0.0890870806374748,call,0.5181530664668482,0.0006633125904381904,0.4750954515073917,-0.043057614959456536,0.043057614959456536,-0.08309825367445045,-0.00047841794399396153,0.00047841794399396153
90,117.0,1.3,0.26236426446749106,0.05,0.5,0.5,0.25,12,0.08333333333333333,0.2886751345948129,call,1.4534247984224096,0.0012368040519655254,1.392068429396568,-0.06135636902584163,0.06135636902584163,-0.042215028319621116,-0.0006817374336204625,0.0006817374336204625
90,117.0,1.3,0.26236426446749106,0.05,0.5,0.5,0.25,26,0.038461538461538464,0.19611613513818404,call,1.313361123341329,0.0011819750716359797,1.2462395082578785,-0.06712161508345038,0.06712161508345038,-0.05110674732984781,-0.0007457957231494487,0.0007457957231494487
90,117.0,1.3,0.26236426446749106,0.05,0.5,0.5,0.25,52,0.019230769230769232,0.1386750490563073,call,1.25398336103529,0.0011616308345797782,1.1856989309819181,-0.06828443005337181,0.06828443005337181,-0.054454016038136356,-0.000758715889481909,0.000758715889481909
90,117.0,1.3,0.26236426446749106,0.05,0.5,0.5,0.25,126,0.007936507936507936,0.0890870806374748,call,1.217455610405534,0.0011200178902367945,1.1507080963952947,-0.06674751401023937,0.06674751401023937,-0.05482541904587864,-0.0007416390445582153,0.0007416390445582153
90,117.0,1.3,0.26236426446749106,0.05,0.5,0.6,0.36,12,0.08333333333333333,0.2886751345948129,call,2.4938437091501147,0.001877453873736243,2.4227040228000276,-0.07113968635008705,0.07113968635008705,-0.02852612057807383,-0.0007904409594454117,0.0007904409594454117
90,117.0,1.3,0.26236426446749106,0.05,0.5,0.6,0.36,26,0.038461538461538464,0.19611613513818404,call,2.2906263882877496,0.0018061265939151535,2.209182858895667,-0.08144352939208277,0.08144352939208277,-0.035555134529364284,-0.0009049281043564752,0.0009049281043564752
90,117.0,1.3,0.26236426446749106,0.05,0.5,0.6,0.36,52,0.019230769230769232,0.1386750490563073,call,2.206290852729725,0.0017780773007283542,2.1195922115524604,-0.08669864117726478,0.08669864117726478,-0.03929610688907911,-0.000963318235302942,0.000963318235302942
90,117.0,1.3,0.26236426446749106,0.05,0.5,0.6,0.36,126,0.007936507936507936,0.0890870806374748,call,2.1536995666235774,0.0017700900048863444,2.067533730075017,-0.08616583654856047,0.08616583654856047,-0.04000828986730279,-0.0009573981838728942,0.0009573981838728942
90,62.99999999999999,0.7,-0.35667494393873245,0.05,1.0,0.1,0.010000000000000002,12,0.08333333333333333,0.2886751345948129,call,28.042872360093604,0.00016463722616647173,28.042598820130628,-0.000273539962975633,0.000273539962975633,-9.754348964797697e-06,-3.0393329219514778e-06,3.0393329219514778e-06
90,62.99999999999999,0.7,-0.35667494393873245,0.05,1.0,0.1,0.010000000000000002,26,0.038461538461538464,0.19611613513818404,call,27.944129184401753,0.00016115348341883709,27.944019821341588,-0.0001093630601651796,0.0001093630601651796,-3.913632786461116e-06,-1.21514511294644e-06,1.21514511294644e-06
90,62.99999999999999,0.7,-0.35667494393873245,0.05,1.0,0.1,0.010000000000000002,52,0.019230769230769232,0.1386750490563073,call,27.90174693739571,0.0001609396433391895,27.90179422458907,4.7287193361000845e-05,4.7287193361000845e-05,1.6947753653956166e-06,5.254132595666761e-07,5.254132595666761e-07
90,62.99999999999999,0.7,-0.35667494393873245,0.05,1.0,0.1,0.010000000000000002,126,0.007936507936507936,0.0890870806374748,call,27.87702032724139,0.00016051402503593172,27.877001369856316,-1.89573850732927e-05,1.89573850732927e-05,-6.800362754253031e-07,-2.1063761192547442e-07,2.1063761192547442e-07
90,62.99999999999999,0.7,-0.35667494393873245,0.05,1.0,0.2,0.04000000000000001,12,0.08333333333333333,0.2886751345948129,call,28.044076145275437,0.0006226744225799145,28.044925885914218,0.0008497406387810713,0.0008497406387810713,3.0300182982644856e-05,9.441562653123015e-06,9.441562653123015e-06
90,62.99999999999999,0.7,-0.35667494393873245,0.05,1.0,0.2,0.04000000000000001,26,0.038461538461538464,0.19611613513818404,call,27.944591918274593,0.0006158385260293165,27.945638634068693,0.0010467157941000949,0.0010467157941000949,3.745682875460373e-05,1.1630175490001054e-05,1.1630175490001054e-05
90,62.99999999999999,0.7,-0.35667494393873245,0.05,1.0,0.2,0.04000000000000001,52,0.019230769230769232,0.1386750490563073,call,27.90151470740774,0.0006174509826050241,27.903166456348504,0.00165174894076614,0.00165174894076614,5.91992570327233e-05,1.8352766008512666e-05,1.8352766008512666e-05
90,62.99999999999999,0.7,-0.35667494393873245,0.05,1.0,0.2,0.04000000000000001,126,0.007936507936507936,0.0890870806374748,call,27.877024085423294,0.0006103132745850465,27.87824304469097,0.0012189592676747907,0.0012189592676747907,4.3726305359551495e-05,1.354399186305323e-05,1.354399186305323e-05
90,62.99999999999999,0.7,-0.35667494393873245,0.05,1.0,0.3,0.09,12,0.08333333333333333,0.2886751345948129,call,28.117241495206382,0.0013520010020595693,28.137469249916162,0.020227754709779333,0.020227754709779333,0.0007194075106275236,0.00022475283010865927,0.00022475283010865927
90,62.99999999999999,0.7,-0.35667494393873245,0.05,1.0,0.3,0.09,26,0.038461538461538464,0.19611613513818404,call,28.00010413373939,0.001333566653981683,28.021943165306244,0.021839031566852185,0.021839031566852185,0.0007799625123728281,0.0002426559062983576,0.0002426559062983576
90,62.99999999999999,0.7,-0.35667494393873245,0.05,1.0,0.3,0.09,52,0.019230769230769232,0.1386750490563073,call,27.95386783990608,0.0013319118230434948,27.97307272541671,0.0192048855106286,0.0192048855106286,0.0006870206878209639,0.00021338761678476223,0.00021338761678476223
90,62.99999999999999,0.7,-0.35667494393873245,0.05,1.0,0.3,0.09,126,0.007936507936507936,0.0890870806374748,call,27.92515500946099,0.0013359805674923386,27.944547502568216,0.019392493107226016,0.019392493107226016,0.0006944453164416053,0.00021547214563584464,0.00021547214563584464
90,62.99999999999999,0.7,-0.35667494393873245,0.05,1.0,0.4,0.16000000000000003,12,0.08333333333333333,0.2886751345948129,call,28.438392806734647,0.0023657618820712083,28.51389565773342,0.07550285099877385,0.07550285099877385,0.0026549619562499897,0.0008389205666530428,0.0008389205666530428
90,62.99999999999999,0.7,-0.35667494393873245,0.05,1.0,0.4,0.16000000000000003,26,0.038461538461538464,0.19611613513818404,call,28.280008088933435,0.0023418635704608027,28.35570759638376,0.07569950745032372,0.07569950745032372,0.0026767852120928685,0.0008411056383369303,0.0008411056383369303
90,62.99999999999999,0.7,-0.35667494393873245,0.05,1.0,0.4,0.16000000000000003,52,0.019230769230769232,0.1386750490563073,call,28.208671870623487,0.002334474720829568,28.28912880852292,0.08045693789943442,0.08045693789943442,0.0028522058134620044,0.0008939659766603825,0.0008939659766603825
90,62.99999999999999,0.7,-0.35667494393873245,0.05,1.0,0.4,0.16000000000000003,126,0.007936507936507936,0.0890870806374748,call,28.16774559822306,0.0023179058061933047,28.250372725351447,0.08262712712838649,0.08262712712838649,0.00293339510754453,0.0009180791903154055,0.0009180791903154055
90,62.99999999999999,0.7,-0.35667494393873245,0.05,1.0,0.5,0.25,12,0.08333333333333333,0.2886751345948129,call,29.051895040573562,0.0036952127009379524,29.215885891733496,0.16399085115993373,0.16399085115993373,0.00564475573558647,0.0018221205684437081,0.0018221205684437081
90,62.99999999999999,0.7,-0.35667494393873245,0.05,1.0,0.5,0.25,26,0.038461538461538464,0.19611613513818404,call,28.83095211874454,0.0036558564624199984,29.00076786120963,0.16981574246509012,0.16981574246509012,0.005890049755057651,0.0018868415829454458,0.0018868415829454458
90,62.99999999999999,0.7,-0.35667494393873245,0.05,1.0,0.5,0.25,52,0.019230769230769232,0.1386750490563073,call,28.7385821877985,0.0036539616067596562,28.910019884704905,0.17143769690640553,0.17143769690640553,0.005965419441575396,0.0019048632989600615,0.0019048632989600615
90,62.99999999999999,0.7,-0.35667494393873245,0.05,1.0,0.5,0.25,126,0.007936507936507936,0.0890870806374748,call,28.679822347095897,0.0035758130693300484,28.8571406672545,0.17731832015860505,0.17731832015860505,0.006182685443885262,0.001970203557317834,0.001970203557317834
90,62.99999999999999,0.7,-0.35667494393873245,0.05,1.0,0.6,0.36,12,0.08333333333333333,0.2886751345948129,call,29.910847194851097,0.005538891514717051,30.18585346695132,0.2750062721002209,0.2750062721002209,0.009194198690151475,0.00305562524555801,0.00305562524555801
90,62.99999999999999,0.7,-0.35667494393873245,0.05,1.0,0.6,0.36,26,0.038461538461538464,0.19611613513818404,call,29.605880607727165,0.005340020513520182,29.909530079428166,0.3036494717010001,0.3036494717010001,0.01025639046932275,0.003373883018900001,0.003373883018900001
90,62.99999999999999,0.7,-0.35667494393873245,0.05,1.0,0.6,0.36,52,0.019230769230769232,0.1386750490563073,call,29.493992598683725,0.005361755751653902,29.792532531736498,0.2985399330527727,0.2985399330527727,0.010122058994010058,0.00331711036725303,0.00331711036725303
90,62.99999999999999,0.7,-0.35667494393873245,0.05,1.0,0.6,0.36,126,0.007936507936507936,0.0890870806374748,call,29.422536531981287,0.005345828928883505,29.724235181309844,0.30169864932855717,0.30169864932855717,0.010253998631308388,0.0033522072147617464,0.0033522072147617464
90,72.0,0.8,-0.2231435513142097,0.05,1.0,0.1,0.010000000000000002,12,0.08333333333333333,0.2886751345948129,call,19.481516623083632,0.00016382153953723867,19.481560435559462,4.381247583040704e-05,4.381247583040704e-05,2.248925311004466e-06,4.868052870045227e-07,4.868052870045227e-07
90,72.0,0.8,-0.2231435513142097,0.05,1.0,0.1,0.010000000000000002,26,0.038461538461538464,0.19611613513818404,call,19.382836504689177,0.00016127162177919616,19.382970430126857,0.0001339254376802046,0.0001339254376802046,6.909486010873837e-06,1.48806041866894e-06,1.48806041866894e-06
90,72.0,0.8,-0.2231435513142097,0.05,1.0,0.1,0.010000000000000002,52,0.019230769230769232,0.1386750490563073,call,19.34095986441814,0.00016168928180897166,19.340741472820646,-0.00021839159749248438,0.00021839159749248438,-1.1291662824566569e-05,-2.4265733054720487e-06,2.4265733054720487e-06
90,72.0,0.8,-0.2231435513142097,0.05,1.0,0.1,0.010000000000000002,126,0.007936507936507936,0.0890870806374748,call,19.315882696795388,0.00016003209095017575,19.31594695000193,6.425320654201983e-05,6.425320654201983e-05,3.326444229891694e-06,7.139245171335536e-07,7.139245171335536e-07
90,72.0,0.8,-0.2231435513142097,0.05,1.0,0.2,0.04000000000000001,12,0.08333333333333333,0.2886751345948129,call,19.546981722745286,0.0005909134144265699,19.55719614764097,0.010214424895682583,0.010214424895682583,0.000522557653174498,0.00011349360995202871,0.00011349360995202871
90,72.0,0.8,-0.2231435513142097,0.05,1.0,0.2,0.04000000000000001,26,0.038461538461538464,0.19611613513818404,call,19.43706514919431,0.0005902455540887984,19.44593626841469,0.008871119220380308,0.008871119220380308,0.0004564021961282579,9.856799133755898e-05,9.856799133755898e-05
90,72.0,0.8,-0.2231435513142097,0.05,1.0,0.2,0.04000000000000001,52,0.019230769230769232,0.1386750490563073,call,19.388846003158854,0.0005857397831286155,19.398693325899004,0.009847322740149878,0.009847322740149878,0.0005078859638446528,0.00010941469711277642,0.00010941469711277642
90,72.0,0.8,-0.2231435513142097,0.05,1.0,0.2,0.04000000000000001,126,0.007936507936507936,0.0890870806374748,call,19.361084989335335,0.0005841443045636359,19.37106944241764,0.009984453082303446,0.009984453082303446,0.0005156969812282308,0.0001109383675811494,0.0001109383675811494
90,72.0,0.8,-0.2231435513142097,0.05,1.0,0.3,0.09,12,0.08333333333333333,0.2886751345948129,call,20.018323017187765,0.001263773329913015,20.070784032839548,0.05246101565178307,0.05246101565178307,0.0026206498719568046,0.0005829001739087008,0.0005829001739087008
90,72.0,0.8,-0.2231435513142097,0.05,1.0,0.3,0.09,26,0.038461538461538464,0.19611613513818404,call,19.8510732842556,0.00122330136018996,19.909785571780173,0.05871228752457114,0.05871228752457114,0.0029576379414778227,0.0006523587502730127,0.0006523587502730127
90,72.0,0.8,-0.2231435513142097,0.05,1.0,0.3,0.09,52,0.019230769230769232,0.1386750490563073,call,19.78536051322907,0.0012361193737378783,19.84168159060009,0.05632107737102032,0.05632107737102032,0.0028466035447452377,0.0006257897485668925,0.0006257897485668925
90,72.0,0.8,-0.2231435513142097,0.05,1.0,0.3,0.09,126,0.007936507936507936,0.0890870806374748,call,19.743548944239247,0.0012194388790451973,19.80194141037537,0.058392466136123033,0.058392466136123033,0.0029575466042623877,0.000648805179290256,0.000648805179290256
90,72.0,0.8,-0.2231435513142097,0.05,1.0,0.4,0.16000000000000003,12,0.08333333333333333,0.2886751345948129,call,20.933416353551586,0.002214341324464596,21.05163086732679,0.11821451377520376,0.11821451377520376,0.0056471677522024425,0.001313494597502264,0.001313494597502264
90,72.0,0.8,-0.2231435513142097,0.05,1.0,0.4,0.16000000000000003,26,0.038461538461538464,0.19611613513818404,call,20.69898703189072,0.0021492553957874272,20.826407115318503,0.12742008342778277,0.12742008342778277,0.006155860826979984,0.0014157787047531418,0.0014157787047531418
90,72.0,0.8,-0.2231435513142097,0.05,1.0,0.4,0.16000000000000003,52,0.019230769230769232,0.1386750490563073,call,20.602393962914466,0.0021407668738655378,20.730820769620912,0.12842680670644668,0.12842680670644668,0.006233586588899454,0.0014269645189605186,0.0014269645189605186
90,72.0,0.8,-0.2231435513142097,0.05,1.0,0.4,0.16000000000000003,126,0.007936507936507936,0.0890870806374748,call,20.54400556135044,0.002151573382656219,20.67495594116282,0.13095037981238278,0.13095037981238278,0.006374140594020307,0.0014550042201375865,0.0014550042201375865
90,72.0,0.8,-0.2231435513142097,0.05,1.0,0.5,0.25,12,0.08333333333333333,0.2886751345948129,call,22.13799989906935,0.0035582660856771746,22.342148470725363,0.2041485716560132,0.2041485716560132,0.009221635765957128,0.002268317462844591,0.002268317462844591
90,72.0,0.8,-0.2231435513142097,0.05,1.0,0.5,0.25,26,0.038461538461538464,0.19611613513818404,call,21.825167764015394,0.003385685657224512,22.051314542325315,0.22614677830992136,0.22614677830992136,0.010361742954516235,0.0025127419812213483,0.0025127419812213483
90,72.0,0.8,-0.2231435513142097,0.05,1.0,0.5,0.25,52,0.019230769230769232,0.1386750490563073,call,21.702228373528328,0.0034098170493533355,21.927477436852968,0.22524906332463956,0.22524906332463956,0.010379075339534766,0.002502767370273773,0.002502767370273773
90,72.0,0.8,-0.2231435513142097,0.05,1.0,0.5,0.25,126,0.007936507936507936,0.0890870806374748,call,21.628501763278077,0.0033919565145693396,21.854984049609104,0.22648228633102718,0.22648228633102718,0.010471473651289144,0.0025164698481225244,0.0025164698481225244
90,72.0,0.8,-0.2231435513142097,0.05,1.0,0.6,0.36,12,0.08333333333333333,0.2886751345948129,call,23.502097572955204,0.0051860367805183095,23.829987394321414,0.3278898213662096,0.3278898213662096,0.01395151306594546,0.0036432202374023287,0.0036432202374023287
90,72.0,0.8,-0.2231435513142097,0.05,1.0,0.6,0.36,26,0.038461538461538464,0.19611613513818404,call,23.142321605985433,0.005124029008216685,23.475610013487003,0.33328840750156985,0.33328840750156985,0.014401684203341533,0.0037032045277952206,0.0037032045277952206
90,72.0,0.8,-0.2231435513142097,0.05,1.0,0.6,0.36,52,0.019230769230769232,0.1386750490563073,call,22.9831715627481,0.005102817298365928,23.324354231007767,0.34118266825966614,0.34118266825966614,0.01484489063348709,0.0037909185362185126,0.0037909185362185126
90,72.0,0.8,-0.2231435513142097,0.05,1.0,0.6,0.36,126,0.007936507936507936,0.0890870806374748,call,22.887466017510267,0.004948295047678379,23.235704566828534,0.3482385493182676,0.3482385493182676,0.015215251397941758,0.0038693172146474176,0.0038693172146474176
90,81.0,0.9,-0.10536051565782628,0.05,1.0,0.1,0.010000000000000002,12,0.08333333333333333,0.2886751345948129,call,10.947021218419666,0.00015685363489394196,10.9491614003654,0.0021401819457338433,0.0021401819457338433,0.00019550358979232932,2.3779799397042702e-05,2.3779799397042702e-05
90,81.0,0.9,-0.10536051565782628,0.05,1.0,0.1,0.010000000000000002,26,0.038461538461538464,0.19611613513818404,call,10.844157909140508,0.00015512313464392902,10.845998765876724,0.0018408567362158124,0.0018408567362158124,0.00016975561879859383,2.045396373573125e-05,2.045396373573125e-05
90,81.0,0.9,-0.10536051565782628,0.05,1.0,0.1,0.010000000000000002,52,0.019230769230769232,0.1386750490563073,call,10.800246479438387,0.0001546074450188698,10.801948839935621,0.0017023604972337125,0.0017023604972337125,0.00015762237468141887,1.891511663593014e-05,1.891511663593014e-05
90,81.0,0.9,-0.10536051565782628,0.05,1.0,0.1,0.010000000000000002,126,0.007936507936507936,0.0890870806374748,call,10.774273803058579,0.00015359049871963582,10.77612352858281,0.0018497255242309052,0.0018497255242309052,0.00017167983272392881,2.0552505824787836e-05,2.0552505824787836e-05
90,81.0,0.9,-0.10536051565782628,0.05,1.0,0.2,0.04000000000000001,12,0.08333333333333333,0.2886751345948129,call,11.627950567200736,0.000537040977218375,11.655312822547538,0.02736225534680159,0.02736225534680159,0.002353145138403238,0.00030402505940890654,0.00030402505940890654
90,81.0,0.9,-0.10536051565782628,0.05,1.0,0.2,0.04000000000000001,26,0.038461538461538464,0.19611613513818404,call,11.471189914697128,0.0005194541492752185,11.499391722358022,0.028201807660893863,0.028201807660893863,0.0024584901715175266,0.00031335341845437623,0.00031335341845437623
90,81.0,0.9,-0.10536051565782628,0.05,1.0,0.2,0.04000000000000001,52,0.019230769230769232,0.1386750490563073,call,11.402925084180163,0.0005139699282342274,11.43296558156598,0.03004049738581749,0.03004049738581749,0.002634455384390286,0.000333783304286861,0.000333783304286861
90,81.0,0.9,-0.10536051565782628,0.05,1.0,0.2,0.04000000000000001,126,0.007936507936507936,0.0890870806374748,call,11.363078824232135,0.0005076694289010905,11.394068953696335,0.030990129464200322,0.030990129464200322,0.0027272652019374242,0.000344334771824448,0.000344334771824448
90,81.0,0.9,-0.10536051565782628,0.05,1.0,0.3,0.09,12,0.08333333333333333,0.2886751345948129,call,12.980615192357147,0.0011589625248748206,13.047164217415624,0.06654902505847637,0.06654902505847637,0.005126800546222166,0.0007394336117608486,0.0007394336117608486
90,81.0,0.9,-0.10536051565782628,0.05,1.0,0.3,0.09,26,0.038461538461538464,0.19611613513818404,call,12.7540972012717,0.0011368200912722638,12.824442331907019,0.07034513063531911,0.07034513063531911,0.005515492749130457,0.0007816125626146568,0.0007816125626146568
90,81.0,0.9,-0.10536051565782628,0.05,1.0,0.3,0.09,52,0.019230769230769232,0.1386750490563073,call,12.655814575398868,0.0011061075709971684,12.729282313177388,0.07346773777852,0.07346773777852,0.005805058010357627,0.0008163081975391111,0.0008163081975391111
90,81.0,0.9,-0.10536051565782628,0.05,1.0,0.3,0.09,126,0.007936507936507936,0.0890870806374748,call,12.596243525478314,0.0010928468458133941,12.67348023175305,0.07723670627473567,0.07723670627473567,0.0061317253924560635,0.0008581856252748407,0.0008581856252748407
90,81.0,0.9,-0.10536051565782628,0.05,1.0,0.4,0.16000000000000003,12,0.08333333333333333,0.2886751345948129,call,14.611658648199752,0.002080113618262742,14.73464356380735,0.1229849156075975,0.1229849156075975,0.008416903143487411,0.001366499062306639,0.001366499062306639
90,81.0,0.9,-0.10536051565782628,0.05,1.0,0.4,0.16000000000000003,26,0.038461538461538464,0.19611613513818404,call,14.313856276622207,0.0019966137582015445,14.446080590572468,0.13222431395026035,0.13222431395026035,0.009237504652482282,0.0014691590438917817,0.0014691590438917817
90,81.0,0.9,-0.10536051565782628,0.05,1.0,0.4,0.16000000000000003,52,0.019230769230769232,0.1386750490563073,call,14.186240859137797,0.0019583709368927106,14.322560866502323,0.13632000736452632,0.13632000736452632,0.00960931149542117,0.001514666748494737,0.001514666748494737
90,81.0,0.9,-0.10536051565782628,0.05,1.0,0.4,0.16000000000000003,126,0.007936507936507936,0.0890870806374748,call,14.117204159344354,0.001979357816919549,14.250061537591561,0.13285737824720734,0.13285737824720734,0.009411026202328268,0.001476193091635637,0.001476193091635637
90,81.0,0.9,-0.10536051565782628,0.05,1.0,0.5,0.25,12,0.08333333333333333,0.2886751345948129,call,16.3669039393891,0.003321254503279012,16.56533273443943,0.1984287950503294,0.1984287950503294,0.012123783202074308,0.0022047643894481045,0.0022047643894481045
90,81.0,0.9,-0.10536051565782628,0.05,1.0,0.5,0.25,26,0.038461538461538464,0.19611613513818404,call,16.000970582812744,0.0032005537362273717,16.213122090293506,0.21215150748076184,0.21215150748076184,0.013258664928028923,0.002357238972008465,0.002357238972008465
90,81.0,0.9,-0.10536051565782628,0.05,1.0,0.5,0.25,52,0.019230769230769232,0.1386750490563073,call,15.843521846712749,0.003223889915377089,16.06218750115821,0.21866565444546104,0.21866565444546104,0.013801581274735977,0.0024296183827273448,0.0024296183827273448
90,81.0,0.9,-0.10536051565782628,0.05,1.0,0.5,0.25,126,0.007936507936507936,0.0890870806374748,call,15.75158049429957,0.003090284912122128,15.973547330682733,0.22196683638316195,0.22196683638316195,0.014091718381116789,0.0024662981820351326,0.0024662981820351326
90,81.0,0.9,-0.10536051565782628,0.05,1.0,0.6,0.36,12,0.08333333333333333,0.2886751345948129,call,18.17336555166016,0.004987868307087199,18.479157917909607,0.3057923662494453,0.3057923662494453,0.016826402648435733,0.0033976929583271697,0.0033976929583271697
90,81.0,0.9,-0.10536051565782628,0.05,1.0,0.6,0.36,26,0.038461538461538464,0.19611613513818404,call,17.745511332320913,0.004819119885388122,18.06560005466266,0.32008872234174746,0.32008872234174746,0.018037728885205558,0.0035565413593527497,0.0035565413593527497
90,81.0,0.9,-0.10536051565782628,0.05,1.0,0.6,0.36,52,0.019230769230769232,0.1386750490563073,call,17.560586734639354,0.00470877079762424,17.888241213693505,0.32765447905415,0.32765447905415,0.01865851545881614,0.003640605322823889,0.003640605322823889
90,81.0,0.9,-0.10536051565782628,0.05,1.0,0.6,0.36,126,0.007936507936507936,0.0890870806374748,call,17.456494174925353,0.004764656130562534,17.784043698042147,0.32754952311679375,0.32754952311679375,0.018763763206663137,0.0036394391457421527,0.0036394391457421527
90,90.0,1.0,0.0,0.05,1.0,0.1,0.010000000000000002,12,0.08333333333333333,0.2886751345948129,call,3.514367128940456,0.00013336894137488042,3.5194131425730726,0.005046013632616475,0.005046013632616475,0.0014358242743232675,5.606681814018306e-05,5.606681814018306e-05
90,90.0,1.0,0.0,0.05,1.0,0.1,0.010000000000000002,26,0.038461538461538464,0.19611613513818404,call,3.3867230224042952,0.00012831769524623645,3.391998120961803,0.005275098557507629,0.005275098557507629,0.0015575819228827112,5.861220619452921e-05,5.861220619452921e-05
90,90.0,1.0,0.0,0.05,1.0,0.1,0.010000000000000002,52,0.019230769230769232,0.1386750490563073,call,3.3320258375866794,0.00012489663226272134,3.33737176221137,0.0053459246246907455,0.0053459246246907455,0.0016044067138935192,5.939916249656384e-05,5.939916249656384e-05
90,90.0,1.0,0.0,0.05,1.0,0.1,0.010000000000000002,126,0.007936507936507936,0.0890870806374748,call,3.3000633641351436,0.00012591845963505437,3.3052831475888995,0.005219783453755955,0.005219783453755955,0.001581722190696153,5.7997593930621726e-05,5.7997593930621726e-05
90,90.0,1.0,0.0,0.05,1.0,0.2,0.04000000000000001,12,0.08333333333333333,0.2886751345948129,call,5.540685233315928,0.00047857097006764567,5.556754034082977,0.016068800767048863,0.016068800767048863,0.0029001468393165127,0.00017854223074498737,0.00017854223074498737
90,90.0,1.0,0.0,0.05,1.0,0.2,0.04000000000000001,26,0.038461538461538464,0.19611613513818404,call,5.350259319667839,0.00045459900949712745,5.3672299895013404,0.016970669833501262,0.016970669833501262,0.003171934072637596,0.00018856299815001403,0.00018856299815001403
90,90.0,1.0,0.0,0.05,1.0,0.2,0.04000000000000001,52,0.019230769230769232,0.1386750490563073,call,5.2677328939424095,0.0004483035425751243,5.285920293555173,0.0181873996127635,0.0181873996127635,0.003452604750267039,0.00020208221791959445,0.00020208221791959445
90,90.0,1.0,0.0,0.05,1.0,0.2,0.04000000000000001,126,0.007936507936507936,0.0890870806374748,call,5.219980621414657,0.00044356319693626337,5.238141071300732,0.018160449886075014,0.018160449886075014,0.003479026303579147,0.0002017827765119446,0.0002017827765119446
90,90.0,1.0,0.0,0.05,1.0,0.3,0.09,12,0.08333333333333333,0.2886751345948129,call,7.627826960199711,0.001075163805213549,7.666006806587911,0.038179846388199934,0.038179846388199934,0.005005337245773116,0.0004242205154244437,0.0004242205154244437
90,90.0,1.0,0.0,0.05,1.0,0.3,0.09,26,0.038461538461538464,0.19611613513818404,call,7.3713291952896824,0.0010340563989788148,7.411668421743058,0.04033922645337551,0.04033922645337551,0.005472449457168795,0.00044821362725972787,0.00044821362725972787
90,90.0,1.0,0.0,0.05,1.0,0.3,0.09,52,0.019230769230769232,0.1386750490563073,call,7.260200965116071,0.000994291953191078,7.302516810033451,0.04231584491737994,0.04231584491737994,0.005828467437843633,0.0004701760546375549,0.0004701760546375549
90,90.0,1.0,0.0,0.05,1.0,0.3,0.09,126,0.007936507936507936,0.0890870806374748,call,7.196068927177491,0.0009985701688188697,7.238366937607675,0.04229801043018444,0.04229801043018444,0.005877932918407295,0.000469977893668716,0.000469977893668716
90,90.0,1.0,0.0,0.05,1.0,0.4,0.16000000000000003,12,0.08333333333333333,0.2886751345948129,call,9.72004060416519,0.0019378647494242888,9.800291490747833,0.08025088658264323,0.08025088658264323,0.008256229562277185,0.0008916765175849248,0.0008916765175849248
90,90.0,1.0,0.0,0.05,1.0,0.4,0.16000000000000003,26,0.038461538461538464,0.19611613513818404,call,9.401226312290326,0.0018863082157901958,9.48129383063918,0.08006751834885328,0.08006751834885328,0.008516710021561777,0.0008896390927650364,0.0008896390927650364
90,90.0,1.0,0.0,0.05,1.0,0.4,0.16000000000000003,52,0.019230769230769232,0.1386750490563073,call,9.259241024338227,0.0018440392445712133,9.344360850325184,0.08511982598695766,0.08511982598695766,0.009192959310943234,0.0009457758442995296,0.0009457758442995296
90,90.0,1.0,0.0,0.05,1.0,0.4,0.16000000000000003,126,0.007936507936507936,0.0890870806374748,call,9.17879253815152,0.0018219304671938592,9.26387438479302,0.08508184664150065,0.08508184664150065,0.009269394235446458,0.0009453538515722294,0.0009453538515722294
90,90.0,1.0,0.0,0.05,1.0,0.5,0.25,12,0.08333333333333333,0.2886751345948129,call,11.811751638255808,0.003219444073690418,11.95198294567744,0.14023130742163126,0.14023130742163126,0.0118721855755459,0.0015581256380181251,0.0015581256380181251
90,90.0,1.0,0.0,0.05,1.0,0.5,0.25,26,0.038461538461538464,0.19611613513818404,call,11.423724059981032,0.0030568606656317786,11.56934555382897,0.14562149384793877,0.14562149384793877,0.012747287406746112,0.0016180165983104308,0.0016180165983104308
90,90.0,1.0,0.0,0.05,1.0,0.5,0.25,52,0.019230769230769232,0.1386750490563073,call,11.255328407620421,0.0030133836411244262,11.405059617467098,0.1497312098466761,0.1497312098466761,0.013303140026132029,0.0016636801094075122,0.0016636801094075122
90,90.0,1.0,0.0,0.05,1.0,0.5,0.25,126,0.007936507936507936,0.0890870806374748,call,11.15715770949753,0.002963015477309496,11.308485971717133,0.15132826221960194,0.15132826221960194,0.013563334512228303,0.0016814251357733549,0.0016814251357733549
90,90.0,1.0,0.0,0.05,1.0,0.6,0.36,12,0.08333333333333333,0.2886751345948129,call,13.882130530682492,0.004883243318789197,14.120143838639423,0.23801330795693154,0.23801330795693154,0.017145301107122642,0.0026445923106325725,0.0026445923106325725
90,90.0,1.0,0.0,0.05,1.0,0.6,0.36,26,0.038461538461538464,0.19611613513818404,call,13.431845013113072,0.004601833083268509,13.675398609359693,0.24355359624662043,0.24355359624662043,0.018132549624332844,0.002706151069406894,0.002706151069406894
90,90.0,1.0,0.0,0.05,1.0,0.6,0.36,52,0.019230769230769232,0.1386750490563073,call,13.232189143064009,0.004508433475604358,13.484406603287685,0.25221746022367597,0.25221746022367597,0.01906090197901095,0.0028024162247075107,0.0028024162247075107
90,90.0,1.0,0.0,0.05,1.0,0.6,0.36,126,0.007936507936507936,0.0890870806374748,call,13.124815927599323,0.004579614699079362,13.372123250705634,0.24730732310631076,0.24730732310631076,0.018842726973889536,0.002747859145625675,0.002747859145625675
90,99.00000000000001,1.1,0.09531017980432493,0.05,1.0,0.1,0.010000000000000002,12,0.08333333333333333,0.2886751345948129,call,0.3876819774030726,0.00010788466698908197,0.38195631885861414,-0.005725658544458445,0.005725658544458445,-0.014768957233483886,-6.36184282717605e-05,6.36184282717605e-05
90,99.00000000000001,1.1,0.09531017980432493,0.05,1.0,0.1,0.010000000000000002,26,0.038461538461538464,0.19611613513818404,call,0.33791720007049125,0.00010309483828813239,0.3318435956463529,-0.006073604424138346,0.006073604424138346,-0.017973646866366558,-6.748449360153717e-05,6.748449360153717e-05
90,99.00000000000001,1.1,0.09531017980432493,0.05,1.0,0.1,0.010000000000000002,52,0.019230769230769232,0.1386750490563073,call,0.31768480518724157,0.00010237909949057194,0.31139935579573846,-0.006285449391503106,0.006285449391503106,-0.01978517476716741,-6.983832657225674e-05,6.983832657225674e-05
90,99.00000000000001,1.1,0.09531017980432493,0.05,1.0,0.1,0.010000000000000002,126,0.007936507936507936,0.0890870806374748,call,0.3061892557617087,0.00010149934411078744,0.29968691122640095,-0.006502344535307736,0.006502344535307736,-0.021236357621797725,-7.22482726145304e-05,7.22482726145304e-05
90,99.00000000000001,1.1,0.09531017980432493,0.05,1.0,0.2,0.04000000000000001,12,0.08333333333333333,0.2886751345948129,call,2.0600350153115308,0.0004315872243794111,2.048191853319625,-0.011843161991905937,0.011843161991905937,-0.005749010042974898,-0.00013159068879895486,0.00013159068879895486
90,99.00000000000001,1.1,0.09531017980432493,0.05,1.0,0.2,0.04000000000000001,26,0.038461538461538464,0.19611613513818404,call,1.9143848901995162,0.00041624958152833367,1.8994357901212413,-0.01494910007827488,0.01494910007827488,-0.007808826822027879,-0.00016610111198083198,0.00016610111198083198
90,99.00000000000001,1.1,0.09531017980432493,0.05,1.0,0.2,0.04000000000000001,52,0.019230769230769232,0.1386750490563073,call,1.8523722621025274,0.00041177901335151887,1.8364567955277122,-0.01591546657481513,0.01591546657481513,-0.008591937430951565,-0.00017683851749794588,0.00017683851749794588
90,99.00000000000001,1.1,0.09531017980432493,0.05,1.0,0.2,0.04000000000000001,126,0.007936507936507936,0.0890870806374748,call,1.816010846363673,0.0004030449894560725,1.7996954257491287,-0.016315420614544385,0.016315420614544385,-0.008984208793253578,-0.00018128245127271538,0.00018128245127271538
90,99.00000000000001,1.1,0.09531017980432493,0.05,1.0,0.3,0.09,12,0.08333333333333333,0.2886751345948129,call,4.086540264882567,0.0010041043968520178,4.080492167448192,-0.006048097434375066,0.006048097434375066,-0.001480004366125796,-6.72010826041674e-05,6.72010826041674e-05
90,99.00000000000001,1.1,0.09531017980432493,0.05,1.0,0.3,0.09,26,0.038461538461538464,0.19611613513818404,call,3.857050014016578,0.000965129027581717,3.8488404750110323,-0.008209539005545885,0.008209539005545885,-0.0021284502341717883,-9.121710006162094e-05,9.121710006162094e-05
90,99.00000000000001,1.1,0.09531017980432493,0.05,1.0,0.3,0.09,52,0.019230769230769232,0.1386750490563073,call,3.761725081204624,0.0009393460335972827,3.7500294158870027,-0.011695665317621451,0.011695665317621451,-0.0031091228266676325,-0.00012995183686246057,0.00012995183686246057
90,99.00000000000001,1.1,0.09531017980432493,0.05,1.0,0.3,0.09,126,0.007936507936507936,0.0890870806374748,call,3.7034676767189847,0.0009264664577772745,3.6921348451420095,-0.011332831576975178,0.011332831576975178,-0.003060059535072081,-0.00012592035085527974,0.00012592035085527974
90,99.00000000000001,1.1,0.09531017980432493,0.05,1.0,0.4,0.16000000000000003,12,0.08333333333333333,0.2886751345948129,call,6.20754961381132,0.001859533888355069,6.226178191653795,0.018628577842474847,0.018628577842474847,0.003000955127451208,0.00020698419824972052,0.00020698419824972052
90,99.00000000000001,1.1,0.09531017980432493,0.05,1.0,0.4,0.16000000000000003,26,0.038461538461538464,0.19611613513818404,call,5.907774332690247,0.0017847362725777662,5.918725603642273,0.010951270952026526,0.010951270952026526,0.0018537050224529483,0.00012168078835585029,0.00012168078835585029
90,99.00000000000001,1.1,0.09531017980432493,0.05,1.0,0.4,0.16000000000000003,52,0.019230769230769232,0.1386750490563073,call,5.774758766629936,0.001748966286069486,5.78720764892087,0.012448882290934549,0.012448882290934549,0.002155740662773959,0.0001383209143437172,0.0001383209143437172
90,99.00000000000001,1.1,0.09531017980432493,0.05,1.0,0.4,0.16000000000000003,126,0.007936507936507936,0.0890870806374748,call,5.699494956315863,0.0017716581384066678,5.710039500206071,0.010544543890208757,0.010544543890208757,0.001850083905859743,0.00011716159878009731,0.00011716159878009731
90,99.00000000000001,1.1,0.09531017980432493,0.05,1.0,0.5,0.25,12,0.08333333333333333,0.2886751345948129,call,8.363261631996236,0.0030935203597874726,8.426599509895711,0.06333787789947465,0.06333787789947465,0.007573346462958431,0.0007037541988830516,0.0007037541988830516
90,99.00000000000001,1.1,0.09531017980432493,0.05,1.0,0.5,0.25,26,0.038461538461538464,0.19611613513818404,call,7.982737298259549,0.002956962221121502,8.047467773807407,0.06473047554785794,0.06473047554785794,0.008108806932926493,0.0007192275060873104,0.0007192275060873104
90,99.00000000000001,1.1,0.09531017980432493,0.05,1.0,0.5,0.25,52,0.019230769230769232,0.1386750490563073,call,7.823782979178256,0.0028702633900144514,7.885051300691674,0.06126832151341777,0.06126832151341777,0.007831035405311418,0.000680759127926864,0.000680759127926864
90,99.00000000000001,1.1,0.09531017980432493,0.05,1.0,0.5,0.25,126,0.007936507936507936,0.0890870806374748,call,7.7264469583566955,0.0028411822750534655,7.789684149347351,0.06323719099065528,0.06323719099065528,0.00818451111247969,0.0007026354554517253,0.0007026354554517253
90,99.00000000000001,1.1,0.09531017980432493,0.05,1.0,0.6,0.36,12,0.08333333333333333,0.2886751345948129,call,10.507174756960646,0.004610754003760914,10.662882173817925,0.15570741685727896,0.15570741685727896,0.014819151718603337,0.0017300824095253218,0.0017300824095253218
90,99.00000000000001,1.1,0.09531017980432493,0.05,1.0,0.6,0.36,26,0.038461538461538464,0.19611613513818404,call,10.066363210751076,0.004525046065116256,10.21526556246426,0.14890235171318444,0.14890235171318444,0.014792070243814943,0.0016544705745909383,0.0016544705745909383
90,99.00000000000001,1.1,0.09531017980432493,0.05,1.0,0.6,0.36,52,0.019230769230769232,0.1386750490563073,call,9.87727219153159,0.004320428711774883,10.023338167431795,0.1460659759002052,0.1460659759002052,0.014788088560061835,0.0016229552877800577,0.0016229552877800577
90,99.00000000000001,1.1,0.09531017980432493,0.05,1.0,0.6,0.36,126,0.007936507936507936,0.0890870806374748,call,9.767652180571666,0.004371605038815025,9.910592819785487,0.14294063921382083,0.14294063921382083,0.01463408366425421,0.0015882293245980093,0.0015882293245980093
90,108.0,1.2,0.1823215567939546,0.05,1.0,0.1,0.010000000000000002,12,0.08333333333333333,0.2886751345948129,call,0.012393174816634312,4.674712801624341e-05,0.011225964283878951,-0.0011672105327553608,0.0011672105327553608,-0.09418172098958151,-1.2969005919504008e-05,1.2969005919504008e-05
90,108.0,1.2,0.1823215567939546,0.05,1.0,0.1,0.010000000000000002,26,0.038461538461538464,0.19611613513818404,call,0.008895384192349313,4.373145641286703e-05,0.00794185298792029,-0.0009535312044290228,0.0009535312044290228,-0.10719393157286339,-1.0594791160322475e-05,1.0594791160322475e-05
90,108.0,1.2,0.1823215567939546,0.05,1.0,0.1,0.010000000000000002,52,0.019230769230769232,0.1386750490563073,call,0.007773998345244302,4.470814647670797e-05,0.006781004231171107,-0.000992994114073195,0.000992994114073195,-0.12773274060196493,-1.1033267934146611e-05,1.1033267934146611e-05
90,108.0,1.2,0.1823215567939546,0.05,1.0,0.1,0.010000000000000002,126,0.007936507936507936,0.0890870806374748,call,0.007138489170396816,4.222796982909097e-05,0.006161966328955915,-0.000976522841440901,0.000976522841440901,-0.13679685128479613,-1.0850253793787789e-05,1.0850253793787789e-05
90,108.0,1.2,0.1823215567939546,0.05,1.0,0.2,0.04000000000000001,12,0.08333333333333333,0.2886751345948129,call,0.6076598071487124,0.00037461264309769817,0.5859071980796635,-0.021752609069048856,0.021752609069048856,-0.035797347155668215,-0.00024169565632276507,0.00024169565632276507
90,108.0,1.2,0.1823215567939546,0.05,1.0,0.2,0.04000000000000001,26,0.038461538461538464,0.19611613513818404,call,0.5333018522073506,0.0003626552391269943,0.5109856177542657,-0.02231623445308495,0.02231623445308495,-0.041845409613181464,-0.00024795816058983277,0.00024795816058983277
90,108.0,1.2,0.1823215567939546,0.05,1.0,0.2,0.04000000000000001,52,0.019230769230769232,0.1386750490563073,call,0.5034226297934965,0.000358161053632205,0.480372041893084,-0.023050587900412478,0.023050587900412478,-0.045787746788156516,-0.0002561176433379164,0.0002561176433379164
90,108.0,1.2,0.1823215567939546,0.05,1.0,0.2,0.04000000000000001,126,0.007936507936507936,0.0890870806374748,call,0.4857377395684513,0.0003546799133190251,0.46281894546091795,-0.022918794107533336,0.022918794107533336,-0.047183474209550415,-0.0002546532678614815,0.0002546532678614815
90,108.0,1.2,0.1823215567939546,0.05,1.0,0.3,0.09,12,0.08333333333333333,0.2886751345948129,call,2.0227085202314576,0.0009352290355772033,1.9856178267135811,-0.03709069351787653,0.03709069351787653,-0.018337142078005512,-0.00041211881686529475,0.00041211881686529475
90,108.0,1.2,0.1823215567939546,0.05,1.0,0.3,0.09,26,0.038461538461538464,0.19611613513818404,call,1.8560593642798142,0.0009017574348195343,1.812795008358986,-0.04326435592082811,0.04326435592082811,-0.023309791030102906,-0.00048071506578697905,0.00048071506578697905
90,108.0,1.2,0.1823215567939546,0.05,1.0,0.3,0.09,52,0.019230769230769232,0.1386750490563073,call,1.7849613253479457,0.0008823779482203763,1.740232115927559,-0.044729209420386606,0.044729209420386606,-0.025058923566126823,-0.0004969912157820734,0.0004969912157820734
90,108.0,1.2,0.1823215567939546,0.05,1.0,0.3,0.09,126,0.007936507936507936,0.0890870806374748,call,1.7431430606119178,0.0008753162216381881,1.698053297756454,-0.045089762855463844,0.045089762855463844,-0.02586693190840883,-0.0005009973650607094,0.0005009973650607094
90,108.0,1.2,0.1823215567939546,0.05,1.0,0.4,0.16000000000000003,12,0.08333333333333333,0.2886751345948129,call,3.8347406300787115,0.0017801075094042707,3.802229871770738,-0.032510758307973564,0.032510758307973564,-0.008477954950321177,-0.00036123064786637294,0.00036123064786637294
90,108.0,1.2,0.1823215567939546,0.05,1.0,0.4,0.16000000000000003,26,0.038461538461538464,0.19611613513818404,call,3.5766669412639835,0.0017005162168411564,3.5378627270958476,-0.03880421416813595,0.03880421416813595,-0.01084926687482471,-0.00043115793520151057,0.00043115793520151057
90,108.0,1.2,0.1823215567939546,0.05,1.0,0.4,0.16000000000000003,52,0.019230769230769232,0.1386750490563073,call,3.472065314925611,0.001693891534746984,3.4257735396751734,-0.046291775250437706,0.046291775250437706,-0.013332633764532021,-0.0005143530583381967,0.0005143530583381967
90,108.0,1.2,0.1823215567939546,0.05,1.0,0.4,0.16000000000000003,126,0.007936507936507936,0.0890870806374748,call,3.4056317470716313,0.0016515014302660477,3.3602981509281262,-0.04533359614350507,0.04533359614350507,-0.013311361741470037,-0.000503706623816723,0.000503706623816723
90,108.0,1.2,0.1823215567939546,0.05,1.0,0.5,0.25,12,0.08333333333333333,0.2886751345948129,call,5.827675955747734,0.002972783889632148,5.829212392846462,0.001536437098728527,0.001536437098728527,0.0002636449092906695,1.7071523319205854e-05,1.7071523319205854e-05
90,108.0,1.2,0.1823215567939546,0.05,1.0,0.5,0.25,26,0.038461538461538464,0.19611613513818404,call,5.491247846299654,0.002945076998937036,5.480481145374132,-0.010766700925522343,0.010766700925522343,-0.001960702052954616,-0.0001196300102835816,0.0001196300102835816
90,108.0,1.2,0.1823215567939546,0.05,1.0,0.5,0.25,52,0.019230769230769232,0.1386750490563073,call,5.346633012800517,0.002774911896129457,5.331928285188871,-0.014704727611645652,0.014704727611645652,-0.0027502780864968046,-0.00016338586235161836,0.00016338586235161836
90,108.0,1.2,0.1823215567939546,0.05,1.0,0.5,0.25,126,0.007936507936507936,0.0890870806374748,call,5.262217491668787,0.002729556926164656,5.244948810876935,-0.017268680791851843,0.017268680791851843,-0.0032816357019054892,-0.00019187423102057604,0.00019187423102057604
90,108.0,1.2,0.1823215567939546,0.05,1.0,0.6,0.36,12,0.08333333333333333,0.2886751345948129,call,7.92937572353175,0.004665436113498782,7.978475114027813,0.049099390496063045,0.049099390496063045,0.00619208777689174,0.0005455487832895894,0.0005455487832895894
90,108.0,1.2,0.1823215567939546,0.05,1.0,0.6,0.36,26,0.038461538461538464,0.19611613513818404,call,7.494101624646614,0.004266807861686045,7.551077367647956,0.05697574300134178,0.05697574300134178,0.007602744912606985,0.0006330638111260198,0.0006330638111260198
90,108.0,1.2,0.1823215567939546,0.05,1.0,0.6,0.36,52,0.019230769230769232,0.1386750490563073,call,7.3221066843346225,0.004324572942731397,7.368528362694832,0.046421678360209384,0.046421678360209384,0.00633993471571875,0.0005157964262245487,0.0005157964262245487
90,108.0,1.2,0.1823215567939546,0.05,1.0,0.6,0.36,126,0.007936507936507936,0.0890870806374748,call,7.223890119175316,0.004239985775658635,7.261501161579944,0.037611042404628314,0.037611042404628314,0.0052064804120971345,0.00041790047116253685,0.00041790047116253685
90,117.0,1.3,0.26236426446749106,0.05,1.0,0.1,0.010000000000000002,12,0.08333333333333333,0.2886751345948129,call,0.00013574080641001724,9.735470069981338e-06,9.865024370216079e-05,-3.709056270785645e-05,3.709056270785645e-05,-0.2732454866653812,-4.121173634206272e-07,4.121173634206272e-07
90,117.0,1.3,0.26236426446749106,0.05,1.0,0.1,0.010000000000000002,26,0.038461538461538464,0.19611613513818404,call,6.749971453785748e-05,4.402782823350964e-06,5.186256906079592e-05,-1.5637145477061563e-05,1.5637145477061563e-05,-0.23166239419118442,-1.737460608562396e-07,1.737460608562396e-07
90,117.0,1.3,0.26236426446749106,0.05,1.0,0.1,0.010000000000000002,52,0.019230769230769232,0.1386750490563073,call,6.60574297790756e-05,8.102335798170806e-06,3.8625331719647055e-05,-2.743209805942855e-05,2.743209805942855e-05,-0.4152764973020182,-3.048010895492061e-07,3.048010895492061e-07
90,117.0,1.3,0.26236426446749106,0.05,1.0,0.1,0.010000000000000002,126,0.007936507936507936,0.0890870806374748,call,4.3504011959738086e-05,4.684089337886798e-06,3.229994322173933e-05,-1.1204068737998756e-05,1.1204068737998756e-05,-0.2575410458319994,-1.2448965264443061e-07,1.2448965264443061e-07
90,117.0,1.3,0.26236426446749106,0.05,1.0,0.2,0.04000000000000001,12,0.08333333333333333,0.2886751345948129,call,0.14635910204180272,0.0002851362544714812,0.13352313589772025,-0.012835966144082472,0.012835966144082472,-0.08770186455787557,-0.0001426218460453608,0.0001426218460453608
90,117.0,1.3,0.26236426446749106,0.05,1.0,0.2,0.04000000000000001,26,0.038461538461538464,0.19611613513818404,call,0.12031054305684269,0.0002847439293649168,0.10746354257656214,-0.012847000480280549,0.012847000480280549,-0.106782000595,-0.000142744449780895,0.000142744449780895
90,117.0,1.3,0.26236426446749106,0.05,1.0,0.2,0.04000000000000001,52,0.019230769230769232,0.1386750490563073,call,0.1095447114050504,0.0002688811179876267,0.09737345306407727,-0.012171258340973129,0.012171258340973129,-0.11110767635298176,-0.0001352362037885903,0.0001352362037885903
90,117.0,1.3,0.26236426446749106,0.05,1.0,0.2,0.04000000000000001,126,0.007936507936507936,0.0890870806374748,call,0.10448955823036213,0.00027170571942680227,0.09174206218700502,-0.012747496043357107,0.012747496043357107,-0.12199779824174808,-0.00014163884492619008,0.00014163884492619008
90,117.0,1.3,0.26236426446749106,0.05,1.0,0.3,0.09,12,0.08333333333333333,0.2886751345948129,call,0.9392070881566164,0.0008774750234134462,0.8940077425385777,-0.04519934561803862,0.04519934561803862,-0.04812500479180951,-0.0005022149513115402,0.0005022149513115402
90,117.0,1.3,0.26236426446749106,0.05,1.0,0.3,0.09,26,0.038461538461538464,0.19611613513818404,call,0.833226501663508,0.0008380130245299978,0.784449777043099,-0.04877672462040894,0.04877672462040894,-0.058539574201046045,-0.0005419636068934327,0.0005419636068934327
90,117.0,1.3,0.26236426446749106,0.05,1.0,0.3,0.09,52,0.019230769230769232,0.1386750490563073,call,0.7897765162711292,0.000826557086935618,0.7395254206082668,-0.050251095662862455,0.050251095662862455,-0.06362698133912521,-0.0005583455073651384,0.0005583455073651384
90,117.0,1.3,0.26236426446749106,0.05,1.0,0.3,0.09,126,0.007936507936507936,0.0890870806374748,call,0.7636048215907898,0.00080834378340243,0.7137208780320641,-0.04988394355872572,0.04988394355872572,-0.06532691013501504,-0.0005542660395413968,0.0005542660395413968
90,117.0,1.3,0.26236426446749106,0.05,1.0,0.4,0.16000000000000003,12,0.08333333333333333,0.2886751345948129,call,2.3080509457614693,0.0017114073973414404,2.24639470884076,-0.06165623692070943,0.06165623692070943,-0.02671355111720373,-0.0006850692991189936,0.0006850692991189936
90,117.0,1.3,0.26236426446749106,0.05,1.0,0.4,0.16000000000000003,26,0.038461538461538464,0.19611613513818404,call,2.111922201538911,0.001636659814028385,2.0390018919484993,-0.07292030959041185,0.07292030959041185,-0.034527933622401634,-0.0008102256621156872,0.0008102256621156872
90,117.0,1.3,0.26236426446749106,0.05,1.0,0.4,0.16000000000000003,52,0.019230769230769232,0.1386750490563073,call,2.028070878453053,0.0016017282173063213,1.9522209392902212,-0.07584993916283178,0.07584993916283178,-0.03740004354319592,-0.000842777101809242,0.000842777101809242
90,117.0,1.3,0.26236426446749106,0.05,1.0,0.4,0.16000000000000003,126,0.007936507936507936,0.0890870806374748,call,1.9826973821664067,0.0016023756249215768,1.9018640879278146,-0.08083329423859209,0.08083329423859209,-0.04076935540726295,-0.0008981477137621343,0.0008981477137621343
90,117.0,1.3,0.26236426446749106,0.05,1.0,0.5,0.25,12,0.08333333333333333,0.2886751345948129,call,4.02723101052587,0.0029032980916073163,3.971229203471472,-0.05600180705439861,0.05600180705439861,-0.013905784621748324,-0.000622242300604429,0.000622242300604429
90,117.0,1.3,0.26236426446749106,0.05,1.0,0.5,0.25,26,0.038461538461538464,0.19611613513818404,call,3.7363274443672885,0.0027905179717899295,3.668905000200433,-0.06742244416685539,0.06742244416685539,-0.018045111187590984,-0.0007491382685206155,0.0007491382685206155
90,117.0,1.3,0.26236426446749106,0.05,1.0,0.5,0.25,52,0.019230769230769232,0.1386750490563073,call,3.6160345301703556,0.0026865655886139394,3.541190548510633,-0.07484398165972239,0.07484398165972239,-0.020697806128581523,-0.0008315997962191376,0.0008315997962191376
90,117.0,1.3,0.26236426446749106,0.05,1.0,0.5,0.25,126,0.007936507936507936,0.0890870806374748,call,3.546033638077306,0.002741320523159166,3.466725376523576,-0.07930826155372994,0.07930826155372994,-0.02236534383151866,-0.0008812029061525549,0.0008812029061525549
90,117.0,1.3,0.26236426446749106,0.05,1.0,0.6,0.36,12,0.08333333333333333,0.2886751345948129,call,5.945171365644979,0.004457173717374198,5.928431146111849,-0.016740219533130762,0.016740219533130762,-0.0028157673687703114,-0.00018600243925700848,0.00018600243925700848
90,117.0,1.3,0.26236426446749106,0.05,1.0,0.6,0.36,26,0.038461538461538464,0.19611613513818404,call,5.564869024263089,0.004254433988400225,5.536996724326187,-0.027872299936902323,0.027872299936902323,-0.005008617420352176,-0.0003096922215211369,0.0003096922215211369
90,117.0,1.3,0.26236426446749106,0.05,1.0,0.6,0.36,52,0.019230769230769232,0.1386750490563073,call,5.4017541309205255,0.0040908764792081075,5.370760405799739,-0.03099372512078613,0.03099372512078613,-0.005737714892163079,-0.00034437472356429035,0.00034437472356429035
90,117.0,1.3,0.26236426446749106,0.05,1.0,0.6,0.36,126,0.007936507936507936,0.0890870806374748,call,5.3193387554465525,0.004132471161855838,5.273576764870084,-0.04576199057646857,0.04576199057646857,-0.00860294722339542,-0.0005084665619607618,0.0005084665619607618
90,62.99999999999999,0.7,-0.35667494393873245,0.05,2.0,0.1,0.010000000000000002,12,0.08333333333333333,0.2886751345948129,call,28.998883766914737,0.0003489520633643808,28.998923435979066,3.966906432850692e-05,3.966906432850692e-05,1.3679514234877535e-06,4.407673814278547e-07,4.407673814278547e-07
90,62.99999999999999,0.7,-0.35667494393873245,0.05,2.0,0.1,0.010000000000000002,26,0.038461538461538464,0.19611613513818404,call,28.805990195696616,0.00034240853943148873,28.806377351647477,0.00038715595086102894,0.00038715595086102894,1.3440119510936546e-05,4.301732787344766e-06,4.301732787344766e-06
90,62.99999999999999,0.7,-0.35667494393873245,0.05,2.0,0.1,0.010000000000000002,52,0.019230769230769232,0.1386750490563073,call,28.723979597430805,0.00034022645744496,28.723945706207545,-3.3891223260695824e-05,3.3891223260695824e-05,-1.1798930279050608e-06,-3.765691473410647e-07,3.765691473410647e-07
90,62.99999999999999,0.7,-0.35667494393873245,0.05,2.0,0.1,0.010000000000000002,126,0.007936507936507936,0.0890870806374748,call,28.67547532005459,0.00034146186632210123,28.67555810150186,8.278144726858727e-05,8.278144726858727e-05,2.886837841208962e-06,9.197938585398586e-07,9.197938585398586e-07
90,62.99999999999999,0.7,-0.35667494393873245,0.05,2.0,0.2,0.04000000000000001,12,0.08333333333333333,0.2886751345948129,call,29.028490655468282,0.0012565065491131893,29.03911389204899,0.010623236580709516,0.010623236580709516,0.00036595897137036814,0.00011803596200788351,0.00011803596200788351
90,62.99999999999999,0.7,-0.35667494393873245,0.05,2.0,0.2,0.04000000000000001,26,0.038461538461538464,0.19611613513818404,call,28.829193768514124,0.0012502096694484452,28.838856029712122,0.009662261197998845,0.009662261197998845,0.000335155442624674,0.00010735845775554272,0.00010735845775554272
90,62.99999999999999,0.7,-0.35667494393873245,0.05,2.0,0.2,0.04000000000000001,52,0.019230769230769232,0.1386750490563073,call,28.744459650870986,0.0012395736306875687,28.753437274506645,0.00897762363565846,0.00897762363565846,0.0003123253574671538,9.975137372953845e-05,9.975137372953845e-05
90,62.99999999999999,0.7,-0.35667494393873245,0.05,2.0,0.2,0.04000000000000001,126,0.007936507936507936,0.0890870806374748,call,28.6942180475826,0.0012389761395114505,28.703381878982164,0.009163831399565225,0.009163831399565225,0.0003193616004579449,0.00010182034888405806,0.00010182034888405806
90,62.99999999999999,0.7,-0.35667494393873245,0.05,2.0,0.3,0.09,12,0.08333333333333333,0.2886751345948129,call,29.397325935077035,0.0027731423789467352,29.47693958550833,0.07961365043129476,0.07961365043129476,0.002708193616219336,0.0008845961159032751,0.0008845961159032751
90,62.99999999999999,0.7,-0.35667494393873245,0.05,2.0,0.3,0.09,26,0.038461538461538464,0.19611613513818404,call,29.139708028696887,0.0027235080167161982,29.22831770354535,0.08860967484846327,0.08860967484846327,0.003040856646923166,0.000984551942760703,0.000984551942760703
90,62.99999999999999,0.7,-0.35667494393873245,0.05,2.0,0.3,0.09,52,0.019230769230769232,0.1386750490563073,call,29.038145093856073,0.0026534638989026897,29.12283958875506,0.0846944948989865,0.0846944948989865,0.0029166633965509825,0.0009410499433220723,0.0009410499433220723
90,62.99999999999999,0.7,-0.35667494393873245,0.05,2.0,0.3,0.09,126,0.007936507936507936,0.0890870806374748,call,28.97571619193241,0.0026466077734615943,29.061198029192653,0.08548183726024305,0.08548183726024305,0.002950119910549214,0.0009497981917804784,0.0009497981917804784
90,62.99999999999999,0.7,-0.35667494393873245,0.05,2.0,0.4,0.16000000000000003,12,0.08333333333333333,0.2886751345948129,call,30.27502588367844,0.004947066186629371,30.499476101369623,0.22445021769118512,0.22445021769118512,0.007413708531697356,0.0024938913076798346,0.0024938913076798346
90,62.99999999999999,0.7,-0.35667494393873245,0.05,2.0,0.4,0.16000000000000003,26,0.038461538461538464,0.19611613513818404,call,29.94713784723343,0.004812619589519921,30.176826052424982,0.2296882051915503,0.2296882051915503,0.007669788223610468,0.0025520911687950034,0.0025520911687950034
90,62.99999999999999,0.7,-0.35667494393873245,0.05,2.0,0.4,0.16000000000000003,52,0.019230769230769232,0.1386750490563073,call,29.80092027073724,0.004674616186506559,30.039817105371977,0.23889683463473688,0.23889683463473688,0.008016424743410343,0.0026544092737192985,0.0026544092737192985
90,62.99999999999999,0.7,-0.35667494393873245,0.05,2.0,0.4,0.16000000000000003,126,0.007936507936507936,0.0890870806374748,call,29.726404856290184,0.004803363469005517,29.959718781050757,0.2333139247605729,0.2333139247605729,0.007848709788099487,0.0025923769417841433,0.0025923769417841433
90,62.99999999999999,0.7,-0.35667494393873245,0.05,2.0,0.5,0.25,12,0.08333333333333333,0.2886751345948129,call,31.563087469722447,0.008101317071392462,31.97498782355273,0.41190035383028345,0.41190035383028345,0.013050065340578848,0.004576670598114261,0.004576670598114261
90,62.99999999999999,0.7,-0.35667494393873245,0.05,2.0,0.5,0.25,26,0.038461538461538464,0.19611613513818404,call,31.130459387555394,0.00796557214018189,31.573071490706603,0.4426121031512089,0.4426121031512089,0.014217975316102981,0.004917912257235655,0.004917912257235655
90,62.99999999999999,0.7,-0.35667494393873245,0.05,2.0,0.5,0.25,52,0.019230769230769232,0.1386750490563073,call,30.946670788480226,0.007824138094972169,31.4019775942051,0.4553068057248737,0.4553068057248737,0.014712626402913745,0.0050589645080541526,0.0050589645080541526
90,62.99999999999999,0.7,-0.35667494393873245,0.05,2.0,0.5,0.25,126,0.007936507936507936,0.0890870806374748,call,30.84790246531738,0.0077515727398989155,31.301831023061734,0.45392855774435503,0.45392855774435503,0.014715054232770338,0.005043650641603945,0.005043650641603945
90,62.99999999999999,0.7,-0.35667494393873245,0.05,2.0,0.6,0.36,12,0.08333333333333333,0.2886751345948129,call,33.07404488338608,0.012348883744111536,33.76377772416415,0.6897328407780705,0.6897328407780705,0.020854202841229758,0.00766369823086745,0.00766369823086745
90,62.99999999999999,0.7,-0.35667494393873245,0.05,2.0,0.6,0.36,26,0.038461538461538464,0.19611613513818404,call,32.566777334579726,0.011980270564280637,33.28504613687451,0.7182688022947872,0.7182688022947872,0.022055261867502077,0.00798076446994208,0.00798076446994208
90,62.99999999999999,0.7,-0.35667494393873245,0.05,2.0,0.6,0.36,52,0.019230769230769232,0.1386750490563073,call,32.36367204702453,0.012229030402386683,33.08079641412907,0.7171243671045389,0.7171243671045389,0.02215831275457725,0.007968048523383765,0.007968048523383765
90,62.99999999999999,0.7,-0.35667494393873245,0.05,2.0,0.6,0.36,126,0.007936507936507936,0.0890870806374748,call,32.21749920049592,0.012457319335657925,32.96111109810486,0.7436118976089361,0.7436118976089361,0.023080993747568394,0.008262354417877068,0.008262354417877068
90,72.0,0.8,-0.2231435513142097,0.05,2.0,0.1,0.010000000000000002,12,0.08333333333333333,0.2886751345948129,call,20.85638031614045,0.0003488895093600362,20.85676993334371,0.0003896172032611389,0.0003896172032611389,1.8680959848033643e-05,4.329080036234877e-06,4.329080036234877e-06
90,72.0,0.8,-0.2231435513142097,0.05,2.0,0.1,0.010000000000000002,26,0.038461538461538464,0.19611613513818404,call,20.66346825785767,0.0003425002260366778,20.66385874119243,0.0003904833347618819,0.0003904833347618819,1.8897279483244218e-05,4.338703719576465e-06,4.338703719576465e-06
90,72.0,0.8,-0.2231435513142097,0.05,2.0,0.1,0.010000000000000002,52,0.019230769230769232,0.1386750490563073,call,20.581186600645896,0.00033992015281998275,20.58129483335206,0.00010823270616455716,0.00010823270616455716,5.2588175922354496e-06,1.202585624050635e-06,1.202585624050635e-06
90,72.0,0.8,-0.2231435513142097,0.05,2.0,0.1,0.010000000000000002,126,0.007936507936507936,0.0890870806374748,call,20.53191965416398,0.00033549224606672906,20.532835797325518,0.0009161431615396509,0.0009161431615396509,4.462043379143325e-05,1.0179368461551677e-05,1.0179368461551677e-05
90,72.0,0.8,-0.2231435513142097,0.05,2.0,0.2,0.04000000000000001,12,0.08333333333333333,0.2886751345948129,call,21.137403528501327,0.0011901014149666657,21.176053403352157,0.03864987485082949,0.03864987485082949,0.0018285062684598246,0.00042944305389810544,0.00042944305389810544
90,72.0,0.8,-0.2231435513142097,0.05,2.0,0.2,0.04000000000000001,26,0.038461538461538464,0.19611613513818404,call,20.910098705966547,0.0011701050181205984,20.94769862059884,0.03759991463229184,0.03759991463229184,0.0017981701167944738,0.00041777682924768714,0.00041777682924768714
90,72.0,0.8,-0.2231435513142097,0.05,2.0,0.2,0.04000000000000001,52,0.019230769230769232,0.1386750490563073,call,20.81439215744159,0.0011631585815629797,20.850490346497338,0.036098189055749685,0.036098189055749685,0.0017342898501527375,0.0004010909895083298,0.0004010909895083298
90,72.0,0.8,-0.2231435513142097,0.05,2.0,0.2,0.04000000000000001,126,0.007936507936507936,0.0890870806374748,call,20.756206919304578,0.0011559912366704726,20.793587439552542,0.037380520247964455,0.037380520247964455,0.0018009321449382074,0.00041533911386627175,0.00041533911386627175
90,72.0,0.8,-0.2231435513142097,0.05,2.0,0.3,0.09,12,0.08333333333333333,0.2886751345948129,call,22.219440426711653,0.002606907607705835,22.350797813571187,0.13135738685953413,0.13135738685953413,0.005911822455331484,0.0014595265206614903,0.0014595265206614903
90,72.0,0.8,-0.2231435513142097,0.05,2.0,0.3,0.09,26,0.038461538461538464,0.19611613513818404,call,21.905524665899613,0.0025096397550457366,22.045224306731388,0.13969964083177544,0.13969964083177544,0.006377370227942827,0.0015522182314641716,0.0015522182314641716
90,72.0,0.8,-0.2231435513142097,0.05,2.0,0.3,0.09,52,0.019230769230769232,0.1386750490563073,call,21.773779767561052,0.0025089985525265867,21.91505281858894,0.14127305102788767,0.14127305102788767,0.006488218974197519,0.0015697005669765298,0.0015697005669765298
90,72.0,0.8,-0.2231435513142097,0.05,2.0,0.3,0.09,126,0.007936507936507936,0.0890870806374748,call,21.694816060557738,0.0024617155830307107,21.838831521214598,0.14401546065685977,0.14401546065685977,0.006638242991084266,0.0016001717850762198,0.0016001717850762198
90,72.0,0.8,-0.2231435513142097,0.05,2.0,0.4,0.16000000000000003,12,0.08333333333333333,0.2886751345948129,call,23.847806327443916,0.004680858660254569,24.118340609856812,0.27053428241289623,0.27053428241289623,0.011344199910813892,0.0030059364712544025,0.0030059364712544025
90,72.0,0.8,-0.2231435513142097,0.05,2.0,0.4,0.16000000000000003,26,0.038461538461538464,0.19611613513818404,call,23.44281184288689,0.004614302707663139,23.72893102098606,0.2861191780991703,0.2861191780991703,0.01220498547771204,0.00317910197887967,0.00317910197887967
90,72.0,0.8,-0.2231435513142097,0.05,2.0,0.4,0.16000000000000003,52,0.019230769230769232,0.1386750490563073,call,23.265039059164952,0.004507565266201736,23.562682624490282,0.29764356532533043,0.29764356532533043,0.012793598350228332,0.0033071507258370047,0.0033071507258370047
90,72.0,0.8,-0.2231435513142097,0.05,2.0,0.4,0.16000000000000003,126,0.007936507936507936,0.0890870806374748,call,23.167648295081964,0.004510292385519265,23.465231609808775,0.2975833147268112,0.2975833147268112,0.012844778673111259,0.003306481274742347,0.003306481274742347
90,72.0,0.8,-0.2231435513142097,0.05,2.0,0.5,0.25,12,0.08333333333333333,0.2886751345948129,call,25.754768079825634,0.0076013558073053595,26.222899217195106,0.4681311373694719,0.4681311373694719,0.018176484288987674,0.005201457081883021,0.005201457081883021
90,72.0,0.8,-0.2231435513142097,0.05,2.0,0.5,0.25,26,0.038461538461538464,0.19611613513818404,call,25.265616503584106,0.007607313151793525,25.752321668448776,0.4867051648646701,0.4867051648646701,0.019263538049650503,0.005407835165163001,0.005407835165163001
90,72.0,0.8,-0.2231435513142097,0.05,2.0,0.5,0.25,52,0.019230769230769232,0.1386750490563073,call,25.039120232226434,0.00727526407644144,25.551074071450753,0.5119538392243186,0.5119538392243186,0.020446159229085523,0.005688375991381318,0.005688375991381318
90,72.0,0.8,-0.2231435513142097,0.05,2.0,0.5,0.25,126,0.007936507936507936,0.0890870806374748,call,24.92459555696128,0.007518107555834645,25.4330067020469,0.5084111450856206,0.5084111450856206,0.02039796970521452,0.005649012723173562,0.005649012723173562
90,72.0,0.8,-0.2231435513142097,0.05,2.0,0.6,0.36,12,0.08333333333333333,0.2886751345948129,call,27.822876880424012,0.013500216666633588,28.535640182192136,0.7127633017681241,0.7127633017681241,0.025617886490725175,0.007919592241868046,0.007919592241868046
90,72.0,0.8,-0.2231435513142097,0.05,2.0,0.6,0.36,26,0.038461538461538464,0.19611613513818404,call,27.23444826753692,0.011662350582322954,27.988726180125262,0.7542779125883428,0.7542779125883428,0.027695729510607763,0.00838086569542603,0.00838086569542603
90,72.0,0.8,-0.2231435513142097,0.05,2.0,0.6,0.36,52,0.019230769230769232,0.1386750490563073,call,26.99070871078244,0.011737558062209351,27.75454063714742,0.7638319263649826,0.7638319263649826,0.028299809929030938,0.008487021404055363,0.008487021404055363
90,72.0,0.8,-0.2231435513142097,0.05,2.0,0.6,0.36,126,0.007936507936507936,0.0890870806374748,call,26.836991457690807,0.011472823813299823,27.617065291440763,0.780073833749956,0.780073833749956,0.029067111899624146,0.008667487041666177,0.008667487041666177
90,81.0,0.9,-0.10536051565782628,0.05,2.0,0.1,0.010000000000000002,12,0.08333333333333333,0.2886751345948129,call,12.799191500667213,0.0003341178992113941,12.80572867494893,0.006537174281717739,0.006537174281717739,0.0005107490017144412,7.263526979686376e-05,7.263526979686376e-05
90,81.0,0.9,-0.10536051565782628,0.05,2.0,0.1,0.010000000000000002,26,0.038461538461538464,0.19611613513818404,call,12.595722266334503,0.00032226775646829154,12.603205454349997,0.007483188015493525,0.007483188015493525,0.0005941055111618634,8.314653350548361e-05,8.314653350548361e-05
90,81.0,0.9,-0.10536051565782628,0.05,2.0,0.1,0.010000000000000002,52,0.019230769230769232,0.1386750490563073,call,12.50997910366999,0.0003208933997850429,12.516641512514257,0.006662408844267276,0.006662408844267276,0.0005325675438029116,7.402676493630306e-05,7.402676493630306e-05
90,81.0,0.9,-0.10536051565782628,0.05,2.0,0.1,0.010000000000000002,126,0.007936507936507936,0.0890870806374748,call,12.458721208667797,0.00031892457156609924,12.465868176114748,0.007146967446951535,0.007146967446951535,0.0005736517678860362,7.941074941057262e-05,7.941074941057262e-05
90,81.0,0.9,-0.10536051565782628,0.05,2.0,0.2,0.04000000000000001,12,0.08333333333333333,0.2886751345948129,call,14.027634717996463,0.0011053628491711623,14.087428047302222,0.05979332930575865,0.05979332930575865,0.00426253823312408,0.0006643703256195405,0.0006643703256195405
90,81.0,0.9,-0.10536051565782628,0.05,2.0,0.2,0.04000000000000001,26,0.038461538461538464,0.19611613513818404,call,13.750908163682611,0.0010653762878165079,13.81383014890151,0.0629219852188978,0.0629219852188978,0.004575842153108144,0.0006991331690988645,0.0006991331690988645
90,81.0,0.9,-0.10536051565782628,0.05,2.0,0.2,0.04000000000000001,52,0.019230769230769232,0.1386750490563073,call,13.6346580396761,0.001063000479797217,13.696855215067135,0.06219717539103442,0.06219717539103442,0.004561696759100528,0.0006910797265670491,0.0006910797265670491
90,81.0,0.9,-0.10536051565782628,0.05,2.0,0.2,0.04000000000000001,126,0.007936507936507936,0.0890870806374748,call,13.563187968503003,0.0010510568790969468,13.628236658333725,0.06504868983072143,0.06504868983072143,0.0047959734821769184,0.0007227632203413492,0.0007227632203413492
90,81.0,0.9,-0.10536051565782628,0.05,2.0,0.3,0.09,12,0.08333333333333333,0.2886751345948129,call,16.077849150127083,0.002469050714246,16.218796996933108,0.140947846806025,0.140947846806025,0.008766585971165858,0.0015660871867336113,0.0015660871867336113
90,81.0,0.9,-0.10536051565782628,0.05,2.0,0.3,0.09,26,0.038461538461538464,0.19611613513818404,call,15.707681477084648,0.002342244956107141,15.86093282413477,0.1532513470501211,0.1532513470501211,0.00975645879206895,0.0017027927450013456,0.0017027927450013456
90,81.0,0.9,-0.10536051565782628,0.05,2.0,0.3,0.09,52,0.019230769230769232,0.1386750490563073,call,15.555726906245537,0.0023620733897641456,15.707713326708916,0.15198642046337874,0.15198642046337874,0.009770447975809927,0.0016887380051486525,0.0016887380051486525
90,81.0,0.9,-0.10536051565782628,0.05,2.0,0.3,0.09,126,0.007936507936507936,0.0890870806374748,call,15.463387165785361,0.002306798181752572,15.617769816656311,0.15438265087095004,0.15438265087095004,0.009983753831925037,0.0017153627874550005,0.0017153627874550005
90,81.0,0.9,-0.10536051565782628,0.05,2.0,0.4,0.16000000000000003,12,0.08333333333333333,0.2886751345948129,call,18.414798446600155,0.004547219931580505,18.680037508521604,0.26523906192144864,0.26523906192144864,0.014403582134803033,0.002947100688016096,0.002947100688016096
90,81.0,0.9,-0.10536051565782628,0.05,2.0,0.4,0.16000000000000003,26,0.038461538461538464,0.19611613513818404,call,17.957172333797807,0.004413576600907977,18.238814367507448,0.281642033709641,0.281642033709641,0.015684097054609925,0.0031293559301071227,0.0031293559301071227
90,81.0,0.9,-0.10536051565782628,0.05,2.0,0.4,0.16000000000000003,52,0.019230769230769232,0.1386750490563073,call,17.759936423532974,0.004316363002091043,18.049728017416584,0.28979159388361,0.28979159388361,0.016317152661628836,0.0032199065987067775,0.0032199065987067775
90,81.0,0.9,-0.10536051565782628,0.05,2.0,0.4,0.16000000000000003,126,0.007936507936507936,0.0890870806374748,call,17.65065154846222,0.004335744581571548,17.938678457608397,0.28802690914617557,0.28802690914617557,0.01631820266551403,0.003200298990513062,0.003200298990513062
90,81.0,0.9,-0.10536051565782628,0.05,2.0,0.5,0.25,12,0.08333333333333333,0.2886751345948129,call,20.85980817863687,0.007566233078359234,21.305353788763814,0.44554561012694194,0.44554561012694194,0.021359046368568144,0.004950506779188244,0.004950506779188244
90,81.0,0.9,-0.10536051565782628,0.05,2.0,0.5,0.25,26,0.038461538461538464,0.19611613513818404,call,20.306364124828114,0.0072890495994050895,20.783998777630835,0.47763465280272044,0.47763465280272044,0.023521426576741417,0.005307051697808005,0.005307051697808005
90,81.0,0.9,-0.10536051565782628,0.05,2.0,0.5,0.25,52,0.019230769230769232,0.1386750490563073,call,20.08029517134971,0.007143669990747592,20.560425801542134,0.4801306301924235,0.4801306301924235,0.02391053647844118,0.005334784779915817,0.005334784779915817
90,81.0,0.9,-0.10536051565782628,0.05,2.0,0.5,0.25,126,0.007936507936507936,0.0890870806374748,call,19.94114450359014,0.006899883079856907,20.42908076751221,0.48793626392206946,0.48793626392206946,0.02446881942178509,0.005421514043578549,0.005421514043578549
90,81.0,0.9,-0.10536051565782628,0.05,2.0,0.6,0.36,12,0.08333333333333333,0.2886751345948129,call,23.332099238593035,0.011860000500999135,24.03466470752623,0.7025654689331944,0.7025654689331944,0.03011154126119516,0.007806282988146604,0.007806282988146604
90,81.0,0.9,-0.10536051565782628,0.05,2.0,0.6,0.36,26,0.038461538461538464,0.19611613513818404,call,22.719197824389163,0.011327474557543243,23.437476910133498,0.7182790857443351,0.7182790857443351,0.03161551262929095,0.007980878730492611,0.007980878730492611
90,81.0,0.9,-0.10536051565782628,0.05,2.0,0.6,0.36,52,0.019230769230769232,0.1386750490563073,call,22.437820881986056,0.011123793543147926,23.18125613105646,0.743435249070405,0.743435249070405,0.033133130573622833,0.008260391656337834,0.008260391656337834
90,81.0,0.9,-0.10536051565782628,0.05,2.0,0.6,0.36,126,0.007936507936507936,0.0890870806374748,call,22.274658828931145,0.010709774377915262,23.030695518363533,0.7560366894323884,0.7560366894323884,0.03394156091182956,0.008400407660359871,0.008400407660359871
90,90.0,1.0,0.0,0.05,2.0,0.1,0.010000000000000002,12,0.08333333333333333,0.2886751345948129,call,5.749945241537385,0.00029955458055806196,5.76279936142718,0.012854119889794902,0.012854119889794902,0.0022355204006009014,0.00014282355433105446,0.00014282355433105446
90,90.0,1.0,0.0,0.05,2.0,0.1,0.010000000000000002,26,0.038461538461538464,0.19611613513818404,call,5.531442115951916,0.0002887999884879216,5.544927191736984,0.01348507578506819,0.01348507578506819,0.002437895127959324,0.00014983417538964655,0.00014983417538964655
90,90.0,1.0,0.0,0.05,2.0,0.1,0.010000000000000002,52,0.019230769230769232,0.1386750490563073,call,5.438094944184576,0.0002841981178141102,5.4516110289855115,0.013516084800935246,0.013516084800935246,0.0024854448000009932,0.00015017872001039164,0.00015017872001039164
90,90.0,1.0,0.0,0.05,2.0,0.1,0.010000000000000002,126,0.007936507936507936,0.0890870806374748,call,5.383595753718763,0.0002822968710635136,5.396821449281016,0.013225695562253392,0.013225695562253392,0.002456665798712252,0.00014695217291392658,0.00014695217291392658
90,90.0,1.0,0.0,0.05,2.0,0.2,0.04000000000000001,12,0.08333333333333333,0.2886751345948129,call,8.385630321756357,0.00103494275956315,8.430884550804807,0.045254229048449446,0.045254229048449446,0.005396640122691578,0.0005028247672049939,0.0005028247672049939
90,90.0,1.0,0.0,0.05,2.0,0.2,0.04000000000000001,26,0.038461538461538464,0.19611613513818404,call,8.088640472554163,0.0010034274187661512,8.13449384718518,0.04585337463101702,0.04585337463101702,0.00566886051946599,0.0005094819403446335,0.0005094819403446335
90,90.0,1.0,0.0,0.05,2.0,0.2,0.04000000000000001,52,0.019230769230769232,0.1386750490563073,call,7.962647346850441,0.0009801152728347263,8.00744479869014,0.04479745183969808,0.04479745183969808,0.005625949497489341,0.0004977494648855342,0.0004977494648855342
90,90.0,1.0,0.0,0.05,2.0,0.2,0.04000000000000001,126,0.007936507936507936,0.0890870806374748,call,7.886220933921116,0.0009753309231772751,7.932819099824951,0.04659816590383503,0.04659816590383503,0.005908808070973724,0.0005177573989315003,0.0005177573989315003
90,90.0,1.0,0.0,0.05,2.0,0.3,0.09,12,0.08333333333333333,0.2886751345948129,call,11.180680939959851,0.0023511352668370167,11.28867365124173,0.10799271128187904,0.10799271128187904,0.009658867099579969,0.0011999190142431004,0.0011999190142431004
90,90.0,1.0,0.0,0.05,2.0,0.3,0.09,26,0.038461538461538464,0.19611613513818404,call,10.800103186495388,0.0023061562814835983,10.906723718022212,0.10662053152682383,0.10662053152682383,0.009872177115876424,0.0011846725725202648,0.0011846725725202648
90,90.0,1.0,0.0,0.05,2.0,0.3,0.09,52,0.019230769230769232,0.1386750490563073,call,10.634535804640276,0.002249935117700768,10.742926766208171,0.10839096156789552,0.10839096156789552,0.010192354754271472,0.0012043440174210613,0.0012043440174210613
90,90.0,1.0,0.0,0.05,2.0,0.3,0.09,126,0.007936507936507936,0.0890870806374748,call,10.533833812437823,0.0021890831480078244,10.64669533004758,0.11286151760975649,0.11286151760975649,0.010714191966508458,0.0012540168623306276,0.0012540168623306276
90,90.0,1.0,0.0,0.05,2.0,0.4,0.16000000000000003,12,0.08333333333333333,0.2886751345948129,call,13.997010505136421,0.00438295354805178,14.213870176691746,0.2168596715553246,0.2168596715553246,0.015493284903640285,0.002409551906170273,0.002409551906170273
90,90.0,1.0,0.0,0.05,2.0,0.4,0.16000000000000003,26,0.038461538461538464,0.19611613513818404,call,13.521837394572314,0.004200608565778655,13.74675979476112,0.22492240018880594,0.22492240018880594,0.016634011608443845,0.0024991377798756213,0.0024991377798756213
90,90.0,1.0,0.0,0.05,2.0,0.4,0.16000000000000003,52,0.019230769230769232,0.1386750490563073,call,13.317849630525243,0.004092620682592572,13.546372976411279,0.2285233458860354,0.2285233458860354,0.017159177511829486,0.0025391482876226156,0.0025391482876226156
90,90.0,1.0,0.0,0.05,2.0,0.4,0.16000000000000003,126,0.007936507936507936,0.0890870806374748,call,13.19994059862027,0.0040523987375165205,13.428625476958352,0.2286848783380826,0.2286848783380826,0.017324689958224962,0.0025409430926453622,0.0025409430926453622
90,90.0,1.0,0.0,0.05,2.0,0.5,0.25,12,0.08333333333333333,0.2886751345948129,call,16.79209607437415,0.00714384625966497,17.185609938896835,0.393513864522685,0.393513864522685,0.023434469573051883,0.004372376272474277,0.004372376272474277
90,90.0,1.0,0.0,0.05,2.0,0.5,0.25,26,0.038461538461538464,0.19611613513818404,call,16.24104502565847,0.007205735452763216,16.63605276008808,0.3950077344296119,0.3950077344296119,0.024321571290859524,0.0043889748269956876,0.0043889748269956876
90,90.0,1.0,0.0,0.05,2.0,0.5,0.25,52,0.019230769230769232,0.1386750490563073,call,15.994778495053355,0.006955405422324852,16.400222464474794,0.4054439694214391,0.4054439694214391,0.02534852042789022,0.004504932993571546,0.004504932993571546
90,90.0,1.0,0.0,0.05,2.0,0.5,0.25,126,0.007936507936507936,0.0890870806374748,call,15.850073556090019,0.006700700007340722,16.26162815383614,0.4115545977461199,0.4115545977461199,0.02596546926357889,0.004572828863845777,0.004572828863845777
90,90.0,1.0,0.0,0.05,2.0,0.6,0.36,12,0.08333333333333333,0.2886751345948129,call,19.568148108055276,0.011332428427454879,20.200509940346663,0.6323618322913873,0.6323618322913873,0.03231587520696831,0.007026242581015415,0.007026242581015415
90,90.0,1.0,0.0,0.05,2.0,0.6,0.36,26,0.038461538461538464,0.19611613513818404,call,18.924602825827463,0.01145490140982992,19.572573027442534,0.6479702016150704,0.6479702016150704,0.03423956674698341,0.007199668906834115,0.007199668906834115
90,90.0,1.0,0.0,0.05,2.0,0.6,0.36,52,0.019230769230769232,0.1386750490563073,call,18.654901233983963,0.011081113056492566,19.303028135169832,0.6481269011858686,0.6481269011858686,0.03474298218235347,0.007201410013176318,0.007201410013176318
90,90.0,1.0,0.0,0.05,2.0,0.6,0.36,126,0.007936507936507936,0.0890870806374748,call,18.48940373813944,0.011047833109219947,19.14459928764867,0.6551955495092301,0.6551955495092301,0.0354362725152521,0.007279950550102557,0.007279950550102557
90,99.00000000000001,1.1,0.09531017980432493,0.05,2.0,0.1,0.010000000000000002,12,0.08333333333333333,0.2886751345948129,call,1.615859475223879,0.00027736721159602997,1.609780914214171,-0.00607856100970805,0.00607856100970805,-0.0037618128945686065,-6.753956677453389e-05,6.753956677453389e-05
90,99.00000000000001,1.1,0.09531017980432493,0.05,2.0,0.1,0.010000000000000002,26,0.038461538461538464,0.19611613513818404,call,1.4694785279845912,0.00026469796333885063,1.462490084533351,-0.006988443451240167,0.006988443451240167,-0.004755730225486797,-7.76493716804463e-05,7.76493716804463e-05
90,99.00000000000001,1.1,0.09531017980432493,0.05,2.0,0.1,0.010000000000000002,52,0.019230769230769232,0.1386750490563073,call,1.408447360665438,0.00025931387087340063,1.4007681960438807,-0.007679164621557266,0.007679164621557266,-0.0054522198244804495,-8.532405135063629e-05,8.532405135063629e-05
90,99.00000000000001,1.1,0.09531017980432493,0.05,2.0,0.1,0.010000000000000002,126,0.007936507936507936,0.0890870806374748,call,1.3728594204755535,0.0002566984633621991,1.3649269750076387,-0.007932445467914828,0.007932445467914828,-0.005778046426025949,-8.813828297683142e-05,8.813828297683142e-05
90,99.00000000000001,1.1,0.09531017980432493,0.05,2.0,0.2,0.04000000000000001,12,0.08333333333333333,0.2886751345948129,call,4.526244102154431,0.000984227465858543,4.528829032688285,0.002584930533854113,0.002584930533854113,0.0005710983489873472,2.872145037615681e-05,2.872145037615681e-05
90,99.00000000000001,1.1,0.09531017980432493,0.05,2.0,0.2,0.04000000000000001,26,0.038461538461538464,0.19611613513818404,call,4.263069224764902,0.0009467646770802311,4.262242914304216,-0.0008263104606855975,0.0008263104606855975,-0.00019382994202520057,-9.181227340951083e-06,9.181227340951083e-06
90,99.00000000000001,1.1,0.09531017980432493,0.05,2.0,0.2,0.04000000000000001,52,0.019230769230769232,0.1386750490563073,call,4.149409217279009,0.0009161532019915309,4.148694506275216,-0.000714711003793056,0.000714711003793056,-0.00017224403917956552,-7.941233375478399e-06,7.941233375478399e-06
90,99.00000000000001,1.1,0.09531017980432493,0.05,2.0,0.2,0.04000000000000001,126,0.007936507936507936,0.0890870806374748,call,4.083052857994322,0.0009008548146622087,4.082212167363443,-0.000840690630878882,0.000840690630878882,-0.00020589756246551413,-9.341007009765355e-06,9.341007009765355e-06
90,99.00000000000001,1.1,0.09531017980432493,0.05,2.0,0.3,0.09,12,0.08333333333333333,0.2886751345948129,call,7.523382150324477,0.0022561162451713627,7.568830387582109,0.045448237257631696,0.045448237257631696,0.0060409316381292094,0.0005049804139736856,0.0005049804139736856
90,99.00000000000001,1.1,0.09531017980432493,0.05,2.0,0.3,0.09,26,0.038461538461538464,0.19611613513818404,call,7.155584815600656,0.0021662142015049382,7.199543189008688,0.043958373408032436,0.043958373408032436,0.00614322582162594,0.0004884263712003604,0.0004884263712003604
90,99.00000000000001,1.1,0.09531017980432493,0.05,2.0,0.3,0.09,52,0.019230769230769232,0.1386750490563073,call,6.995717277252336,0.0021259924426880045,7.0416532522137825,0.045935974961446746,0.045935974961446746,0.006566299514535089,0.0005103997217938527,0.0005103997217938527
90,99.00000000000001,1.1,0.09531017980432493,0.05,2.0,0.3,0.09,126,0.007936507936507936,0.0890870806374748,call,6.903654281468878,0.002073998080130299,6.949032760404412,0.04537847893553426,0.04537847893553426,0.006573109991521645,0.0005042053215059362,0.0005042053215059362
90,99.00000000000001,1.1,0.09531017980432493,0.05,2.0,0.4,0.16000000000000003,12,0.08333333333333333,0.2886751345948129,call,10.521817048970624,0.004315588271969207,10.658423140052692,0.13660609108206856,0.13660609108206856,0.01298312738629428,0.0015178454564674284,0.0015178454564674284
90,99.00000000000001,1.1,0.09531017980432493,0.05,2.0,0.4,0.16000000000000003,26,0.038461538461538464,0.19611613513818404,call,10.05301854857916,0.004038885409137167,10.19327795798945,0.14025940941028914,0.14025940941028914,0.013951969623105156,0.001558437882336546,0.001558437882336546
90,99.00000000000001,1.1,0.09531017980432493,0.05,2.0,0.4,0.16000000000000003,52,0.019230769230769232,0.1386750490563073,call,9.855982987868472,0.003988410248314115,9.99408085803935,0.1380978701708777,0.1380978701708777,0.014011577570787161,0.001534420779676419,0.001534420779676419
90,99.00000000000001,1.1,0.09531017980432493,0.05,2.0,0.4,0.16000000000000003,126,0.007936507936507936,0.0890870806374748,call,9.74148459005122,0.004010093722855846,9.877134708718097,0.13565011866687726,0.13565011866687726,0.013924994431076138,0.0015072235407430808,0.0015072235407430808
90,99.00000000000001,1.1,0.09531017980432493,0.05,2.0,0.5,0.25,12,0.08333333333333333,0.2886751345948129,call,13.488594995504874,0.007082206540033645,13.788219092741846,0.2996240972369719,0.2996240972369719,0.022213143573279706,0.003329156635966355,0.003329156635966355
90,99.00000000000001,1.1,0.09531017980432493,0.05,2.0,0.5,0.25,26,0.038461538461538464,0.19611613513818404,call,12.936157484562106,0.006925477842566637,13.232676983314148,0.2965194987520423,0.2965194987520423,0.022921760121265223,0.0032946610972449148,0.0032946610972449148
90,99.00000000000001,1.1,0.09531017980432493,0.05,2.0,0.5,0.25,52,0.019230769230769232,0.1386750490563073,call,12.698319744347748,0.006707977984086705,12.994544262990704,0.2962245186429566,0.2962245186429566,0.023327851606100212,0.003291383540477296,0.003291383540477296
90,99.00000000000001,1.1,0.09531017980432493,0.05,2.0,0.5,0.25,126,0.007936507936507936,0.0890870806374748,call,12.556337210059795,0.006704632279797725,12.854675323749317,0.2983381136895229,0.2983381136895229,0.023759963490826173,0.0033148679298835877,0.0033148679298835877
90,99.00000000000001,1.1,0.09531017980432493,0.05,2.0,0.6,0.36,12,0.08333333333333333,0.2886751345948129,call,16.434117832852685,0.01161702474977153,16.958937436597008,0.5248196037443229,0.5248196037443229,0.03193475969213147,0.005831328930492477,0.005831328930492477
90,99.00000000000001,1.1,0.09531017980432493,0.05,2.0,0.6,0.36,26,0.038461538461538464,0.19611613513818404,call,15.767368583933667,0.010691714012613398,16.31858153669271,0.5512129527590446,0.5512129527590446,0.03495909604857649,0.006124588363989384,0.006124588363989384
90,99.00000000000001,1.1,0.09531017980432493,0.05,2.0,0.6,0.36,52,0.019230769230769232,0.1386750490563073,call,15.486139184893709,0.010380260122618487,16.04391599480606,0.557776809912351,0.557776809912351,0.036017809426409295,0.006197520110137233,0.006197520110137233
90,99.00000000000001,1.1,0.09531017980432493,0.05,2.0,0.6,0.36,126,0.007936507936507936,0.0890870806374748,call,15.348762178860188,0.010608829916462814,15.882539515559206,0.5337773366990177,0.5337773366990177,0.03477657223943361,0.005930859296655752,0.005930859296655752
90,108.0,1.2,0.1823215567939546,0.05,2.0,0.1,0.010000000000000002,12,0.08333333333333333,0.2886751345948129,call,0.2702821649226299,0.00022129899019084746,0.2604834951568605,-0.00979866976576943,0.00979866976576943,-0.036253482609828754,-0.00010887410850854922,0.00010887410850854922
90,108.0,1.2,0.1823215567939546,0.05,2.0,0.1,0.010000000000000002,26,0.038461538461538464,0.19611613513818404,call,0.2240976954391972,0.00021165850713376964,0.21388330075786394,-0.010214394681333255,0.010214394681333255,-0.04558009693635896,-0.00011349327423703618,0.00011349327423703618
90,108.0,1.2,0.1823215567939546,0.05,2.0,0.1,0.010000000000000002,52,0.019230769230769232,0.1386750490563073,call,0.20548152202866538,0.00020678690928123585,0.1955633095906659,-0.00991821243799948,0.00991821243799948,-0.048268147617749564,-0.00011020236042221645,0.00011020236042221645
90,108.0,1.2,0.1823215567939546,0.05,2.0,0.1,0.010000000000000002,126,0.007936507936507936,0.0890870806374748,call,0.19546752553062358,0.0002050962995142907,0.1852616239950236,-0.01020590153559997,0.01020590153559997,-0.052212772980548265,-0.00011339890595111079,0.00011339890595111079
90,108.0,1.2,0.1823215567939546,0.05,2.0,0.2,0.04000000000000001,12,0.08333333333333333,0.2886751345948129,call,2.228178923497979,0.0009359327985937953,2.198576269720642,-0.029602653777337284,0.029602653777337284,-0.013285581990365744,-0.0003289183753037476,0.0003289183753037476
90,108.0,1.2,0.1823215567939546,0.05,2.0,0.2,0.04000000000000001,26,0.038461538461538464,0.19611613513818404,call,2.0334038828191336,0.0008859740795019506,2.0008472109899604,-0.03255667182917321,0.03255667182917321,-0.01601092242630927,-0.0003617407981019246,0.0003617407981019246
90,108.0,1.2,0.1823215567939546,0.05,2.0,0.2,0.04000000000000001,52,0.019230769230769232,0.1386750490563073,call,1.9546482326677255,0.0008832179581721727,1.9179861827287636,-0.03666204993896183,0.03666204993896183,-0.018756341589363654,-0.0004073561104329092,0.0004073561104329092
90,108.0,1.2,0.1823215567939546,0.05,2.0,0.2,0.04000000000000001,126,0.007936507936507936,0.0890870806374748,call,1.907071039426418,0.0008741753183244645,1.8698673104430754,-0.037203728983342677,0.037203728983342677,-0.019508307878521553,-0.0004133747664815853,0.0004133747664815853
90,108.0,1.2,0.1823215567939546,0.05,2.0,0.3,0.09,12,0.08333333333333333,0.2886751345948129,call,4.92638234259877,0.002198062399902111,4.913649968098759,-0.01273237450001119,0.01273237450001119,-0.002584528283546623,-0.00014147082777790212,0.00014147082777790212
90,108.0,1.2,0.1823215567939546,0.05,2.0,0.3,0.09,26,0.038461538461538464,0.19611613513818404,call,4.606120157854921,0.002072847401521881,4.58690062629838,-0.01921953155654066,0.01921953155654066,-0.0041726075086784605,-0.00021355035062822954,0.00021355035062822954
90,108.0,1.2,0.1823215567939546,0.05,2.0,0.3,0.09,52,0.019230769230769232,0.1386750490563073,call,4.468041210851953,0.002002597629387483,4.448218422809933,-0.019822788042020534,0.019822788042020534,-0.004436572338203833,-0.00022025320046689483,0.00022025320046689483
90,108.0,1.2,0.1823215567939546,0.05,2.0,0.3,0.09,126,0.007936507936507936,0.0890870806374748,call,4.39156737945507,0.002001106672991625,4.367165307424728,-0.024402072030341948,0.024402072030341948,-0.005556574662727796,-0.0002711341336704661,0.0002711341336704661
90,108.0,1.2,0.1823215567939546,0.05,2.0,0.4,0.16000000000000003,12,0.08333333333333333,0.2886751345948129,call,7.838387139808296,0.004095159522352453,7.898782179042179,0.06039503923388345,0.06039503923388345,0.007705033976589289,0.0006710559914875939,0.0006710559914875939
90,108.0,1.2,0.1823215567939546,0.05,2.0,0.4,0.16000000000000003,26,0.038461538461538464,0.19611613513818404,call,7.405288044720227,0.003920977394797814,7.4589108491479355,0.05362280442770828,0.05362280442770828,0.007241150391974274,0.0005958089380856475,0.0005958089380856475
90,108.0,1.2,0.1823215567939546,0.05,2.0,0.4,0.16000000000000003,52,0.019230769230769232,0.1386750490563073,call,7.22352768022428,0.0038647734511372623,7.2713133034408655,0.047785623216585194,0.047785623216585194,0.006615275158065362,0.0005309513690731688,0.0005309513690731688
90,108.0,1.2,0.1823215567939546,0.05,2.0,0.4,0.16000000000000003,126,0.007936507936507936,0.0890870806374748,call,7.117039727879944,0.003826581595733333,7.161405698252403,0.04436597037245882,0.04436597037245882,0.006233767418588621,0.0004929552263606535,0.0004929552263606535
90,108.0,1.2,0.1823215567939546,0.05,2.0,0.5,0.25,12,0.08333333333333333,0.2886751345948129,call,10.809564430090319,0.006867923124629835,11.020050329248111,0.21048589915779203,0.21048589915779203,0.0194721906251715,0.002338732212864356,0.002338732212864356
90,108.0,1.2,0.1823215567939546,0.05,2.0,0.5,0.25,26,0.038461538461538464,0.19611613513818404,call,10.27925413876222,0.006634957116648409,10.477358308216813,0.1981041694545933,0.1981041694545933,0.019272231893514416,0.00220115743838437,0.00220115743838437
90,108.0,1.2,0.1823215567939546,0.05,2.0,0.5,0.25,52,0.019230769230769232,0.1386750490563073,call,10.058489928164853,0.006742007969728513,10.245341014648258,0.18685108648340432,0.18685108648340432,0.018576455095928583,0.002076123183148937,0.002076123183148937
90,108.0,1.2,0.1823215567939546,0.05,2.0,0.5,0.25,126,0.007936507936507936,0.0890870806374748,call,9.924674313511854,0.006516301006192472,10.109243031646866,0.18456871813501152,0.18456871813501152,0.01859695465106922,0.0020507635348334615,0.0020507635348334615
90,108.0,1.2,0.1823215567939546,0.05,2.0,0.6,0.36,12,0.08333333333333333,0.2886751345948129,call,13.814468051444758,0.011248632072209384,14.232657747941678,0.4181896964969205,0.4181896964969205,0.030271863884993023,0.004646552183299116,0.004646552183299116
90,108.0,1.2,0.1823215567939546,0.05,2.0,0.6,0.36,26,0.038461538461538464,0.19611613513818404,call,13.17792210187519,0.010897947258835602,13.595530350956027,0.41760824908083727,0.41760824908083727,0.031689992234922415,0.004640091656453747,0.004640091656453747
90,108.0,1.2,0.1823215567939546,0.05,2.0,0.6,0.36,52,0.019230769230769232,0.1386750490563073,call,12.912680730797499,0.010553131936819449,13.322734873522588,0.4100541427250892,0.4100541427250892,0.031755926695150614,0.004556157141389881,0.004556157141389881
90,108.0,1.2,0.1823215567939546,0.05,2.0,0.6,0.36,126,0.007936507936507936,0.0890870806374748,call,12.737299739807893,0.010088192068856887,13.162600231043552,0.4253004912356584,0.4253004912356584,0.0333901611741511,0.004725561013729538,0.004725561013729538
90,117.0,1.3,0.26236426446749106,0.05,2.0,0.1,0.010000000000000002,12,0.08333333333333333,0.2886751345948129,call,0.028297315880988334,0.00012761945692918406,0.02507361971135033,-0.003223696169638003,0.003223696169638003,-0.11392233041452021,-3.5818846329311146e-05,3.5818846329311146e-05
90,117.0,1.3,0.26236426446749106,0.05,2.0,0.1,0.010000000000000002,26,0.038461538461538464,0.19611613513818404,call,0.020583027030812582,0.00011700749212468124,0.017856045649082546,-0.0027269813817300363,0.0027269813817300363,-0.13248689697816424,-3.0299793130333737e-05,3.0299793130333737e-05
90,117.0,1.3,0.26236426446749106,0.05,2.0,0.1,0.010000000000000002,52,0.019230769230769232,0.1386750490563073,call,0.01774705146752712,0.0001106530942711353,0.015291518047588291,-0.0024555334199388296,0.0024555334199388296,-0.13836289506636476,-2.7283704665986995e-05,2.7283704665986995e-05
90,117.0,1.3,0.26236426446749106,0.05,2.0,0.1,0.010000000000000002,126,0.007936507936507936,0.0890870806374748,call,0.016409607429910097,0.0001087744527545899,0.013920482272166395,-0.002489125157743702,0.002489125157743702,-0.15168706310467409,-2.7656946197152243e-05,2.7656946197152243e-05
90,117.0,1.3,0.26236426446749106,0.05,2.0,0.2,0.04000000000000001,12,0.08333333333333333,0.2886751345948129,call,1.016051722941192,0.000852838967912759,0.9758492673493098,-0.04020245559188229,0.04020245559188229,-0.03956733174518633,-0.0004466939510209143,0.0004466939510209143
90,117.0,1.3,0.26236426446749106,0.05,2.0,0.2,0.04000000000000001,26,0.038461538461538464,0.19611613513818404,call,0.8949275871830359,0.0008189141456687406,0.8520117014225919,-0.04291588576044403,0.04291588576044403,-0.04795459026526424,-0.0004768431751160448,0.0004768431751160448
90,117.0,1.3,0.26236426446749106,0.05,2.0,0.2,0.04000000000000001,52,0.019230769230769232,0.1386750490563073,call,0.8452537962318918,0.0008074684827346286,0.8013876442739305,-0.043866151957961286,0.043866151957961286,-0.05189701856828667,-0.00048740168842179206,0.00048740168842179206
90,117.0,1.3,0.26236426446749106,0.05,2.0,0.2,0.04000000000000001,126,0.007936507936507936,0.0890870806374748,call,0.8178912761651241,0.0007997929429971064,0.7723540113963523,-0.045537264768771846,0.045537264768771846,-0.05567642802388605,-0.0005059696085419093,0.0005059696085419093
90,117.0,1.3,0.26236426446749106,0.05,2.0,0.3,0.09,12,0.08333333333333333,0.2886751345948129,call,3.1589202721904615,0.0020744255263425164,3.1047097362387217,-0.05421053595173975,0.05421053595173975,-0.017161096602843044,-0.0006023392883526638,0.0006023392883526638
90,117.0,1.3,0.26236426446749106,0.05,2.0,0.3,0.09,26,0.038461538461538464,0.19611613513818404,call,2.899032937072338,0.002021606351229624,2.8363706791297396,-0.06266225794259839,0.06266225794259839,-0.021614883067137367,-0.0006962473104733154,0.0006962473104733154
90,117.0,1.3,0.26236426446749106,0.05,2.0,0.3,0.09,52,0.019230769230769232,0.1386750490563073,call,2.7909642498232623,0.0019630209620179018,2.723719561414264,-0.06724468840899833,0.06724468840899833,-0.024093711846454716,-0.0007471632045444259,0.0007471632045444259
90,117.0,1.3,0.26236426446749106,0.05,2.0,0.3,0.09,126,0.007936507936507936,0.0890870806374748,call,2.728709463134139,0.001947579204329913,2.6582421604711155,-0.07046730266302337,0.07046730266302337,-0.02582440659772041,-0.0007829700295891485,0.0007829700295891485
90,117.0,1.3,0.26236426446749106,0.05,2.0,0.4,0.16000000000000003,12,0.08333333333333333,0.2886751345948129,call,5.804818997970203,0.0040360669256778335,5.799703642790273,-0.005115355179930781,0.005115355179930781,-0.0008812256130155806,-5.6837279777008674e-05,5.6837279777008674e-05
90,117.0,1.3,0.26236426446749106,0.05,2.0,0.4,0.16000000000000003,26,0.038461538461538464,0.19611613513818404,call,5.423650444999854,0.0038794512823699624,5.401005570061708,-0.022644874938146486,0.022644874938146486,-0.0041752091451658984,-0.000251609721534961,0.000251609721534961
90,117.0,1.3,0.26236426446749106,0.05,2.0,0.4,0.16000000000000003,52,0.019230769230769232,0.1386750490563073,call,5.261377189777845,0.0037349417200315286,5.23199949757945,-0.0293776921983957,0.0293776921983957,-0.005583650656233626,-0.00032641880220439664,0.00032641880220439664
90,117.0,1.3,0.26236426446749106,0.05,2.0,0.4,0.16000000000000003,126,0.007936507936507936,0.0890870806374748,call,5.165472906316492,0.00369957354716468,5.133286819908412,-0.03218608640808007,0.03218608640808007,-0.006231004787329729,-0.0003576231823120008,0.0003576231823120008
90,117.0,1.3,0.26236426446749106,0.05,2.0,0.5,0.25,12,0.08333333333333333,0.2886751345948129,call,8.675962267157008,0.006848447474799381,8.784864889284677,0.10890262212766899,0.10890262212766899,0.012552224038585505,0.0012100291347518777,0.0012100291347518777
90,117.0,1.3,0.26236426446749106,0.05,2.0,0.5,0.25,26,0.038461538461538464,0.19611613513818404,call,8.182993762188833,0.0066778475919844855,8.269224961596372,0.0862311994075391,0.0862311994075391,0.010537854715958318,0.0009581244378615455,0.0009581244378615455
90,117.0,1.3,0.26236426446749106,0.05,2.0,0.5,0.25,52,0.019230769230769232,0.1386750490563073,call,7.985161198767467,0.006490167585101413,8.049614328346516,0.06445312957904914,0.06445312957904914,0.008071612829681845,0.0007161458842116571,0.0007161458842116571
90,117.0,1.3,0.26236426446749106,0.05,2.0,0.5,0.25,126,0.007936507936507936,0.0890870806374748,call,7.834987379348252,0.006271342552430913,7.92104127199622,0.0860538926479677,0.0860538926479677,0.01098328414348078,0.0009561543627551966,0.0009561543627551966
90,117.0,1.3,0.26236426446749106,0.05,2.0,0.6,0.36,12,0.08333333333333333,0.2886751345948129,call,11.625026655552615,0.011336725236248514,11.947712362194139,0.32268570664152385,0.32268570664152385,0.027757846601357702,0.003585396740461376,0.003585396740461376
90,117.0,1.3,0.26236426446749106,0.05,2.0,0.6,0.36,26,0.038461538461538464,0.19611613513818404,call,11.040004763027767,0.010667775650191492,11.326231748367023,0.2862269853392565,0.2862269853392565,0.025926346182187476,0.00318029983710285,0.00318029983710285
90,117.0,1.3,0.26236426446749106,0.05,2.0,0.6,0.36,52,0.019230769230769232,0.1386750490563073,call,10.773223823580858,0.010502616342659832,11.060822682068626,0.2875988584877671,0.2875988584877671,0.026695709956221215,0.003195542872086301,0.003195542872086301
90,117.0,1.3,0.26236426446749106,0.05,2.0,0.6,0.36,126,0.007936507936507936,0.0890870806374748,call,10.612531894193031,0.009858229286180957,10.905226195716736,0.2926943015237047,0.2926943015237047,0.02758006331023243,0.003252158905818941,0.003252158905818941
100,70.0,0.7,-0.35667494393873245,0.05,0.25,0.1,0.010000000000000002,12,0.08333333333333333,0.2886751345948129,call,30.29889719679458,4.2889784261847645e-05,30.29891816495162,2.0968157038225854e-05,2.0968157038225854e-05,6.920435718183216e-07,2.0968157038225854e-07,2.0968157038225854e-07
100,70.0,0.7,-0.35667494393873245,0.05,0.25,0.1,0.010000000000000002,26,0.038461538461538464,0.19611613513818404,call,30.27105571589108,4.2533869035468507e-05,30.27104077375123,-1.4942139848983516e-05,1.4942139848983516e-05,-4.936114547580677e-07,-1.4942139848983514e-07,1.4942139848983514e-07
100,70.0,0.7,-0.35667494393873245,0.05,0.25,0.1,0.010000000000000002,52,0.019230769230769232,0.1386750490563073,call,30.259099920021015,4.244877625805976e-05,30.25909491552148,-5.004499534777551e-06,5.004499534777551e-06,-1.653882484279154e-07,-5.004499534777551e-08,5.004499534777551e-08
100,70.0,0.7,-0.35667494393873245,0.05,0.25,0.1,0.010000000000000002,126,0.007936507936507936,0.0890870806374748,call,30.252100147108074,4.2450024533761567e-05,30.252079540130694,-2.0606977379600266e-05,2.0606977379600266e-05,-6.81175101212607e-07,-2.0606977379600267e-07,2.0606977379600267e-07
100,70.0,0.7,-0.35667494393873245,0.05,0.25,0.2,0.04000000000000001,12,0.08333333333333333,0.2886751345948129,call,30.299025505406448,0.00017006285274927165,30.29891816630213,-0.00010733910431781624,0.00010733910431781624,-3.5426586343070025e-06,-1.0733910431781623e-06,1.0733910431781623e-06
100,70.0,0.7,-0.35667494393873245,0.05,0.25,0.2,0.04000000000000001,26,0.038461538461538464,0.19611613513818404,call,30.27077743958774,0.00016774547584232403,30.271040774152176,0.0002633345644369456,0.0002633345644369456,8.699299678129838e-06,2.6333456443694557e-06,2.6333456443694557e-06
100,70.0,0.7,-0.35667494393873245,0.05,0.25,0.2,0.04000000000000001,52,0.019230769230769232,0.1386750490563073,call,30.258973456205368,0.00016739412917451154,30.25909491575122,0.00012145954585207619,0.00012145954585207619,4.0140008724310455e-06,1.2145954585207618e-06,1.2145954585207618e-06
100,70.0,0.7,-0.35667494393873245,0.05,0.25,0.2,0.04000000000000001,126,0.007936507936507936,0.0890870806374748,call,30.25228143778707,0.0001690470902576683,30.252079540294517,-0.0002018974925519501,0.0002018974925519501,-6.673793940703163e-06,-2.018974925519501e-06,2.018974925519501e-06
100,70.0,0.7,-0.35667494393873245,0.05,0.25,0.3,0.09,12,0.08333333333333333,0.2886751345948129,call,30.29856330801702,0.0003813110519430796,30.298988623490196,0.00042531547317636864,0.00042531547317636864,1.4037479891458414e-05,4.253154731763686e-06,4.253154731763686e-06
100,70.0,0.7,-0.35667494393873245,0.05,0.25,0.3,0.09,26,0.038461538461538464,0.19611613513818404,call,30.27033395054388,0.00037642105465711,30.27108004280939,0.0007460922655120328,0.0007460922655120328,2.4647639062423605e-05,7.4609226551203275e-06,7.4609226551203275e-06
100,70.0,0.7,-0.35667494393873245,0.05,0.25,0.3,0.09,52,0.019230769230769232,0.1386750490563073,call,30.259011512817416,0.0003759235905599154,30.259124974156574,0.00011346133915779433,0.00011346133915779433,3.7496710396416363e-06,1.1346133915779434e-06,1.1346133915779434e-06
100,70.0,0.7,-0.35667494393873245,0.05,0.25,0.3,0.09,126,0.007936507936507936,0.0890870806374748,call,30.251468738774097,0.0003740179851211069,30.252105102559153,0.0006363637850554937,0.0006363637850554937,2.1035797982259607e-05,6.363637850554937e-06,6.363637850554937e-06
100,70.0,0.7,-0.35667494393873245,0.05,0.25,0.4,0.16000000000000003,12,0.08333333333333333,0.2886751345948129,call,30.302426778069595,0.00067836972601805,30.30348220268663,0.0010554246170357828,0.0010554246170357828,3.482970604188086e-05,1.0554246170357828e-05,1.0554246170357828e-05
100,70.0,0.7,-0.35667494393873245,0.05,0.25,0.4,0.16000000000000003,26,0.038461538461538464,0.19611613513818404,call,30.273972016965242,0.0006778562458470513,30.274220851533336,0.0002488345680937698,0.0002488345680937698,8.219422544036353e-06,2.488345680937698e-06,2.488345680937698e-06
100,70.0,0.7,-0.35667494393873245,0.05,0.25,0.4,0.16000000000000003,52,0.019230769230769232,0.1386750490563073,call,30.26076746111311,0.0006745640739841812,30.261792121714777,0.0010246606016650617,0.0010246606016650617,3.386102493870361e-05,1.0246606016650617e-05,1.0246606016650617e-05
100,70.0,0.7,-0.35667494393873245,0.05,0.25,0.4,0.16000000000000003,126,0.007936507936507936,0.0890870806374748,call,30.25408671024518,0.0006676471744692064,30.25452084156879,0.0004341313236118083,0.0004341313236118083,1.434951012633923e-05,4.341313236118083e-06,4.341313236118083e-06
100,70.0,0.7,-0.35667494393873245,0.05,0.25,0.5,0.25,12,0.08333333333333333,0.2886751345948129,call,30.329099775172452,0.001048393792627843,30.337754262929714,0.008654487757262075,0.008654487757262075,0.00028535260925702385,8.654487757262075e-05,8.654487757262075e-05
100,70.0,0.7,-0.35667494393873245,0.05,0.25,0.5,0.25,26,0.038461538461538464,0.19611613513818404,call,30.293124419304494,0.00103998699680094,30.30110964898386,0.007985229679366768,0.007985229679366768,0.00026359874831128764,7.985229679366768e-05,7.985229679366768e-05
100,70.0,0.7,-0.35667494393873245,0.05,0.25,0.5,0.25,52,0.019230769230769232,0.1386750490563073,call,30.277187589605628,0.001037651925687141,30.285862843508514,0.008675253902886482,0.008675253902886482,0.0002865277323797656,8.675253902886482e-05,8.675253902886482e-05
100,70.0,0.7,-0.35667494393873245,0.05,0.25,0.5,0.25,126,0.007936507936507936,0.0890870806374748,call,30.26986058042463,0.0010318554445811463,30.27703060957333,0.007170029148699797,0.007170029148699797,0.00023687024027248474,7.170029148699797e-05,7.170029148699797e-05
100,70.0,0.7,-0.35667494393873245,0.05,0.25,0.6,0.36,12,0.08333333333333333,0.2886751345948129,call,30.411803878999326,0.0014736865159302474,30.440879312915886,0.0290754339165602,0.0290754339165602,0.0009560575239878505,0.000290754339165602,0.000290754339165602
100,70.0,0.7,-0.35667494393873245,0.05,0.25,0.6,0.36,26,0.038461538461538464,0.19611613513818404,call,30.35952088215983,0.0014542521867615934,30.387610536528122,0.028089654368290695,0.028089654368290695,0.0009252337834091783,0.00028089654368290695,0.00028089654368290695
100,70.0,0.7,-0.35667494393873245,0.05,0.25,0.6,0.36,52,0.019230769230769232,0.1386750490563073,call,30.33908064896771,0.0014704685536376042,30.365703598928878,0.026622949961168985,0.026622949961168985,0.000877513404878827,0.00026622949961168984,0.00026622949961168984
100,70.0,0.7,-0.35667494393873245,0.05,0.25,0.6,0.36,126,0.007936507936507936,0.0890870806374748,call,30.32872285222432,0.0014692657047807969,30.35309197213109,0.024369119906769043,0.024369119906769043,0.0008034997063841679,0.00024369119906769043,0.00024369119906769043
100,80.0,0.8,-0.2231435513142097,0.05,0.25,0.1,0.010000000000000002,12,0.08333333333333333,0.2886751345948129,call,20.423160811199416,4.305658512632373e-05,20.423140160012817,-2.0651186598996674e-05,2.0651186598996674e-05,-1.0111650586265872e-06,-2.0651186598996674e-07,2.0651186598996674e-07
100,80.0,0.8,-0.2231435513142097,0.05,0.25,0.1,0.010000000000000002,26,0.038461538461538464,0.19611613513818404,call,20.395360495809356,4.2755466784336986e-05,20.39526276881243,-9.772699692689457e-05,9.772699692689457e-05,-4.791628809256624e-06,-9.772699692689456e-07,9.772699692689456e-07
100,80.0,0.8,-0.2231435513142097,0.05,0.25,0.1,0.010000000000000002,52,0.019230769230769232,0.1386750490563073,call,20.38336165309198,4.2455866933106465e-05,20.383316910582664,-4.474250931707502e-05,4.474250931707502e-05,-2.195050555377256e-06,-4.474250931707502e-07,4.474250931707502e-07
100,80.0,0.8,-0.2231435513142097,0.05,0.25,0.1,0.010000000000000002,126,0.007936507936507936,0.0890870806374748,call,20.376355547802685,4.266931294845515e-05,20.376301535191892,-5.401261079285291e-05,5.401261079285291e-05,-2.6507493288552006e-06,-5.401261079285291e-07,5.401261079285291e-07
100,80.0,0.8,-0.2231435513142097,0.05,0.25,0.2,0.04000000000000001,12,0.08333333333333333,0.2886751345948129,call,20.42304228086451,0.00016950642710626942,20.423258403020434,0.00021612215592270445,0.00021612215592270445,1.058227040567807e-05,2.1612215592270443e-06,2.1612215592270443e-06
100,80.0,0.8,-0.2231435513142097,0.05,0.25,0.2,0.04000000000000001,26,0.038461538461538464,0.19611613513818404,call,20.395236461946798,0.00016784479362637645,20.395332520473243,9.60585264451197e-05,9.60585264451197e-05,4.70985107842925e-06,9.60585264451197e-07,9.60585264451197e-07
100,80.0,0.8,-0.2231435513142097,0.05,0.25,0.2,0.04000000000000001,52,0.019230769230769232,0.1386750490563073,call,20.383381941721545,0.00016731391265544968,20.383371715486973,-1.0226234572030535e-05,1.0226234572030535e-05,-5.016946942989405e-07,-1.0226234572030534e-07,1.0226234572030534e-07
100,80.0,0.8,-0.2231435513142097,0.05,0.25,0.2,0.04000000000000001,126,0.007936507936507936,0.0890870806374748,call,20.37638096171605,0.0001672673372692829,20.376348888513473,-3.2073202575588766e-05,3.2073202575588766e-05,-1.5740382276837662e-06,-3.207320257558877e-07,3.207320257558877e-07
100,80.0,0.8,-0.2231435513142097,0.05,0.25,0.3,0.09,12,0.08333333333333333,0.2886751345948129,call,20.437241005016283,0.00037230790038532424,20.439824961939582,0.0025839569232992687,0.0025839569232992687,0.00012643374527241918,2.5839569232992686e-05,2.5839569232992686e-05
100,80.0,0.8,-0.2231435513142097,0.05,0.25,0.3,0.09,26,0.038461538461538464,0.19611613513818404,call,20.405037706317046,0.0003679003898273935,20.407939674545872,0.0029019682288264903,0.0029019682288264903,0.00014221822427351317,2.9019682288264902e-05,2.9019682288264902e-05
100,80.0,0.8,-0.2231435513142097,0.05,0.25,0.3,0.09,52,0.019230769230769232,0.1386750490563073,call,20.391687682323113,0.00036791246858038383,20.3945049171628,0.002817234839685767,0.002817234839685767,0.0001381560410091969,2.8172348396857673e-05,2.8172348396857673e-05
100,80.0,0.8,-0.2231435513142097,0.05,0.25,0.3,0.09,126,0.007936507936507936,0.0890870806374748,call,20.38486401796796,0.0003721032394056732,20.38667550246319,0.0018114844952314968,0.0018114844952314968,8.886419323841398e-05,1.8114844952314967e-05,1.8114844952314967e-05
100,80.0,0.8,-0.2231435513142097,0.05,0.25,0.4,0.16000000000000003,12,0.08333333333333333,0.2886751345948129,call,20.538762546157983,0.0006349316954125207,20.553503528822183,0.01474098266420043,0.01474098266420043,0.000717715229000391,0.00014740982664200432,0.00014740982664200432
100,80.0,0.8,-0.2231435513142097,0.05,0.25,0.4,0.16000000000000003,26,0.038461538461538464,0.19611613513818404,call,20.489712871406066,0.000629043824964602,20.503849785563947,0.014136914157880653,0.014136914157880653,0.0006899517941810248,0.00014136914157880653,0.00014136914157880653
100,80.0,0.8,-0.2231435513142097,0.05,0.25,0.4,0.16000000000000003,52,0.019230769230769232,0.1386750490563073,call,20.4693683248458,0.0006256894351223899,20.483276527949698,0.013908203103898842,0.013908203103898842,0.0006794642063779276,0.00013908203103898842,0.00013908203103898842
100,80.0,0.8,-0.2231435513142097,0.05,0.25,0.4,0.16000000000000003,126,0.007936507936507936,0.0890870806374748,call,20.457042418325056,0.0006246442453596517,20.471390261086896,0.014347842761839757,0.014347842761839757,0.0007013644723631806,0.00014347842761839758,0.00014347842761839758
100,80.0,0.8,-0.2231435513142097,0.05,0.25,0.5,0.25,12,0.08333333333333333,0.2886751345948129,call,20.791011953460753,0.0009621290389649565,20.827491084367207,0.036479130906453605,0.036479130906453605,0.0017545625478985643,0.00036479130906453606,0.00036479130906453606
100,80.0,0.8,-0.2231435513142097,0.05,0.25,0.5,0.25,26,0.038461538461538464,0.19611613513818404,call,20.708979994986258,0.0009441413183380232,20.747450130346078,0.03847013535981958,0.03847013535981958,0.0018576547647027222,0.0003847013535981958,0.0003847013535981958
100,80.0,0.8,-0.2231435513142097,0.05,0.25,0.5,0.25,52,0.019230769230769232,0.1386750490563073,call,20.675900792181285,0.0009400223830039712,20.714217118260883,0.038316326079598895,0.038316326079598895,0.0018531877505471705,0.0003831632607959889,0.0003831632607959889
100,80.0,0.8,-0.2231435513142097,0.05,0.25,0.5,0.25,126,0.007936507936507936,0.0890870806374748,call,20.657131965776486,0.0009459674949774474,20.695003812654786,0.03787184687829992,0.03787184687829992,0.0018333545499464182,0.0003787184687829992,0.0003787184687829992
100,80.0,0.8,-0.2231435513142097,0.05,0.25,0.6,0.36,12,0.08333333333333333,0.2886751345948129,call,21.19438514130521,0.0013553204504943824,21.260393478909027,0.06600833760381519,0.06600833760381519,0.0031144256916976177,0.0006600833760381519,0.0006600833760381519
100,80.0,0.8,-0.2231435513142097,0.05,0.25,0.6,0.36,26,0.038461538461538464,0.19611613513818404,call,21.07589383305052,0.0013286054531418353,21.143428477620112,0.0675346445695908,0.0675346445695908,0.0032043549424074814,0.000675346445695908,0.000675346445695908
100,80.0,0.8,-0.2231435513142097,0.05,0.25,0.6,0.36,52,0.019230769230769232,0.1386750490563073,call,21.025930154986213,0.001335308748854244,21.094539638362992,0.06860948337677897,0.06860948337677897,0.003263089093849601,0.0006860948337677897,0.0006860948337677897
100,80.0,0.8,-0.2231435513142097,0.05,0.25,0.6,0.36,126,0.007936507936507936,0.0890870806374748,call,20.993952203696658,0.0013129229281958756,21.06618422534968,0.07223202165302212,0.07223202165302212,0.003440610941293053,0.0007223202165302212,0.0007223202165302212
100,90.0,0.9,-0.10536051565782628,0.05,0.25,0.1,0.010000000000000002,12,0.08333333333333333,0.2886751345948129,call,10.547468820904726,4.291094308780273e-05,10.547453642569513,-1.5178335212695515e-05,1.5178335212695515e-05,-1.4390500195281515e-06,-1.5178335212695516e-07,1.5178335212695516e-07
100,90.0,0.9,-0.10536051565782628,0.05,0.25,0.1,0.010000000000000002,26,0.038461538461538464,0.19611613513818404,call,10.51960395510345,4.2753436859485905e-05,10.51954102564744,-6.292945601060751e-05,6.292945601060751e-05,-5.9821126611974865e-06,-6.292945601060751e-07,6.292945601060751e-07
100,90.0,0.9,-0.10536051565782628,0.05,0.25,0.1,0.010000000000000002,52,0.019230769230769232,0.1386750490563073,call,10.507571575490013,4.2335082996020355e-05,10.507583968946406,1.2393456392700841e-05,1.2393456392700841e-05,1.1794786553355342e-06,1.239345639270084e-07,1.239345639270084e-07
100,90.0,0.9,-0.10536051565782628,0.05,0.25,0.1,0.010000000000000002,126,0.007936507936507936,0.0890870806374748,call,10.50059355706058,4.2416359836457406e-05,10.50056292481855,-3.063224203003756e-05,3.063224203003756e-05,-2.917191477184687e-06,-3.063224203003756e-07,3.063224203003756e-07
100,90.0,0.9,-0.10536051565782628,0.05,0.25,0.2,0.04000000000000001,12,0.08333333333333333,0.2886751345948129,call,10.620865254797852,0.00015663754273657313,10.624698732287325,0.003833477489472159,0.003833477489472159,0.0003609383414162448,3.833477489472159e-05,3.833477489472159e-05
100,90.0,0.9,-0.10536051565782628,0.05,0.25,0.2,0.04000000000000001,26,0.038461538461538464,0.19611613513818404,call,10.5804470228064,0.00015309892685235865,10.584636242953778,0.004189220147377881,0.004189220147377881,0.00039593980654578393,4.1892201473778814e-05,4.1892201473778814e-05
100,90.0,0.9,-0.10536051565782628,0.05,0.25,0.2,0.04000000000000001,52,0.019230769230769232,0.1386750490563073,call,10.563968101133309,0.00015401327080229586,10.56782622431226,0.003858123178950734,0.003858123178950734,0.00036521533783662527,3.858123178950734e-05,3.858123178950734e-05
100,90.0,0.9,-0.10536051565782628,0.05,0.25,0.2,0.04000000000000001,126,0.007936507936507936,0.0890870806374748,call,10.554080841613798,0.00015304084203616233,10.558054183954356,0.003973342340557906,0.003973342340557906,0.000376474503103233,3.973342340557906e-05,3.973342340557906e-05
100,90.0,0.9,-0.10536051565782628,0.05,0.25,0.3,0.09,12,0.08333333333333333,0.2886751345948129,call,11.001494718393516,0.00032443825093296383,11.017317477350531,0.01582275895701457,0.01582275895701457,0.0014382371997652584,0.0001582275895701457,0.0001582275895701457
100,90.0,0.9,-0.10536051565782628,0.05,0.25,0.3,0.09,26,0.038461538461538464,0.19611613513818404,call,10.924811866880537,0.000315755637182311,10.94162883059468,0.01681696371414354,0.01681696371414354,0.001539336687812954,0.0001681696371414354,0.0001681696371414354
100,90.0,0.9,-0.10536051565782628,0.05,0.25,0.3,0.09,52,0.019230769230769232,0.1386750490563073,call,10.89264812789579,0.00031408700656712006,10.90979312429244,0.01714499639665057,0.01714499639665057,0.0015739970845787884,0.0001714499639665057,0.0001714499639665057
100,90.0,0.9,-0.10536051565782628,0.05,0.25,0.3,0.09,126,0.007936507936507936,0.0890870806374748,call,10.873638396426765,0.00031234526168180535,10.891269940261695,0.017631543834930596,0.017631543834930596,0.0016214944062076385,0.00017631543834930596,0.00017631543834930596
100,90.0,0.9,-0.10536051565782628,0.05,0.25,0.4,0.16000000000000003,12,0.08333333333333333,0.2886751345948129,call,11.651066263848241,0.0005573733412071778,11.682972894287657,0.03190663043941555,0.03190663043941555,0.002738515919218288,0.0003190663043941555,0.0003190663043941555
100,90.0,0.9,-0.10536051565782628,0.05,0.25,0.4,0.16000000000000003,26,0.038461538461538464,0.19611613513818404,call,11.532030246428713,0.0005366939388363533,11.565547995133157,0.03351774870444402,0.03351774870444402,0.002906491570712272,0.0003351774870444402,0.0003351774870444402
100,90.0,0.9,-0.10536051565782628,0.05,0.25,0.4,0.16000000000000003,52,0.019230769230769232,0.1386750490563073,call,11.480341511366875,0.0005279592201814418,11.51581271720812,0.035471205841245634,0.035471205841245634,0.003089734378208611,0.0003547120584124563,0.0003547120584124563
100,90.0,0.9,-0.10536051565782628,0.05,0.25,0.4,0.16000000000000003,126,0.007936507936507936,0.0890870806374748,call,11.451682048658643,0.0005347301537046266,11.486775452498481,0.03509340383983783,0.03509340383983783,0.0030644759163522524,0.00035093403839837835,0.00035093403839837835
100,90.0,0.9,-0.10536051565782628,0.05,0.25,0.5,0.25,12,0.08333333333333333,0.2886751345948129,call,12.459084956117486,0.0008409132723129487,12.512576906058719,0.05349194994123252,0.05349194994123252,0.004293409197355834,0.0005349194994123252,0.0005349194994123252
100,90.0,0.9,-0.10536051565782628,0.05,0.25,0.5,0.25,26,0.038461538461538464,0.19611613513818404,call,12.297869580377935,0.0008251572451301108,12.353524207481136,0.055654627103201904,0.055654627103201904,0.004525550278399646,0.0005565462710320191,0.0005565462710320191
100,90.0,0.9,-0.10536051565782628,0.05,0.25,0.5,0.25,52,0.019230769230769232,0.1386750490563073,call,12.229388647405983,0.0008168994845175684,12.285855613035697,0.05646696562971343,0.05646696562971343,0.0046173171249808,0.0005646696562971343,0.0005646696562971343
100,90.0,0.9,-0.10536051565782628,0.05,0.25,0.5,0.25,126,0.007936507936507936,0.0890870806374748,call,12.18894853471999,0.0008131751161900299,12.246259817923974,0.057311283203983265,0.057311283203983265,0.004701905422008564,0.0005731128320398326,0.0005731128320398326
100,90.0,0.9,-0.10536051565782628,0.05,0.25,0.6,0.36,12,0.08333333333333333,0.2886751345948129,call,13.36585467853771,0.001220785289522217,13.440533690149625,0.0746790116119147,0.0746790116119147,0.005587297887641327,0.0007467901161191471,0.0007467901161191471
100,90.0,0.9,-0.10536051565782628,0.05,0.25,0.6,0.36,26,0.038461538461538464,0.19611613513818404,call,13.160333466998754,0.0011825951879089634,13.241034726903626,0.0807012599048722,0.0807012599048722,0.006132159196971802,0.000807012599048722,0.000807012599048722
100,90.0,0.9,-0.10536051565782628,0.05,0.25,0.6,0.36,52,0.019230769230769232,0.1386750490563073,call,13.075126084815594,0.0011677426014623689,13.155923018108199,0.08079693329260529,0.08079693329260529,0.00617943817661815,0.0008079693329260529,0.0008079693329260529
100,90.0,0.9,-0.10536051565782628,0.05,0.25,0.6,0.36,126,0.007936507936507936,0.0890870806374748,call,13.022841190056543,0.0011569353634260518,13.106051309931528,0.08321011987498572,0.08321011987498572,0.006389551915792381,0.0008321011987498572,0.0008321011987498572
100,100.0,1.0,0.0,0.05,0.25,0.1,0.010000000000000002,12,0.08333333333333333,0.2886751345948129,call,1.57852552467931,3.153548113409444e-05,1.5792638278956128,0.0007383032163028602,0.0007383032163028602,0.0004677169958672999,7.383032163028602e-06,7.383032163028602e-06
100,100.0,1.0,0.0,0.05,0.25,0.1,0.010000000000000002,26,0.038461538461538464,0.19611613513818404,call,1.5246384779730386,2.9960172166231122e-05,1.5254981244271066,0.0008596464540679971,0.0008596464540679971,0.0005638362578982471,8.596464540679971e-06,8.596464540679971e-06
100,100.0,1.0,0.0,0.05,0.25,0.1,0.010000000000000002,52,0.019230769230769232,0.1386750490563073,call,1.5016556296338572,2.994356090663909e-05,1.5024221298116227,0.0007665001777654723,0.0007665001777654723,0.0005104367224011041,7.665001777654723e-06,7.665001777654723e-06
100,100.0,1.0,0.0,0.05,0.25,0.1,0.010000000000000002,126,0.007936507936507936,0.0890870806374748,call,1.4880059890493134,2.9353146916676495e-05,1.4888595846906834,0.0008535956413699974,0.0008535956413699974,0.0005736506759057868,8.535956413699974e-06,8.535956413699974e-06
100,100.0,1.0,0.0,0.05,0.25,0.2,0.04000000000000001,12,0.08333333333333333,0.2886751345948129,call,2.776691962001793,0.0001189388789150415,2.7789947056363755,0.0023027436345826047,0.0023027436345826047,0.0008293118812223211,2.3027436345826047e-05,2.3027436345826047e-05
100,100.0,1.0,0.0,0.05,0.25,0.2,0.04000000000000001,26,0.038461538461538464,0.19611613513818404,call,2.6852777321550803,0.00011392025477686931,2.6877130486928302,0.0024353165377499764,0.0024353165377499764,0.0009069142117361184,2.4353165377499762e-05,2.4353165377499762e-05
100,100.0,1.0,0.0,0.05,0.25,0.2,0.04000000000000001,52,0.019230769230769232,0.1386750490563073,call,2.646221281596447,0.00011275995827550651,2.6485197060396435,0.0022984244431962786,0.0022984244431962786,0.0008685684977220253,2.2984244431962784e-05,2.2984244431962784e-05
100,100.0,1.0,0.0,0.05,0.25,0.2,0.04000000000000001,126,0.007936507936507936,0.0890870806374748,call,2.6229293085295895,0.00010992517891848853,2.625479846392862,0.0025505378632724174,0.0025505378632724174,0.0009724005351490945,2.5505378632724174e-05,2.5505378632724174e-05
100,100.0,1.0,0.0,0.05,0.25,0.3,0.09,12,0.08333333333333333,0.2886751345948129,call,3.983679256860019,0.00026604716424634585,3.9892534927732104,0.005574235913191394,0.005574235913191394,0.001399268252732041,5.574235913191394e-05,5.574235913191394e-05
100,100.0,1.0,0.0,0.05,0.25,0.3,0.09,26,0.038461538461538464,0.19611613513818404,call,3.8544830467753637,0.0002561161580850447,3.8600558545885355,0.005572807813171821,0.005572807813171821,0.0014457990203988564,5.57280781317182e-05,5.57280781317182e-05
100,100.0,1.0,0.0,0.05,0.25,0.3,0.09,52,0.019230769230769232,0.1386750490563073,call,3.7984391888251996,0.00025141482031990585,3.804573839096692,0.006134650271492514,0.006134650271492514,0.001615045013630946,6.134650271492514e-05,6.134650271492514e-05
100,100.0,1.0,0.0,0.05,0.25,0.3,0.09,126,0.007936507936507936,0.0890870806374748,call,3.7659417825925243,0.0002481873330109362,3.77195610022088,0.006014317628355581,0.006014317628355581,0.001597028837821079,6.014317628355581e-05,6.014317628355581e-05
100,100.0,1.0,0.0,0.05,0.25,0.4,0.16000000000000003,12,0.08333333333333333,0.2886751345948129,call,5.190652426658172,0.00047523024774853945,5.203116838685711,0.012464412027538785,0.012464412027538785,0.002401318948563,0.00012464412027538786,0.00012464412027538786
100,100.0,1.0,0.0,0.05,0.25,0.4,0.16000000000000003,26,0.038461538461538464,0.19611613513818404,call,5.024413873549653,0.0004575349531735837,5.036026259263199,0.011612385713545947,0.011612385713545947,0.0023111921123133944,0.00011612385713545948,0.00011612385713545948
100,100.0,1.0,0.0,0.05,0.25,0.4,0.16000000000000003,52,0.019230769230769232,0.1386750490563073,call,4.952073991986468,0.0004483455932199689,4.964264471928705,0.012190479942237431,0.012190479942237431,0.0024616918006403537,0.00012190479942237432,0.00012190479942237432
100,100.0,1.0,0.0,0.05,0.25,0.4,0.16000000000000003,126,0.007936507936507936,0.0890870806374748,call,4.910287488101087,0.000449421720484319,4.922073828693866,0.011786340592778721,0.011786340592778721,0.002400336155742431,0.00011786340592778721,0.00011786340592778721
100,100.0,1.0,0.0,0.05,0.25,0.5,0.25,12,0.08333333333333333,0.2886751345948129,call,6.3983092482494035,0.0007554553731713825,6.4194933734461825,0.021184125196779036,0.021184125196779036,0.0033108942339064146,0.00021184125196779035,0.00021184125196779035
100,100.0,1.0,0.0,0.05,0.25,0.5,0.25,26,0.038461538461538464,0.19611613513818404,call,6.192897738751916,0.0007274464243425689,6.214657861000878,0.021760122248961622,0.021760122248961622,0.003513722197090088,0.00021760122248961621,0.00021760122248961621
100,100.0,1.0,0.0,0.05,0.25,0.5,0.25,52,0.019230769230769232,0.1386750490563073,call,6.105142591564772,0.0007186559962637794,6.12667824679784,0.021535655233067885,0.021535655233067885,0.003527461465490229,0.00021535655233067885,0.00021535655233067885
100,100.0,1.0,0.0,0.05,0.25,0.5,0.25,126,0.007936507936507936,0.0890870806374748,call,6.054980748318702,0.0007147127234693909,6.074950687366713,0.019969939048011476,0.019969939048011476,0.0032981011630064338,0.00019969939048011475,0.00019969939048011475
100,100.0,1.0,0.0,0.05,0.25,0.6,0.36,12,0.08333333333333333,0.2886751345948129,call,7.605782161780354,0.0011128624330910743,7.638269953473118,0.03248779169276439,0.03248779169276439,0.004271459660785194,0.0003248779169276439,0.0003248779169276439
100,100.0,1.0,0.0,0.05,0.25,0.6,0.36,26,0.038461538461538464,0.19611613513818404,call,7.361608020733448,0.0010666142810980533,7.395912112660597,0.034304091927149116,0.034304091927149116,0.004659863963217556,0.00034304091927149115,0.00034304091927149115
100,100.0,1.0,0.0,0.05,0.25,0.6,0.36,52,0.019230769230769232,0.1386750490563073,call,7.256890284767363,0.0010457881578747421,7.291808199086546,0.03491791431918312,0.03491791431918312,0.0048116910892917674,0.0003491791431918312,0.0003491791431918312
100,100.0,1.0,0.0,0.05,0.25,0.6,0.36,126,0.007936507936507936,0.0890870806374748,call,7.195670627515603,0.0010435510246532376,7.230598157413504,0.034927529897901266,0.034927529897901266,0.0048539645164331876,0.0003492752989790127,0.0003492752989790127
100,110.00000000000001,1.1,0.09531017980432493,0.05,0.25,0.1,0.010000000000000002,12,0.08333333333333333,0.2886751345948129,call,0.0019740373329385393,7.914213969349633e-06,0.0018340608528540946,-0.00013997648008444463,0.00013997648008444463,-0.07090872991549585,-1.3997648008444462e-06,1.3997648008444462e-06
100,110.00000000000001,1.1,0.09531017980432493,0.05,0.25,0.1,0.010000000000000002,26,0.038461538461538464,0.19611613513818404,call,0.0013554871568944363,7.15094120116698e-06,0.0012419604479066656,-0.0001135267089877707,0.0001135267089877707,-0.08375343758171219,-1.1352670898777069e-06,1.1352670898777069e-06
100,110.00000000000001,1.1,0.09531017980432493,0.05,0.25,0.1,0.010000000000000002,52,0.019230769230769232,0.1386750490563073,call,0.001139295421879609,6.831367324584419e-06,0.00103940530597003,-9.989011590957886e-05,9.989011590957886e-05,-0.08767709760895923,-9.989011590957886e-07,9.989011590957886e-07
100,110.00000000000001,1.1,0.09531017980432493,0.05,0.25,0.1,0.010000000000000002,126,0.007936507936507936,0.0890870806374748,call,0.0010306184748161888,6.489368355147617e-06,0.0009331205268538781,-9.749794796231075e-05,9.749794796231075e-05,-0.09460139745670632,-9.749794796231075e-07,9.749794796231075e-07
100,110.00000000000001,1.1,0.09531017980432493,0.05,0.25,0.2,0.04000000000000001,12,0.08333333333333333,0.2886751345948129,call,0.2197119981708776,8.756273720241237e-05,0.21371249856441216,-0.005999499606465453,0.005999499606465453,-0.027306199280930643,-5.9994996064654526e-05,5.9994996064654526e-05
100,110.00000000000001,1.1,0.09531017980432493,0.05,0.25,0.2,0.04000000000000001,26,0.038461538461538464,0.19611613513818404,call,0.19032550236883508,8.31251549423873e-05,0.18431688352502412,-0.006008618843810959,0.006008618843810959,-0.0315702245312704,-6.008618843810959e-05,6.008618843810959e-05
100,110.00000000000001,1.1,0.09531017980432493,0.05,0.25,0.2,0.04000000000000001,52,0.019230769230769232,0.1386750490563073,call,0.1784595817501552,8.213131614428541e-05,0.1723906140961447,-0.006068967654010493,0.006068967654010493,-0.03400751920682575,-6.068967654010493e-05,6.068967654010493e-05
100,110.00000000000001,1.1,0.09531017980432493,0.05,0.25,0.2,0.04000000000000001,126,0.007936507936507936,0.0890870806374748,call,0.1716996435740878,8.109997663016665e-05,0.1655767519834042,-0.006122891590683577,0.006122891590683577,-0.03566047933024142,-6.122891590683577e-05,6.122891590683577e-05
100,110.00000000000001,1.1,0.09531017980432493,0.05,0.25,0.3,0.09,12,0.08333333333333333,0.2886751345948129,call,0.8739506279663256,0.00022565207164423721,0.8601158846812034,-0.013834743285122242,0.013834743285122242,-0.015830119966062102,-0.00013834743285122243,0.00013834743285122243
100,110.00000000000001,1.1,0.09531017980432493,0.05,0.25,0.3,0.09,26,0.038461538461538464,0.19611613513818404,call,0.7955071177038219,0.0002135340397496771,0.7808797967352387,-0.014627320968583213,0.014627320968583213,-0.018387416835193123,-0.00014627320968583213,0.00014627320968583213
100,110.00000000000001,1.1,0.09531017980432493,0.05,0.25,0.3,0.09,52,0.019230769230769232,0.1386750490563073,call,0.7636840584311599,0.0002121422336379389,0.7477036576977323,-0.015980400733427658,0.015980400733427658,-0.020925408298107306,-0.00015980400733427657,0.00015980400733427657
100,110.00000000000001,1.1,0.09531017980432493,0.05,0.25,0.3,0.09,126,0.007936507936507936,0.0890870806374748,call,0.7445030716215332,0.00021130771774713553,0.7284465370272754,-0.01605653459425782,0.01605653459425782,-0.02156678085865592,-0.0001605653459425782,0.0001605653459425782
100,110.00000000000001,1.1,0.09531017980432493,0.05,0.25,0.4,0.16000000000000003,12,0.08333333333333333,0.2886751345948129,call,1.7840539214438718,0.0004273778843079722,1.7645843237002177,-0.019469597743654088,0.019469597743654088,-0.01091312180065552,-0.00019469597743654088,0.00019469597743654088
100,110.00000000000001,1.1,0.09531017980432493,0.05,0.25,0.4,0.16000000000000003,26,0.038461538461538464,0.19611613513818404,call,1.657568725886984,0.00041051637959970116,1.6355954510540922,-0.021973274832891798,0.021973274832891798,-0.01325632807239027,-0.00021973274832891797,0.00021973274832891797
100,110.00000000000001,1.1,0.09531017980432493,0.05,0.25,0.4,0.16000000000000003,52,0.019230769230769232,0.1386750490563073,call,1.6036573018834508,0.0004022705923315155,1.5809838024788192,-0.022673499404631592,0.022673499404631592,-0.014138618879483913,-0.0002267349940463159,0.0002267349940463159
100,110.00000000000001,1.1,0.09531017980432493,0.05,0.25,0.4,0.16000000000000003,126,0.007936507936507936,0.0890870806374748,call,1.5727128543450706,0.000399645508482862,1.549106494715162,-0.023606359629908535,0.023606359629908535,-0.015009961649826408,-0.00023606359629908537,0.00023606359629908537
100,110.00000000000001,1.1,0.09531017980432493,0.05,0.25,0.5,0.25,12,0.08333333333333333,0.2886751345948129,call,2.8248719229175245,0.0006900152136781944,2.803396283510121,-0.0214756394074036,0.0214756394074036,-0.007602340917893221,-0.00021475639407403602,0.00021475639407403602
100,110.00000000000001,1.1,0.09531017980432493,0.05,0.25,0.5,0.25,26,0.038461538461538464,0.19611613513818404,call,2.652971220021519,0.0006699109724697893,2.627217010182272,-0.025754209839247366,0.025754209839247366,-0.00970768534723813,-0.0002575420983924737,0.0002575420983924737
100,110.00000000000001,1.1,0.09531017980432493,0.05,0.25,0.5,0.25,52,0.019230769230769232,0.1386750490563073,call,2.5787731142745205,0.0006538479496683623,2.5522360170962193,-0.026537097178301217,0.026537097178301217,-0.010290590138158327,-0.00026537097178301215,0.00026537097178301215
100,110.00000000000001,1.1,0.09531017980432493,0.05,0.25,0.5,0.25,126,0.007936507936507936,0.0890870806374748,call,2.534675876155049,0.000634823556566079,2.5083540047027113,-0.026321871452337664,0.026321871452337664,-0.010384709027280585,-0.0002632187145233766,0.0002632187145233766
100,110.00000000000001,1.1,0.09531017980432493,0.05,0.25,0.6,0.36,12,0.08333333333333333,0.2886751345948129,call,3.936162180810556,0.0010383401546312093,3.918171735542843,-0.01799044526771265,0.01799044526771265,-0.004570554880949535,-0.00017990445267712651,0.00017990445267712651
100,110.00000000000001,1.1,0.09531017980432493,0.05,0.25,0.6,0.36,26,0.038461538461538464,0.19611613513818404,call,3.717691938183404,0.0009874740543443373,3.6969613959962895,-0.020730542187114676,0.020730542187114676,-0.0055761861208017014,-0.00020730542187114676,0.00020730542187114676
100,110.00000000000001,1.1,0.09531017980432493,0.05,0.25,0.6,0.36,52,0.019230769230769232,0.1386750490563073,call,3.625932284526881,0.0009741798742762235,3.602544157065192,-0.023388127461688946,0.023388127461688946,-0.006450238346009453,-0.00023388127461688947,0.00023388127461688947
100,110.00000000000001,1.1,0.09531017980432493,0.05,0.25,0.6,0.36,126,0.007936507936507936,0.0890870806374748,call,3.5707604863577416,0.000952339930397715,3.5472072366884593,-0.023553249669282295,0.023553249669282295,-0.006596143807255791,-0.00023553249669282293,0.00023553249669282293
100,120.0,1.2,0.1823215567939546,0.05,0.25,0.1,0.010000000000000002,12,0.08333333333333333,0.2886751345948129,call,0.0,0.0,3.009151816507081e-09,3.009151816507081e-09,3.009151816507081e-09,3009.151816507081,3.0091518165070806e-11,3.0091518165070806e-11
100,120.0,1.2,0.1823215567939546,0.05,0.25,0.1,0.010000000000000002,26,0.038461538461538464,0.19611613513818404,call,0.0,0.0,8.820188443890589e-10,8.820188443890589e-10,8.820188443890589e-10,882.0188443890589,8.82018844389059e-12,8.82018844389059e-12
100,120.0,1.2,0.1823215567939546,0.05,0.25,0.1,0.010000000000000002,52,0.019230769230769232,0.1386750490563073,call,0.0,0.0,5.020716193622601e-10,5.020716193622601e-10,5.020716193622601e-10,502.0716193622601,5.0207161936226005e-12,5.0207161936226005e-12
100,120.0,1.2,0.1823215567939546,0.05,0.25,0.1,0.010000000000000002,126,0.007936507936507936,0.0890870806374748,call,0.0,0.0,3.5655938184256956e-10,3.5655938184256956e-10,3.5655938184256956e-10,356.55938184256956,3.5655938184256955e-12,3.5655938184256955e-12
100,120.0,1.2,0.1823215567939546,0.05,0.25,0.2,0.04000000000000001,12,0.08333333333333333,0.2886751345948129,call,0.004781271514348389,3.187958670340072e-05,0.004180913059849987,-0.0006003584544984021,0.0006003584544984021,-0.1255646019467316,-6.0035845449840205e-06,6.0035845449840205e-06
100,120.0,1.2,0.1823215567939546,0.05,0.25,0.2,0.04000000000000001,26,0.038461538461538464,0.19611613513818404,call,0.0034597563902381673,3.0770329650239796e-05,0.0028938959888700675,-0.0005658604013680998,0.0005658604013680998,-0.1635549840921448,-5.658604013680999e-06,5.658604013680999e-06
100,120.0,1.2,0.1823215567939546,0.05,0.25,0.2,0.04000000000000001,52,0.019230769230769232,0.1386750490563073,call,0.002926966219402883,2.7274223083175532e-05,0.0024466801384046637,-0.0004802860809982193,0.0004802860809982193,-0.16409006629950115,-4.802860809982193e-06,4.802860809982193e-06
100,120.0,1.2,0.1823215567939546,0.05,0.25,0.2,0.04000000000000001,126,0.007936507936507936,0.0890870806374748,call,0.002706471628436974,2.8980422968079605e-05,0.002210175910592792,-0.000496295717844182,0.000496295717844182,-0.1833737005145699,-4.96295717844182e-06,4.96295717844182e-06
100,120.0,1.2,0.1823215567939546,0.05,0.25,0.3,0.09,12,0.08333333333333333,0.2886751345948129,call,0.1176811865690534,0.0001584896921087943,0.1094180382833897,-0.008263148285663699,0.008263148285663699,-0.07021639164740252,-8.263148285663699e-05,8.263148285663699e-05
100,120.0,1.2,0.1823215567939546,0.05,0.25,0.3,0.09,26,0.038461538461538464,0.19611613513818404,call,0.0973494785091338,0.00015277873553790153,0.08937944928787332,-0.007970029221260472,0.007970029221260472,-0.0818702816216184,-7.970029221260471e-05,7.970029221260471e-05
100,120.0,1.2,0.1823215567939546,0.05,0.25,0.3,0.09,52,0.019230769230769232,0.1386750490563073,call,0.08941952185392642,0.00014863914940114198,0.08154191774326501,-0.007877604110661407,0.007877604110661407,-0.08809713972224177,-7.877604110661406e-05,7.877604110661406e-05
100,120.0,1.2,0.1823215567939546,0.05,0.25,0.3,0.09,126,0.007936507936507936,0.0890870806374748,call,0.08536444736349054,0.00014744709622052893,0.0771454948037896,-0.00821895255970094,0.00821895255970094,-0.09628074466064075,-8.21895255970094e-05,8.21895255970094e-05
100,120.0,1.2,0.1823215567939546,0.05,0.25,0.4,0.16000000000000003,12,0.08333333333333333,0.2886751345948129,call,0.4831287125808152,0.0003586548611580419,0.46057978512944137,-0.022548927451373824,0.022548927451373824,-0.04667271239359834,-0.00022548927451373823,0.00022548927451373823
100,120.0,1.2,0.1823215567939546,0.05,0.25,0.4,0.16000000000000003,26,0.038461538461538464,0.19611613513818404,call,0.42409134198664383,0.00034882418651315374,0.40013658828289983,-0.023954753703744003,0.023954753703744003,-0.056484892126136416,-0.00023954753703744002,0.00023954753703744002
100,120.0,1.2,0.1823215567939546,0.05,0.25,0.4,0.16000000000000003,52,0.019230769230769232,0.1386750490563073,call,0.3996815745548825,0.00033851698121405464,0.37550351237074986,-0.024178062184132654,0.024178062184132654,-0.06049331198482013,-0.00024178062184132654,0.00024178062184132654
100,120.0,1.2,0.1823215567939546,0.05,0.25,0.4,0.16000000000000003,126,0.007936507936507936,0.0890870806374748,call,0.38552905012627714,0.00033517912299640653,0.3613979572124294,-0.02413109291384774,0.02413109291384774,-0.06259215202056442,-0.0002413109291384774,0.0002413109291384774
100,120.0,1.2,0.1823215567939546,0.05,0.25,0.5,0.25,12,0.08333333333333333,0.2886751345948129,call,1.0919754344428982,0.0006242055156501015,1.054997705931127,-0.03697772851177117,0.03697772851177117,-0.03386315053015491,-0.0003697772851177117,0.0003697772851177117
100,120.0,1.2,0.1823215567939546,0.05,0.25,0.5,0.25,26,0.038461538461538464,0.19611613513818404,call,0.9833754364728374,0.0005974802289774644,0.9450275801496674,-0.03834785632317006,0.03834785632317006,-0.038996150301166585,-0.0003834785632317006,0.0003834785632317006
100,120.0,1.2,0.1823215567939546,0.05,0.25,0.5,0.25,52,0.019230769230769232,0.1386750490563073,call,0.9417399654917002,0.0006012717939955839,0.8993490684463308,-0.04239089704536947,0.04239089704536947,-0.045013378001045525,-0.0004239089704536947,0.0004239089704536947
100,120.0,1.2,0.1823215567939546,0.05,0.25,0.5,0.25,126,0.007936507936507936,0.0890870806374748,call,0.9150306897224786,0.0005879884482624143,0.8729410699322254,-0.04208961979025316,0.04208961979025316,-0.04599804166461193,-0.00042089619790253163,0.00042089619790253163
100,120.0,1.2,0.1823215567939546,0.05,0.25,0.6,0.36,12,0.08333333333333333,0.2886751345948129,call,1.881458065903597,0.0009678442023098393,1.8336682604790755,-0.0477898054245216,0.0477898054245216,-0.02540040954969138,-0.00047789805424521605,0.00047789805424521605
100,120.0,1.2,0.1823215567939546,0.05,0.25,0.6,0.36,26,0.038461538461538464,0.19611613513818404,call,1.7240148240133317,0.0009282316793405527,1.6722168277959992,-0.0517979962173325,0.0517979962173325,-0.030044983080106013,-0.000517979962173325,0.000517979962173325
100,120.0,1.2,0.1823215567939546,0.05,0.25,0.6,0.36,52,0.019230769230769232,0.1386750490563073,call,1.6588740426817408,0.0009017479848738681,1.6044552695472194,-0.05441877313452137,0.05441877313452137,-0.03280464443614285,-0.0005441877313452137,0.0005441877313452137
100,120.0,1.2,0.1823215567939546,0.05,0.25,0.6,0.36,126,0.007936507936507936,0.0890870806374748,call,1.6214639853575432,0.0008966053151891381,1.565075670761882,-0.05638831459566118,0.05638831459566118,-0.03477617455883684,-0.0005638831459566119,0.0005638831459566119
100,130.0,1.3,0.26236426446749106,0.05,0.25,0.1,0.010000000000000002,12,0.08333333333333333,0.2886751345948129,call,0.0,0.0,5.519438472907552e-15,5.519438472907552e-15,5.519438472907552e-15,0.005519438472907552,5.519438472907552e-17,5.519438472907552e-17
100,130.0,1.3,0.26236426446749106,0.05,0.25,0.1,0.010000000000000002,26,0.038461538461538464,0.19611613513818404,call,0.0,0.0,0.0,0.0,0.0,0.0,0.0,0.0
100,130.0,1.3,0.26236426446749106,0.05,0.25,0.1,0.010000000000000002,52,0.019230769230769232,0.1386750490563073,call,0.0,0.0,0.0,0.0,0.0,0.0,0.0,0.0
100,130.0,1.3,0.26236426446749106,0.05,0.25,0.1,0.010000000000000002,126,0.007936507936507936,0.0890870806374748,call,0.0,0.0,0.0,0.0,0.0,0.0,0.0,0.0
100,130.0,1.3,0.26236426446749106,0.05,0.25,0.2,0.04000000000000001,12,0.08333333333333333,0.2886751345948129,call,4.336450777741163e-05,7.838825826707885e-06,2.410488476442871e-05,-1.9259623012982922e-05,1.9259623012982922e-05,-0.4441333246958973,-1.9259623012982921e-07,1.9259623012982921e-07
100,130.0,1.3,0.26236426446749106,0.05,0.25,0.2,0.04000000000000001,26,0.038461538461538464,0.19611613513818404,call,2.3183893384537065e-05,3.341612803472446e-20,1.2206963455587334e-05,-1.0976929928949731e-05,1.0976929928949731e-05,-0.4734722398383268,-1.0976929928949731e-07,1.0976929928949731e-07
100,130.0,1.3,0.26236426446749106,0.05,0.25,0.2,0.04000000000000001,52,0.019230769230769232,0.1386750490563073,call,0.0,0.0,8.938914131357653e-06,8.938914131357653e-06,8.938914131357653e-06,8938914.131357653,8.938914131357652e-08,8.938914131357652e-08
100,130.0,1.3,0.26236426446749106,0.05,0.25,0.2,0.04000000000000001,126,0.007936507936507936,0.0890870806374748,call,0.0,0.0,7.3993007704184585e-06,7.3993007704184585e-06,7.3993007704184585e-06,7399300.770418459,7.399300770418459e-08,7.399300770418459e-08
100,130.0,1.3,0.26236426446749106,0.05,0.25,0.3,0.09,12,0.08333333333333333,0.2886751345948129,call,0.010383134076191017,8.497762782810097e-05,0.008696494038308807,-0.001686640037882211,0.001686640037882211,-0.162440360059469,-1.6866400378822108e-05,1.6866400378822108e-05
100,130.0,1.3,0.26236426446749106,0.05,0.25,0.3,0.09,26,0.038461538461538464,0.19611613513818404,call,0.007636317559309814,7.529707706761551e-05,0.006155890966882607,-0.001480426592427207,0.001480426592427207,-0.19386655687496201,-1.4804265924272072e-05,1.4804265924272072e-05
100,130.0,1.3,0.26236426446749106,0.05,0.25,0.3,0.09,52,0.019230769230769232,0.1386750490563073,call,0.006817067238326217,7.421444234465134e-05,0.005258649805281128,-0.0015584174330450888,0.0015584174330450888,-0.22860526067331624,-1.5584174330450888e-05,1.5584174330450888e-05
100,130.0,1.3,0.26236426446749106,0.05,0.25,0.3,0.09,126,0.007936507936507936,0.0890870806374748,call,0.005976107176867993,6.804904485088914e-05,0.004780312537410827,-0.001195794639457166,0.001195794639457166,-0.20009591596445697,-1.195794639457166e-05,1.195794639457166e-05
100,130.0,1.3,0.26236426446749106,0.05,0.25,0.4,0.16000000000000003,12,0.08333333333333333,0.2886751345948129,call,0.10674315512224801,0.0002535371877734938,0.09544082998854916,-0.011302325133698846,0.011302325133698846,-0.10588337135767455,-0.00011302325133698846,0.00011302325133698846
100,130.0,1.3,0.26236426446749106,0.05,0.25,0.4,0.16000000000000003,26,0.038461538461538464,0.19611613513818404,call,0.0874238825151863,0.00025875687046144025,0.07622963201822704,-0.011194250496959268,0.011194250496959268,-0.1280456801379729,-0.00011194250496959268,0.00011194250496959268
100,130.0,1.3,0.26236426446749106,0.05,0.25,0.4,0.16000000000000003,52,0.019230769230769232,0.1386750490563073,call,0.07978619743935583,0.00025094781695867785,0.06883285756425049,-0.010953339875105342,0.010953339875105342,-0.13728364336990484,-0.00010953339875105341,0.00010953339875105341
100,130.0,1.3,0.26236426446749106,0.05,0.25,0.4,0.16000000000000003,126,0.007936507936507936,0.0890870806374748,call,0.07566490339971566,0.00025232575485113317,0.06471610936051966,-0.010948794039195991,0.010948794039195991,-0.14470109056185138,-0.00010948794039195992,0.00010948794039195992
100,130.0,1.3,0.26236426446749106,0.05,0.25,0.5,0.25,12,0.08333333333333333,0.2886751345948129,call,0.3787542306604379,0.0005364685304757294,0.34886435292854107,-0.02988987773189683,0.02988987773189683,-0.07891628742939062,-0.0002988987773189683,0.0002988987773189683
100,130.0,1.3,0.26236426446749106,0.05,0.25,0.5,0.25,26,0.038461538461538464,0.19611613513818404,call,0.3259137674901331,0.000525543745992835,0.29533388948398676,-0.030579878006146366,0.030579878006146366,-0.09382812589244839,-0.00030579878006146364,0.00030579878006146364
100,130.0,1.3,0.26236426446749106,0.05,0.25,0.5,0.25,52,0.019230769230769232,0.1386750490563073,call,0.3048399478472369,0.0005014060616128764,0.2738876858088142,-0.030952262038422718,0.030952262038422718,-0.10153610856124962,-0.0003095226203842272,0.0003095226203842272
100,130.0,1.3,0.26236426446749106,0.05,0.25,0.5,0.25,126,0.007936507936507936,0.0890870806374748,call,0.29200774879563857,0.000499871449611374,0.26171177463929324,-0.03029597415634533,0.03029597415634533,-0.10375058292561937,-0.0003029597415634533,0.0003029597415634533
100,130.0,1.3,0.26236426446749106,0.05,0.25,0.6,0.36,12,0.08333333333333333,0.2886751345948129,call,0.8418129528509657,0.0008619198459800343,0.7932845385588685,-0.0485284142920972,0.0485284142920972,-0.05764750248585051,-0.000485284142920972,0.000485284142920972
100,130.0,1.3,0.26236426446749106,0.05,0.25,0.6,0.36,26,0.038461538461538464,0.19611613513818404,call,0.7467433994385179,0.0008417147544103882,0.694175896002685,-0.05256750343583283,0.05256750343583283,-0.07039567202784616,-0.0005256750343583283,0.0005256750343583283
100,130.0,1.3,0.26236426446749106,0.05,0.25,0.6,0.36,52,0.019230769230769232,0.1386750490563073,call,0.7082119000358321,0.000835418707226022,0.6536041346236168,-0.05460776541221535,0.05460776541221535,-0.07710653465361492,-0.0005460776541221534,0.0005460776541221534
100,130.0,1.3,0.26236426446749106,0.05,0.25,0.6,0.36,126,0.007936507936507936,0.0890870806374748,call,0.6842314258113623,0.0008207250440282938,0.6303193950208238,-0.05391203079053852,0.05391203079053852,-0.07879209980250408,-0.0005391203079053852,0.0005391203079053852
100,70.0,0.7,-0.35667494393873245,0.05,0.5,0.1,0.010000000000000002,12,0.08333333333333333,0.2886751345948129,call,30.591613167278567,8.760336463997976e-05,30.591569131845443,-4.403543312392344e-05,4.403543312392344e-05,-1.4394609687018619e-06,-4.403543312392344e-07,4.403543312392344e-07
100,70.0,0.7,-0.35667494393873245,0.05,0.5,0.1,0.010000000000000002,26,0.038461538461538464,0.19611613513818404,call,30.536241893354802,8.71535640849978e-05,30.536146592217715,-9.530113708677845e-05,9.530113708677845e-05,-3.1209189860235413e-06,-9.530113708677845e-07,9.530113708677845e-07
100,70.0,0.7,-0.35667494393873245,0.05,0.5,0.1,0.010000000000000002,52,0.019230769230769232,0.1386750490563073,call,30.51233920195084,8.625731336502212e-05,30.512400416170735,6.121421989391251e-05,6.121421989391251e-05,2.0062119619461596e-06,6.121421989391251e-07,6.121421989391251e-07
100,70.0,0.7,-0.35667494393873245,0.05,0.5,0.1,0.010000000000000002,126,0.007936507936507936,0.0890870806374748,call,30.49853281742216,8.671449096507351e-05,30.498456022639523,-7.679478263611372e-05,7.679478263611372e-05,-2.517982851694591e-06,-7.679478263611372e-07,7.679478263611372e-07
100,70.0,0.7,-0.35667494393873245,0.05,0.5,0.2,0.04000000000000001,12,0.08333333333333333,0.2886751345948129,call,30.591823346135598,0.000341941205750195,30.591585224555555,-0.00023812158004332673,0.00023812158004332673,-7.783830906352516e-06,-2.3812158004332674e-06,2.3812158004332674e-06
100,70.0,0.7,-0.35667494393873245,0.05,0.5,0.2,0.04000000000000001,26,0.038461538461538464,0.19611613513818404,call,30.536696561601843,0.0003406850152512716,30.536154993184724,-0.0005415684171197199,0.0005415684171197199,-1.7735003392629946e-05,-5.415684171197199e-06,5.415684171197199e-06
100,70.0,0.7,-0.35667494393873245,0.05,0.5,0.2,0.04000000000000001,52,0.019230769230769232,0.1386750490563073,call,30.511839430547422,0.0003361420646827049,30.51240665701343,0.0005672264660070425,0.0005672264660070425,1.8590372674783892e-05,5.672264660070425e-06,5.672264660070425e-06
100,70.0,0.7,-0.35667494393873245,0.05,0.5,0.2,0.04000000000000001,126,0.007936507936507936,0.0890870806374748,call,30.49878863190867,0.000340696884486459,30.49846123445981,-0.00032739744886001176,0.00032739744886001176,-1.0734768938248242e-05,-3.2739744886001175e-06,3.2739744886001175e-06
100,70.0,0.7,-0.35667494393873245,0.05,0.5,0.3,0.09,12,0.08333333333333333,0.2886751345948129,call,30.596148421248515,0.0007601717259176734,30.59886053319417,0.002712111945655238,0.002712111945655238,8.864226661195438e-05,2.7121119456552377e-05,2.7121119456552377e-05
100,70.0,0.7,-0.35667494393873245,0.05,0.5,0.3,0.09,26,0.038461538461538464,0.19611613513818404,call,30.541100170648885,0.0007605399546536482,30.54139129620169,0.0002911255528061929,0.0002911255528061929,9.532254934482524e-06,2.911255528061929e-06,2.911255528061929e-06
100,70.0,0.7,-0.35667494393873245,0.05,0.5,0.3,0.09,52,0.019230769230769232,0.1386750490563073,call,30.514178388548213,0.0007522060122445975,30.51691446966288,0.0027360811146657227,0.0027360811146657227,8.966589497597475e-05,2.7360811146657227e-05,2.7360811146657227e-05
100,70.0,0.7,-0.35667494393873245,0.05,0.5,0.3,0.09,126,0.007936507936507936,0.0890870806374748,call,30.501649564937885,0.0007607629574776763,30.502578417198983,0.0009288522610972905,0.0009288522610972905,3.04525254976708e-05,9.288522610972904e-06,9.288522610972904e-06
100,70.0,0.7,-0.35667494393873245,0.05,0.5,0.4,0.16000000000000003,12,0.08333333333333333,0.2886751345948129,call,30.659881203779392,0.0013382804060890197,30.678485813987283,0.01860461020789117,0.01860461020789117,0.0006068063370577513,0.0001860461020789117,0.0001860461020789117
100,70.0,0.7,-0.35667494393873245,0.05,0.5,0.4,0.16000000000000003,26,0.038461538461538464,0.19611613513818404,call,30.58953535212307,0.0013227885197980333,30.606322305166362,0.016786953043290254,0.016786953043290254,0.0005487809098782258,0.00016786953043290253,0.00016786953043290253
100,70.0,0.7,-0.35667494393873245,0.05,0.5,0.4,0.16000000000000003,52,0.019230769230769232,0.1386750490563073,call,30.560782857778623,0.0013267228496272859,30.576086384985928,0.015303527207304768,0.015303527207304768,0.0005007570414188381,0.00015303527207304767,0.00015303527207304767
100,70.0,0.7,-0.35667494393873245,0.05,0.5,0.4,0.16000000000000003,126,0.007936507936507936,0.0890870806374748,call,30.540191258520142,0.001313256147046503,30.558517541412893,0.018326282892751067,0.018326282892751067,0.0006000709929293051,0.00018326282892751068,0.00018326282892751068
100,70.0,0.7,-0.35667494393873245,0.05,0.5,0.5,0.25,12,0.08333333333333333,0.2886751345948129,call,30.865794874045942,0.0020500538810845513,30.922346530498626,0.05655165645268312,0.05655165645268312,0.0018321788466311487,0.0005655165645268312,0.0005655165645268312
100,70.0,0.7,-0.35667494393873245,0.05,0.5,0.5,0.25,26,0.038461538461538464,0.19611613513818404,call,30.76680595201575,0.0020417804139456963,30.818506070426174,0.0517001184104231,0.0517001184104231,0.0016803862737996,0.000517001184104231,0.000517001184104231
100,70.0,0.7,-0.35667494393873245,0.05,0.5,0.5,0.25,52,0.019230769230769232,0.1386750490563073,call,30.716326944744747,0.0019719338176812117,30.775266030909993,0.058939086165246124,0.058939086165246124,0.00191881946924419,0.0005893908616524613,0.0005893908616524613
100,70.0,0.7,-0.35667494393873245,0.05,0.5,0.5,0.25,126,0.007936507936507936,0.0890870806374748,call,30.694438298144583,0.0019984686706186958,30.750226410018428,0.055788111873845025,0.055788111873845025,0.00181753161051386,0.0005578811187384503,0.0005578811187384503
100,70.0,0.7,-0.35667494393873245,0.05,0.5,0.6,0.36,12,0.08333333333333333,0.2886751345948129,call,31.24719878635396,0.002928003996949428,31.361541156215146,0.11434236986118762,0.11434236986118762,0.003659283849505331,0.0011434236986118762,0.0011434236986118762
100,70.0,0.7,-0.35667494393873245,0.05,0.5,0.6,0.36,26,0.038461538461538464,0.19611613513818404,call,31.09548134308182,0.0028582616598656647,31.214616425856445,0.11913508277462626,0.11913508277462626,0.003831266718793908,0.0011913508277462625,0.0011913508277462625
100,70.0,0.7,-0.35667494393873245,0.05,0.5,0.6,0.36,52,0.019230769230769232,0.1386750490563073,call,31.037684049934754,0.002837104129672541,31.15326659143753,0.11558254150277492,0.11558254150277492,0.0037239422025438745,0.0011558254150277492,0.0011558254150277492
100,70.0,0.7,-0.35667494393873245,0.05,0.5,0.6,0.36,126,0.007936507936507936,0.0890870806374748,call,30.999378038901877,0.0028369999109442152,31.117698402884102,0.11832036398222456,0.11832036398222456,0.003816862513620159,0.0011832036398222456,0.0011832036398222456
100,80.0,0.8,-0.2231435513142097,0.05,0.5,0.1,0.010000000000000002,12,0.08333333333333333,0.2886751345948129,call,20.83841768165143,8.785167158401471e-05,20.838470028949985,5.234729855629894e-05,5.234729855629894e-05,2.5120572663437686e-06,5.234729855629893e-07,5.234729855629893e-07
100,80.0,0.8,-0.2231435513142097,0.05,0.5,0.1,0.010000000000000002,26,0.038461538461538464,0.19611613513818404,call,20.782987413720193,8.672139743399927e-05,20.7830474784285,6.006470830755006e-05,6.006470830755006e-05,2.8900902027153933e-06,6.006470830755006e-07,6.006470830755006e-07
100,80.0,0.8,-0.2231435513142097,0.05,0.5,0.1,0.010000000000000002,52,0.019230769230769232,0.1386750490563073,call,20.759152988511172,8.608417884081086e-05,20.759301300024323,0.00014831151315064517,0.00014831151315064517,7.1443913551157824e-06,1.4831151315064518e-06,1.4831151315064518e-06
100,80.0,0.8,-0.2231435513142097,0.05,0.5,0.1,0.010000000000000002,126,0.007936507936507936,0.0890870806374748,call,20.74539599162754,8.655859194277902e-05,20.74535690550305,-3.9086124488108e-05,3.9086124488108e-05,-1.8840866910365287e-06,-3.9086124488107997e-07,3.9086124488107997e-07
100,80.0,0.8,-0.2231435513142097,0.05,0.5,0.2,0.04000000000000001,12,0.08333333333333333,0.2886751345948129,call,20.84481837909169,0.00033800783534322166,20.846063221285092,0.0012448421934010412,0.0012448421934010412,5.971950298447671e-05,1.2448421934010412e-05,1.2448421934010412e-05
100,80.0,0.8,-0.2231435513142097,0.05,0.5,0.2,0.04000000000000001,26,0.038461538461538464,0.19611613513818404,call,20.786864819786494,0.000330874845897797,20.788662494612083,0.001797674825589013,0.001797674825589013,8.648128715773681e-05,1.797674825589013e-05,1.797674825589013e-05
100,80.0,0.8,-0.2231435513142097,0.05,0.5,0.2,0.04000000000000001,52,0.019230769230769232,0.1386750490563073,call,20.763123293513864,0.0003341184502996091,20.764195904605277,0.0010726110914127673,0.0010726110914127673,5.165942889468067e-05,1.0726110914127673e-05,1.0726110914127673e-05
100,80.0,0.8,-0.2231435513142097,0.05,0.5,0.2,0.04000000000000001,126,0.007936507936507936,0.0890870806374748,call,20.748741261452146,0.0003314807551855392,20.7498614909128,0.001120229460653377,0.001120229460653377,5.399023712029147e-05,1.120229460653377e-05,1.120229460653377e-05
100,80.0,0.8,-0.2231435513142097,0.05,0.5,0.3,0.09,12,0.08333333333333333,0.2886751345948129,call,20.979439583085647,0.0007156011201455215,20.997409956153085,0.017970373067438317,0.017970373067438317,0.0008565706913318436,0.00017970373067438316,0.00017970373067438316
100,80.0,0.8,-0.2231435513142097,0.05,0.5,0.3,0.09,26,0.038461538461538464,0.19611613513818404,call,20.900155961927233,0.0007090307627523549,20.91721846497632,0.017062503049086075,0.017062503049086075,0.0008163816136189597,0.00017062503049086075,0.00017062503049086075
100,80.0,0.8,-0.2231435513142097,0.05,0.5,0.3,0.09,52,0.019230769230769232,0.1386750490563073,call,20.86552118976167,0.0007072367112872706,20.883573086941247,0.018051897179578447,0.018051897179578447,0.0008651543862913994,0.00018051897179578448,0.00018051897179578448
100,80.0,0.8,-0.2231435513142097,0.05,0.5,0.3,0.09,126,0.007936507936507936,0.0890870806374748,call,20.847855656012555,0.0007127472493461878,20.864015141275363,0.01615948526280775,0.01615948526280775,0.0007751149820603889,0.0001615948526280775,0.0001615948526280775
100,80.0,0.8,-0.2231435513142097,0.05,0.5,0.4,0.16000000000000003,12,0.08333333333333333,0.2886751345948129,call,21.401482750271132,0.0012175586161214955,21.454315891797243,0.052833141526111405,0.052833141526111405,0.002468667341539318,0.0005283314152611141,0.0005283314152611141
100,80.0,0.8,-0.2231435513142097,0.05,0.5,0.4,0.16000000000000003,26,0.038461538461538464,0.19611613513818404,call,21.273770475983927,0.0012001889155485075,21.32935251437534,0.055582038391413846,0.055582038391413846,0.002612702738997805,0.0005558203839141385,0.0005558203839141385
100,80.0,0.8,-0.2231435513142097,0.05,0.5,0.4,0.16000000000000003,52,0.019230769230769232,0.1386750490563073,call,21.22247606134017,0.001196458059424812,21.276903751553554,0.054427690213383784,0.054427690213383784,0.0025646248843004585,0.0005442769021338378,0.0005442769021338378
100,80.0,0.8,-0.2231435513142097,0.05,0.5,0.4,0.16000000000000003,126,0.007936507936507936,0.0890870806374748,call,21.19035927823051,0.001192395751757886,21.24641812137108,0.05605884314056908,0.05605884314056908,0.002645488092226922,0.0005605884314056908,0.0005605884314056908
100,80.0,0.8,-0.2231435513142097,0.05,0.5,0.5,0.25,12,0.08333333333333333,0.2886751345948129,call,22.093884125516894,0.001895294927948256,22.192801415396715,0.09891728987982162,0.09891728987982162,0.004477134455755521,0.0009891728987982162,0.0009891728987982162
100,80.0,0.8,-0.2231435513142097,0.05,0.5,0.5,0.25,26,0.038461538461538464,0.19611613513818404,call,21.90490532751665,0.0018450432814687435,22.0146625090499,0.1097571815332472,0.1097571815332472,0.005010621132216065,0.001097571815332472,0.001097571815332472
100,80.0,0.8,-0.2231435513142097,0.05,0.5,0.5,0.25,52,0.019230769230769232,0.1386750490563073,call,21.830036403921927,0.00183747873104827,21.939508395034313,0.10947199111238604,0.10947199111238604,0.005014741573803266,0.0010947199111238605,0.0010947199111238605
100,80.0,0.8,-0.2231435513142097,0.05,0.5,0.5,0.25,126,0.007936507936507936,0.0890870806374748,call,21.786660837863916,0.0018464855190808006,21.89571616462301,0.10905532675909413,0.10905532675909413,0.005005600792644758,0.0010905532675909413,0.0010905532675909413
100,80.0,0.8,-0.2231435513142097,0.05,0.5,0.6,0.36,12,0.08333333333333333,0.2886751345948129,call,22.98029139740793,0.0027320571411344804,23.13798504430108,0.15769364689314713,0.15769364689314713,0.006862125643495288,0.0015769364689314713,0.0015769364689314713
100,80.0,0.8,-0.2231435513142097,0.05,0.5,0.6,0.36,26,0.038461538461538464,0.19611613513818404,call,22.737015515061664,0.0026721769692560015,22.90512913970031,0.16811362463864654,0.16811362463864654,0.007393829877420947,0.0016811362463864654,0.0016811362463864654
100,80.0,0.8,-0.2231435513142097,0.05,0.5,0.6,0.36,52,0.019230769230769232,0.1386750490563073,call,22.62813241654477,0.0026278199960702337,22.80645139724381,0.1783189806990393,0.1783189806990393,0.007880410871586543,0.0017831898069903928,0.0017831898069903928
100,80.0,0.8,-0.2231435513142097,0.05,0.5,0.6,0.36,126,0.007936507936507936,0.0890870806374748,call,22.57603733824033,0.002656095276065902,22.748824668154437,0.17278732991410806,0.17278732991410806,0.0076535721183200265,0.0017278732991410806,0.0017278732991410806
100,90.0,0.9,-0.10536051565782628,0.05,0.5,0.1,0.010000000000000002,12,0.08333333333333333,0.2886751345948129,call,11.088918786391197,8.649574385203943e-05,11.089208124459129,0.0002893380679314106,0.0002893380679314106,2.6092540986637835e-05,2.893380679314106e-06,2.893380679314106e-06
100,90.0,0.9,-0.10536051565782628,0.05,0.5,0.1,0.010000000000000002,26,0.038461538461538464,0.19611613513818404,call,11.032506905605644,8.540749702813529e-05,11.03284139356599,0.00033448796034640793,0.00033448796034640793,3.0318400270064984e-05,3.3448796034640794e-06,3.3448796034640794e-06
100,90.0,0.9,-0.10536051565782628,0.05,0.5,0.1,0.010000000000000002,52,0.019230769230769232,0.1386750490563073,call,11.008208715442354,8.492296678106808e-05,11.008746707303851,0.0005379918614973889,0.0005379918614973889,4.887188055788695e-05,5.379918614973889e-06,5.379918614973889e-06
100,90.0,0.9,-0.10536051565782628,0.05,0.5,0.1,0.010000000000000002,126,0.007936507936507936,0.0890870806374748,call,10.994243110112372,8.496558210123228e-05,10.994612360193,0.00036925008062915765,0.00036925008062915765,3.3585766380727554e-05,3.6925008062915767e-06,3.6925008062915767e-06
100,90.0,0.9,-0.10536051565782628,0.05,0.5,0.2,0.04000000000000001,12,0.08333333333333333,0.2886751345948129,call,11.392203615219886,0.0002980243107921826,11.405179348764717,0.012975733544831058,0.012975733544831058,0.0011390011961773217,0.00012975733544831058,0.00012975733544831058
100,90.0,0.9,-0.10536051565782628,0.05,0.5,0.2,0.04000000000000001,26,0.038461538461538464,0.19611613513818404,call,11.30188777428026,0.0002917873340340163,11.315253274419588,0.01336550013932758,0.01336550013932758,0.0011825900598432316,0.0001336550013932758,0.0001336550013932758
100,90.0,0.9,-0.10536051565782628,0.05,0.5,0.2,0.04000000000000001,52,0.019230769230769232,0.1386750490563073,call,11.263190334703554,0.0002892534650872159,11.277216592895684,0.014026258192130214,0.014026258192130214,0.0012453184022748192,0.00014026258192130215,0.00014026258192130215
100,90.0,0.9,-0.10536051565782628,0.05,0.5,0.2,0.04000000000000001,126,0.007936507936507936,0.0890870806374748,call,11.240798432316614,0.00028921399784897193,11.255022245941415,0.01422381362480074,0.01422381362480074,0.001265373959905565,0.0001422381362480074,0.0001422381362480074
100,90.0,0.9,-0.10536051565782628,0.05,0.5,0.3,0.09,12,0.08333333333333333,0.2886751345948129,call,12.24800152413689,0.0006316974106630865,12.283958756774107,0.03595723263721595,0.03595723263721595,0.00293576323993394,0.0003595723263721595,0.0003595723263721595
100,90.0,0.9,-0.10536051565782628,0.05,0.5,0.3,0.09,26,0.038461538461538464,0.19611613513818404,call,12.100029959314586,0.0006129811576729658,12.138614418115383,0.03858445880079664,0.03858445880079664,0.0031887903526300262,0.0003858445880079664,0.0003858445880079664
100,90.0,0.9,-0.10536051565782628,0.05,0.5,0.3,0.09,52,0.019230769230769232,0.1386750490563073,call,12.037258676040825,0.0006111535111143699,12.07684316570791,0.039584489667085165,0.039584489667085165,0.0032884970517311255,0.0003958448966708517,0.0003958448966708517
100,90.0,0.9,-0.10536051565782628,0.05,0.5,0.3,0.09,126,0.007936507936507936,0.0890870806374748,call,12.00062906320248,0.0006090920911884826,12.040716615782745,0.04008755258026575,0.04008755258026575,0.00334045426861715,0.0004008755258026575,0.0004008755258026575
100,90.0,0.9,-0.10536051565782628,0.05,0.5,0.4,0.16000000000000003,12,0.08333333333333333,0.2886751345948129,call,13.411406702260068,0.0011110606381228695,13.475255046400227,0.06384834414015828,0.06384834414015828,0.004760749230682764,0.0006384834414015827,0.0006384834414015827
100,90.0,0.9,-0.10536051565782628,0.05,0.5,0.4,0.16000000000000003,26,0.038461538461538464,0.19611613513818404,call,13.203160147456632,0.0010772820298493608,13.273502420789368,0.07034227333273613,0.07034227333273613,0.005327684626039046,0.0007034227333273613,0.0007034227333273613
100,90.0,0.9,-0.10536051565782628,0.05,0.5,0.4,0.16000000000000003,52,0.019230769230769232,0.1386750490563073,call,13.113539099621425,0.001050676394408044,13.187433322687156,0.07389422306573046,0.07389422306573046,0.0056349565517262775,0.0007389422306573046,0.0007389422306573046
100,90.0,0.9,-0.10536051565782628,0.05,0.5,0.4,0.16000000000000003,126,0.007936507936507936,0.0890870806374748,call,13.064808931892928,0.0010495234368867261,13.13700142235466,0.07219249046173104,0.07219249046173104,0.00552572110606988,0.0007219249046173104,0.0007219249046173104
100,90.0,0.9,-0.10536051565782628,0.05,0.5,0.5,0.25,12,0.08333333333333333,0.2886751345948129,call,14.721905877129602,0.0017274848641464131,14.82662279349792,0.10471691636831792,0.10471691636831792,0.007112999990782108,0.0010471691636831793,0.0010471691636831793
100,90.0,0.9,-0.10536051565782628,0.05,0.5,0.5,0.25,26,0.038461538461538464,0.19611613513818404,call,14.458424169764244,0.0016734925372347202,14.570231536786718,0.11180736702247351,0.11180736702247351,0.007733025792415704,0.0011180736702247351,0.0011180736702247351
100,90.0,0.9,-0.10536051565782628,0.05,0.5,0.5,0.25,52,0.019230769230769232,0.1386750490563073,call,14.346661318381857,0.0016739076006623754,14.460608195612117,0.11394687723026031,0.11394687723026031,0.007942396819827642,0.0011394687723026032,0.0011394687723026032
100,90.0,0.9,-0.10536051565782628,0.05,0.5,0.5,0.25,126,0.007936507936507936,0.0890870806374748,call,14.280936666898508,0.0016421579578744232,14.396302748090067,0.11536608119155822,0.11536608119155822,0.008078327345219793,0.0011536608119155822,0.0011536608119155822
100,90.0,0.9,-0.10536051565782628,0.05,0.5,0.6,0.36,12,0.08333333333333333,0.2886751345948129,call,16.12008493781257,0.0025712081941036873,16.269038976705477,0.14895403889290648,0.14895403889290648,0.00924027630546213,0.0014895403889290649,0.0014895403889290649
100,90.0,0.9,-0.10536051565782628,0.05,0.5,0.6,0.36,26,0.038461538461538464,0.19611613513818404,call,15.79787250750829,0.0024877506525417805,15.95981887016639,0.16194636265810125,0.16194636265810125,0.010251150120443918,0.0016194636265810126,0.0016194636265810126
100,90.0,0.9,-0.10536051565782628,0.05,0.5,0.6,0.36,52,0.019230769230769232,0.1386750490563073,call,15.662448049902832,0.0024071453925500297,15.827423354138954,0.1649753042361226,0.1649753042361226,0.010533174872183923,0.0016497530423612262,0.0016497530423612262
100,90.0,0.9,-0.10536051565782628,0.05,0.5,0.6,0.36,126,0.007936507936507936,0.0890870806374748,call,15.582438718298665,0.0024474435303648285,15.749705475403156,0.1672667571044908,0.1672667571044908,0.010734311883291235,0.0016726675710449078,0.0016726675710449078
100,100.0,1.0,0.0,0.05,0.5,0.1,0.010000000000000002,12,0.08333333333333333,0.2886751345948129,call,2.4499895564751872,6.735955621958598e-05,2.4521409691522527,0.002151412677065423,0.002151412677065423,0.0008781313664702603,2.151412677065423e-05,2.151412677065423e-05
100,100.0,1.0,0.0,0.05,0.5,0.1,0.010000000000000002,26,0.038461538461538464,0.19611613513818404,call,2.3642595574025043,6.52096558617818e-05,2.366377476969864,0.0021179195673597384,0.0021179195673597384,0.0008958067064711763,2.1179195673597383e-05,2.1179195673597383e-05
100,100.0,1.0,0.0,0.05,0.5,0.1,0.010000000000000002,52,0.019230769230769232,0.1386750490563073,call,2.3273383290931386,6.3910752459152e-05,2.3295843099815676,0.002245980888428978,0.002245980888428978,0.0009650427101005713,2.245980888428978e-05,2.245980888428978e-05
100,100.0,1.0,0.0,0.05,0.5,0.1,0.010000000000000002,126,0.007936507936507936,0.0890870806374748,call,2.305710476842071,6.306917211170197e-05,2.3079643755828028,0.0022538987407316746,0.0022538987407316746,0.0009775289496965125,2.2538987407316745e-05,2.2538987407316745e-05
100,100.0,1.0,0.0,0.05,0.5,0.2,0.04000000000000001,12,0.08333333333333333,0.2886751345948129,call,4.109413022342766,0.00024812847653399073,4.116101386096473,0.006688363753706739,0.006688363753706739,0.0016275715576269138,6.688363753706739e-05,6.688363753706739e-05
100,100.0,1.0,0.0,0.05,0.5,0.2,0.04000000000000001,26,0.038461538461538464,0.19611613513818404,call,3.9718029856697505,0.00023751779029418935,3.978739399383142,0.006936413713391598,0.006936413713391598,0.0017464143459326033,6.936413713391598e-05,6.936413713391598e-05
100,100.0,1.0,0.0,0.05,0.5,0.2,0.04000000000000001,52,0.019230769230769232,0.1386750490563073,call,3.912941012002826,0.00023499771486507225,3.919778657844348,0.006837645841522022,0.006837645841522022,0.0017474441399826254,6.837645841522022e-05,6.837645841522022e-05
100,100.0,1.0,0.0,0.05,0.5,0.2,0.04000000000000001,126,0.007936507936507936,0.0890870806374748,call,3.878174632555693,0.0002324892375169532,3.885123665495941,0.006949032940247957,0.006949032940247957,0.0017918308479235724,6.949032940247956e-05,6.949032940247956e-05
100,100.0,1.0,0.0,0.05,0.5,0.3,0.09,12,0.08333333333333333,0.2886751345948129,call,5.79297843512559,0.0005566996904739275,5.809319872364679,0.016341437239088208,0.016341437239088208,0.0028209042070659685,0.0001634143723908821,0.0001634143723908821
100,100.0,1.0,0.0,0.05,0.5,0.3,0.09,26,0.038461538461538464,0.19611613513818404,call,5.601710378620955,0.0005272214794447486,5.619251343512526,0.01754096489157142,0.01754096489157142,0.003131358764729587,0.0001754096489157142,0.0001754096489157142
100,100.0,1.0,0.0,0.05,0.5,0.3,0.09,52,0.019230769230769232,0.1386750490563073,call,5.521217624951133,0.0005284527359004698,5.537648478415442,0.016430853464309614,0.016430853464309614,0.0029759474413861816,0.00016430853464309612,0.00016430853464309612
100,100.0,1.0,0.0,0.05,0.5,0.3,0.09,126,0.007936507936507936,0.0890870806374748,call,5.472702262347728,0.000518640976442747,5.4896798791418435,0.016977616794115136,0.016977616794115136,0.0031022365150250157,0.00016977616794115136,0.00016977616794115136
100,100.0,1.0,0.0,0.05,0.5,0.4,0.16000000000000003,12,0.08333333333333333,0.2886751345948129,call,7.481054062203246,0.0010072434681291974,7.512612201511103,0.03155813930785634,0.03155813930785634,0.004218408134128915,0.00031558139307856335,0.00031558139307856335
100,100.0,1.0,0.0,0.05,0.5,0.4,0.16000000000000003,26,0.038461538461538464,0.19611613513818404,call,7.236683456112596,0.0009693574971444591,7.269900870833522,0.03321741472092654,0.03321741472092654,0.004590143388525423,0.0003321741472092654,0.0003321741472092654
100,100.0,1.0,0.0,0.05,0.5,0.4,0.16000000000000003,52,0.019230769230769232,0.1386750490563073,call,7.132547971452235,0.0009563148904106629,7.165680593367995,0.03313262191575994,0.03313262191575994,0.004645271514243166,0.0003313262191575994,0.0003313262191575994
100,100.0,1.0,0.0,0.05,0.5,0.4,0.16000000000000003,126,0.007936507936507936,0.0890870806374748,call,7.069235262848136,0.000946086724107133,7.1044122277398,0.03517696489166422,0.03517696489166422,0.004976063687756193,0.0003517696489166422,0.0003517696489166422
100,100.0,1.0,0.0,0.05,0.5,0.5,0.25,12,0.08333333333333333,0.2886751345948129,call,9.165423809432141,0.0016131487287648389,9.2229237781649,0.05749996873275798,0.05749996873275798,0.006273574460745038,0.0005749996873275798,0.0005749996873275798
100,100.0,1.0,0.0,0.05,0.5,0.5,0.25,26,0.038461538461538464,0.19611613513818404,call,8.868876559239824,0.0015497027991003087,8.927982201699999,0.05910564246017458,0.05910564246017458,0.006664388895862666,0.0005910564246017458,0.0005910564246017458
100,100.0,1.0,0.0,0.05,0.5,0.5,0.25,52,0.019230769230769232,0.1386750490563073,call,8.741244515979192,0.0015221696347275846,8.801317406217603,0.06007289023841089,0.06007289023841089,0.006872349827143754,0.0006007289023841089,0.0006007289023841089
100,100.0,1.0,0.0,0.05,0.5,0.5,0.25,126,0.007936507936507936,0.0890870806374748,call,8.666618924864983,0.0015193829526666145,8.726849790274285,0.060230865409302226,0.060230865409302226,0.006949753523429619,0.0006023086540930222,0.0006023086540930222
100,100.0,1.0,0.0,0.05,0.5,0.6,0.36,12,0.08333333333333333,0.2886751345948129,call,10.845202943019375,0.002378374102092222,10.939921266917157,0.09471832389778179,0.09471832389778179,0.008733660807956406,0.0009471832389778179,0.0009471832389778179
100,100.0,1.0,0.0,0.05,0.5,0.6,0.36,26,0.038461538461538464,0.19611613513818404,call,10.495703706384779,0.002279386755961763,10.593369782380579,0.09766607599580013,0.09766607599580013,0.009305338520216382,0.0009766607599580013,0.0009766607599580013
100,100.0,1.0,0.0,0.05,0.5,0.6,0.36,52,0.019230769230769232,0.1386750490563073,call,10.350260066830725,0.0022834103791948817,10.44452154418192,0.09426147735119628,0.09426147735119628,0.009107160278346453,0.0009426147735119627,0.0009426147735119627
100,100.0,1.0,0.0,0.05,0.5,0.6,0.36,126,0.007936507936507936,0.0890870806374748,call,10.258469026900755,0.0022639142670685154,10.357006758433789,0.09853773153303358,0.09853773153303358,0.009605500711133245,0.0009853773153303358,0.0009853773153303358
100,110.00000000000001,1.1,0.09531017980432493,0.05,0.5,0.1,0.010000000000000002,12,0.08333333333333333,0.2886751345948129,call,0.054096719091022816,3.944417976929014e-05,0.05222901662787646,-0.0018677024631463535,0.0018677024631463535,-0.03452524468265383,-1.8677024631463533e-05,1.8677024631463533e-05
100,110.00000000000001,1.1,0.09531017980432493,0.05,0.5,0.1,0.010000000000000002,26,0.038461538461538464,0.19611613513818404,call,0.043525309292873196,3.732712145312588e-05,0.04168280305388068,-0.001842506238992514,0.001842506238992514,-0.04233183563601246,-1.842506238992514e-05,1.842506238992514e-05
100,110.00000000000001,1.1,0.09531017980432493,0.05,0.5,0.1,0.010000000000000002,52,0.019230769230769232,0.1386750490563073,call,0.039413301019706325,3.623332983653983e-05,0.03762026821016484,-0.0017930328095414824,0.0017930328095414824,-0.04549308896113474,-1.7930328095414823e-05,1.7930328095414823e-05
100,110.00000000000001,1.1,0.09531017980432493,0.05,0.5,0.1,0.010000000000000002,126,0.007936507936507936,0.0890870806374748,call,0.037122005520397086,3.573334426732615e-05,0.03535886603295118,-0.001763139487445907,0.001763139487445907,-0.04749580370804942,-1.763139487445907e-05,1.763139487445907e-05
100,110.00000000000001,1.1,0.09531017980432493,0.05,0.5,0.2,0.04000000000000001,12,0.08333333333333333,0.2886751345948129,call,0.8494258781799473,0.00021354410798729768,0.8369708983821409,-0.01245497979780641,0.01245497979780641,-0.014662821227549031,-0.00012454979797806408,0.00012454979797806408
100,110.00000000000001,1.1,0.09531017980432493,0.05,0.5,0.2,0.04000000000000001,26,0.038461538461538464,0.19611613513818404,call,0.7699110468881136,0.00020377768058062016,0.7563030156431712,-0.013608031244942476,0.013608031244942476,-0.017674809706841425,-0.00013608031244942474,0.00013608031244942474
100,110.00000000000001,1.1,0.09531017980432493,0.05,0.5,0.2,0.04000000000000001,52,0.019230769230769232,0.1386750490563073,call,0.7366659078500924,0.00019812653442029244,0.7226173353506049,-0.014048572499487544,0.014048572499487544,-0.019070480050430612,-0.00014048572499487545,0.00014048572499487545
100,110.00000000000001,1.1,0.09531017980432493,0.05,0.5,0.2,0.04000000000000001,126,0.007936507936507936,0.0890870806374748,call,0.7174263158318873,0.000194521558520166,0.7030906600394795,-0.014335655792407809,0.014335655792407809,-0.0199820601447899,-0.00014335655792407809,0.00014335655792407809
100,110.00000000000001,1.1,0.09531017980432493,0.05,0.5,0.3,0.09,12,0.08333333333333333,0.2886751345948129,call,2.1934420618672825,0.0005042488593337209,2.1747415841650084,-0.01870047770227412,0.01870047770227412,-0.008525631028683001,-0.0001870047770227412,0.0001870047770227412
100,110.00000000000001,1.1,0.09531017980432493,0.05,0.5,0.3,0.09,26,0.038461538461538464,0.19611613513818404,call,2.043491645340026,0.00048507501558191387,2.02252645784789,-0.02096518749213594,0.02096518749213594,-0.010259492638467552,-0.0002096518749213594,0.0002096518749213594
100,110.00000000000001,1.1,0.09531017980432493,0.05,0.5,0.3,0.09,52,0.019230769230769232,0.1386750490563073,call,1.9805627177313045,0.00047497421187438075,1.9579825640475403,-0.022580153683764204,0.022580153683764204,-0.011400877882640003,-0.00022580153683764202,0.00022580153683764202
100,110.00000000000001,1.1,0.09531017980432493,0.05,0.5,0.3,0.09,126,0.007936507936507936,0.0890870806374748,call,1.9428799507034524,0.00046625711177126925,1.920278509213906,-0.022601441489546348,0.022601441489546348,-0.011632958321157781,-0.00022601441489546347,0.00022601441489546347
100,110.00000000000001,1.1,0.09531017980432493,0.05,0.5,0.4,0.16000000000000003,12,0.08333333333333333,0.2886751345948129,call,3.7422589469230596,0.0009520443026838758,3.7243489331465933,-0.017910013776466283,0.017910013776466283,-0.004785883080376402,-0.0001791001377646628,0.0001791001377646628
100,110.00000000000001,1.1,0.09531017980432493,0.05,0.5,0.4,0.16000000000000003,26,0.038461538461538464,0.19611613513818404,call,3.526639168410188,0.0008918110082140556,3.506669188422106,-0.01996997998808192,0.01996997998808192,-0.005662609366720216,-0.0001996997998808192,0.0001996997998808192
100,110.00000000000001,1.1,0.09531017980432493,0.05,0.5,0.4,0.16000000000000003,52,0.019230769230769232,0.1386750490563073,call,3.4363723201091996,0.0008761641391522697,3.4138544486510516,-0.022517871458147987,0.022517871458147987,-0.006552803177460242,-0.00022517871458147988,0.00022517871458147988
100,110.00000000000001,1.1,0.09531017980432493,0.05,0.5,0.4,0.16000000000000003,126,0.007936507936507936,0.0890870806374748,call,3.3828865816292004,0.0008732299205111956,3.3594845565781393,-0.02340202505106115,0.02340202505106115,-0.006917768150474237,-0.00023402025051061148,0.00023402025051061148
100,110.00000000000001,1.1,0.09531017980432493,0.05,0.5,0.5,0.25,12,0.08333333333333333,0.2886751345948129,call,5.377593922971636,0.0015262301160677305,5.3716481615187135,-0.005945761452922582,0.005945761452922582,-0.0011056545990808058,-5.945761452922582e-05,5.945761452922582e-05
100,110.00000000000001,1.1,0.09531017980432493,0.05,0.5,0.5,0.25,26,0.038461538461538464,0.19611613513818404,call,5.103312074758019,0.0014614262345084199,5.092456049851453,-0.01085602490656612,0.01085602490656612,-0.0021272508417155486,-0.00010856024906566119,0.00010856024906566119
100,110.00000000000001,1.1,0.09531017980432493,0.05,0.5,0.5,0.25,52,0.019230769230769232,0.1386750490563073,call,4.984739474707419,0.0014127479525646574,4.973096859535553,-0.011642615171866488,0.011642615171866488,-0.002335651688707333,-0.00011642615171866488,0.00011642615171866488
100,110.00000000000001,1.1,0.09531017980432493,0.05,0.5,0.5,0.25,126,0.007936507936507936,0.0890870806374748,call,4.914742688474652,0.0014039532235179146,4.903084133170322,-0.011658555304330243,0.011658555304330243,-0.002372159855218913,-0.00011658555304330242,0.00011658555304330242
100,110.00000000000001,1.1,0.09531017980432493,0.05,0.5,0.6,0.36,12,0.08333333333333333,0.2886751345948129,call,7.05441620157395,0.002297920519728017,7.073337524107202,0.018921322533251406,0.018921322533251406,0.002682195378411294,0.00018921322533251405,0.00018921322533251405
100,110.00000000000001,1.1,0.09531017980432493,0.05,0.5,0.6,0.36,26,0.038461538461538464,0.19611613513818404,call,6.721133879155673,0.0021946818096211552,6.735312037398265,0.014178158242592609,0.014178158242592609,0.0021094890382355705,0.0001417815824259261,0.0001417815824259261
100,110.00000000000001,1.1,0.09531017980432493,0.05,0.5,0.6,0.36,52,0.019230769230769232,0.1386750490563073,call,6.577916452141376,0.0021471094007279087,6.590581479128054,0.01266502698667793,0.01266502698667793,0.001925385808534396,0.0001266502698667793,0.0001266502698667793
100,110.00000000000001,1.1,0.09531017980432493,0.05,0.5,0.6,0.36,126,0.007936507936507936,0.0890870806374748,call,6.49282531701047,0.0021064139797819085,6.505622194318633,0.012796877308162813,0.012796877308162813,0.001970925857906024,0.00012796877308162812,0.00012796877308162812
100,120.0,1.2,0.1823215567939546,0.05,0.5,0.1,0.010000000000000002,12,0.08333333333333333,0.2886751345948129,call,6.508569576838868e-05,2.916404211905798e-06,5.656193762135385e-05,-8.52375814703483e-06,8.52375814703483e-06,-0.1309620807829593,-8.523758147034829e-08,8.523758147034829e-08
100,120.0,1.2,0.1823215567939546,0.05,0.5,0.1,0.010000000000000002,26,0.038461538461538464,0.19611613513818404,call,4.38336548860654e-05,2.603022152353254e-06,2.980095167105742e-05,-1.4032703215007977e-05,1.4032703215007977e-05,-0.3201353674815042,-1.4032703215007978e-07,1.4032703215007978e-07
100,120.0,1.2,0.1823215567939546,0.05,0.5,0.1,0.010000000000000002,52,0.019230769230769232,0.1386750490563073,call,2.6973405620858042e-05,9.769488575769156e-07,2.221893484044407e-05,-4.754470780413973e-06,4.754470780413973e-06,-0.17626512748310239,-4.754470780413973e-08,4.754470780413973e-08
100,120.0,1.2,0.1823215567939546,0.05,0.5,0.1,0.010000000000000002,126,0.007936507936507936,0.0890870806374748,call,2.515512236199991e-05,3.1880816592503432e-06,1.8593123893805984e-05,-6.561998468193925e-06,6.561998468193925e-06,-0.26086132175237114,-6.561998468193925e-08,6.561998468193925e-08
100,120.0,1.2,0.1823215567939546,0.05,0.5,0.2,0.04000000000000001,12,0.08333333333333333,0.2886751345948129,call,0.10011311302171877,0.0001439586147050903,0.09343719388195558,-0.0066759191397631895,0.0066759191397631895,-0.06668376337787939,-6.675919139763189e-05,6.675919139763189e-05
100,120.0,1.2,0.1823215567939546,0.05,0.5,0.2,0.04000000000000001,26,0.038461538461538464,0.19611613513818404,call,0.08239743895506721,0.00013973926216846575,0.07527430594861496,-0.007123133006452245,0.007123133006452245,-0.08644847578741637,-7.123133006452245e-05,7.123133006452245e-05
100,120.0,1.2,0.1823215567939546,0.05,0.5,0.2,0.04000000000000001,52,0.019230769230769232,0.1386750490563073,call,0.07492527989925868,0.00013709293791964243,0.06823676025944489,-0.006688519639813789,0.006688519639813789,-0.08926919791032994,-6.688519639813789e-05,6.688519639813789e-05
100,120.0,1.2,0.1823215567939546,0.05,0.5,0.2,0.04000000000000001,126,0.007936507936507936,0.0890870806374748,call,0.07094215814788728,0.00013194317799539878,0.0643076364501534,-0.006634521697733875,0.006634521697733875,-0.09352015601080861,-6.634521697733875e-05,6.634521697733875e-05
100,120.0,1.2,0.1823215567939546,0.05,0.5,0.3,0.09,12,0.08333333333333333,0.2886751345948129,call,0.67868691959364,0.000446234320162478,0.6508441607306947,-0.027842758862945294,0.027842758862945294,-0.041024451863041635,-0.00027842758862945294,0.00027842758862945294
100,120.0,1.2,0.1823215567939546,0.05,0.5,0.3,0.09,26,0.038461538461538464,0.19611613513818404,call,0.5985676678773838,0.0004145606579054579,0.5712953479712313,-0.02727231990615253,0.02727231990615253,-0.04556263455202069,-0.0002727231990615253,0.0002727231990615253
100,120.0,1.2,0.1823215567939546,0.05,0.5,0.3,0.09,52,0.019230769230769232,0.1386750490563073,call,0.568000594564348,0.00042140093925861755,0.5386618556521113,-0.029338738912236706,0.029338738912236706,-0.05165265528417146,-0.0002933873891223671,0.0002933873891223671
100,120.0,1.2,0.1823215567939546,0.05,0.5,0.3,0.09,126,0.007936507936507936,0.0890870806374748,call,0.5490359471215815,0.0004132869321753773,0.5199131882426764,-0.02912275887890514,0.02912275887890514,-0.05304344648394404,-0.0002912275887890514,0.0002912275887890514
100,120.0,1.2,0.1823215567939546,0.05,0.5,0.4,0.16000000000000003,12,0.08333333333333333,0.2886751345948129,call,1.7026301138929691,0.000866607985256916,1.6594372059318512,-0.043192907961117966,0.043192907961117966,-0.02536834489691938,-0.00043192907961117963,0.00043192907961117963
100,120.0,1.2,0.1823215567939546,0.05,0.5,0.4,0.16000000000000003,26,0.038461538461538464,0.19611613513818404,call,1.5533198918770912,0.0008275606126784676,1.506117338982129,-0.047202552894962224,0.047202552894962224,-0.0303881725469445,-0.0004720255289496222,0.0004720255289496222
100,120.0,1.2,0.1823215567939546,0.05,0.5,0.4,0.16000000000000003,52,0.019230769230769232,0.1386750490563073,call,1.491712796496793,0.0008241579710754162,1.4419456477396073,-0.049767148757185575,0.049767148757185575,-0.03336241994709775,-0.0004976714875718557,0.0004976714875718557
100,120.0,1.2,0.1823215567939546,0.05,0.5,0.4,0.16000000000000003,126,0.007936507936507936,0.0890870806374748,call,1.4548631508234329,0.0008037988799565947,1.4047037712122241,-0.050159379611208754,0.050159379611208754,-0.03447704313826302,-0.0005015937961120875,0.0005015937961120875
100,120.0,1.2,0.1823215567939546,0.05,0.5,0.5,0.25,12,0.08333333333333333,0.2886751345948129,call,3.0034455864348995,0.001438605726061435,2.953471170366947,-0.049974416067952276,0.049974416067952276,-0.01663902828593345,-0.0004997441606795227,0.0004997441606795227
100,120.0,1.2,0.1823215567939546,0.05,0.5,0.5,0.25,26,0.038461538461538464,0.19611613513818404,call,2.7837258967835945,0.001370868251422785,2.727354038776231,-0.05637185800736333,0.05637185800736333,-0.020250506011564275,-0.0005637185800736333,0.0005637185800736333
100,120.0,1.2,0.1823215567939546,0.05,0.5,0.5,0.25,52,0.019230769230769232,0.1386750490563073,call,2.693086981613556,0.0013785438668934712,2.631821029589373,-0.061265952024182724,0.061265952024182724,-0.022749340233888544,-0.0006126595202418273,0.0006126595202418273
100,120.0,1.2,0.1823215567939546,0.05,0.5,0.5,0.25,126,0.007936507936507936,0.0890870806374748,call,2.637311775264747,0.0013483062480826704,2.57611644706554,-0.06119532819920703,0.06119532819920703,-0.023203676096681412,-0.0006119532819920704,0.0006119532819920704
100,120.0,1.2,0.1823215567939546,0.05,0.5,0.6,0.36,12,0.08333333333333333,0.2886751345948129,call,4.4647603987403155,0.002216994859458846,4.42381841688112,-0.04094198185919584,0.04094198185919584,-0.00917002889354313,-0.00040941981859195844,0.00040941981859195844
100,120.0,1.2,0.1823215567939546,0.05,0.5,0.6,0.36,26,0.038461538461538464,0.19611613513818404,call,4.177734532357769,0.0020795931480688543,4.128264324088317,-0.04947020826945181,0.04947020826945181,-0.01184139582979499,-0.0004947020826945181,0.0004947020826945181
100,120.0,1.2,0.1823215567939546,0.05,0.5,0.6,0.36,52,0.019230769230769232,0.1386750490563073,call,4.057154000657743,0.002031107034304774,4.002746910791273,-0.05440708986647014,0.05440708986647014,-0.01341016137362538,-0.0005440708986647014,0.0005440708986647014
100,120.0,1.2,0.1823215567939546,0.05,0.5,0.6,0.36,126,0.007936507936507936,0.0890870806374748,call,3.984930908084351,0.0020122968841149364,3.929368065734682,-0.05556284234966924,0.05556284234966924,-0.013943238573333154,-0.0005556284234966924,0.0005556284234966924
100,130.0,1.3,0.26236426446749106,0.05,0.5,0.1,0.010000000000000002,12,0.08333333333333333,0.2886751345948129,call,0.0,0.0,4.28914666389314e-09,4.28914666389314e-09,4.28914666389314e-09,4289.146663893141,4.2891466638931404e-11,4.2891466638931404e-11
100,130.0,1.3,0.26236426446749106,0.05,0.5,0.1,0.010000000000000002,26,0.038461538461538464,0.19611613513818404,call,0.0,0.0,1.2299259064488593e-09,1.2299259064488593e-09,1.2299259064488593e-09,1229.9259064488595,1.2299259064488593e-11,1.2299259064488593e-11
100,130.0,1.3,0.26236426446749106,0.05,0.5,0.1,0.010000000000000002,52,0.019230769230769232,0.1386750490563073,call,0.0,0.0,6.930058309914918e-10,6.930058309914918e-10,6.930058309914918e-10,693.0058309914917,6.9300583099149175e-12,6.9300583099149175e-12
100,130.0,1.3,0.26236426446749106,0.05,0.5,0.1,0.010000000000000002,126,0.007936507936507936,0.0890870806374748,call,0.0,0.0,4.890983006579091e-10,4.890983006579091e-10,4.890983006579091e-10,489.09830065790914,4.890983006579092e-12,4.890983006579092e-12
100,130.0,1.3,0.26236426446749106,0.05,0.5,0.2,0.04000000000000001,12,0.08333333333333333,0.2886751345948129,call,0.007386827914334785,7.37428906236855e-05,0.0060809274354965874,-0.0013059004788381979,0.0013059004788381979,-0.17678772187233222,-1.3059004788381978e-05,1.3059004788381978e-05
100,130.0,1.3,0.26236426446749106,0.05,0.5,0.2,0.04000000000000001,26,0.038461538461538464,0.19611613513818404,call,0.005279625042156829,6.689032218678287e-05,0.004184938124349944,-0.0010946869178068844,0.0010946869178068844,-0.207341792090539,-1.0946869178068843e-05,1.0946869178068843e-05
100,130.0,1.3,0.26236426446749106,0.05,0.5,0.2,0.04000000000000001,52,0.019230769230769232,0.1386750490563073,call,0.004503362494258176,6.13128254540966e-05,0.0035288644079075723,-0.000974498086350604,0.000974498086350604,-0.21639343659167945,-9.74498086350604e-06,9.74498086350604e-06
100,130.0,1.3,0.26236426446749106,0.05,0.5,0.2,0.04000000000000001,126,0.007936507936507936,0.0890870806374748,call,0.00415369400160951,5.684038808272814e-05,0.003182629036186253,-0.0009710649654232567,0.0009710649654232567,-0.2337834623944325,-9.710649654232567e-06,9.710649654232567e-06
100,130.0,1.3,0.26236426446749106,0.05,0.5,0.3,0.09,12,0.08333333333333333,0.2886751345948129,call,0.17593322446398735,0.0003376951281046811,0.15984094325508635,-0.016092281208900994,0.016092281208900994,-0.09146811955461547,-0.00016092281208900995,0.00016092281208900995
100,130.0,1.3,0.26236426446749106,0.05,0.5,0.3,0.09,26,0.038461538461538464,0.19611613513818404,call,0.14687554370303646,0.0003376547928671755,0.1302355263658968,-0.016640017337139656,0.016640017337139656,-0.11329331567128453,-0.00016640017337139656,0.00016640017337139656
100,130.0,1.3,0.26236426446749106,0.05,0.5,0.3,0.09,52,0.019230769230769232,0.1386750490563073,call,0.13418421429077793,0.00031801102673963014,0.11867733815467016,-0.015506876136107767,0.015506876136107767,-0.11556408641708242,-0.00015506876136107766,0.00015506876136107766
100,130.0,1.3,0.26236426446749106,0.05,0.5,0.3,0.09,126,0.007936507936507936,0.0890870806374748,call,0.1284580602752512,0.00032528184753339564,0.11219973122447731,-0.016258329050773887,0.016258329050773887,-0.1265652697536974,-0.00016258329050773888,0.00016258329050773888
100,130.0,1.3,0.26236426446749106,0.05,0.5,0.4,0.16000000000000003,12,0.08333333333333333,0.2886751345948129,call,0.7180028006273075,0.0007710619208309464,0.6742463204650452,-0.0437564801622623,0.0437564801622623,-0.060941935218125846,-0.00043756480162262303,0.00043756480162262303
100,130.0,1.3,0.26236426446749106,0.05,0.5,0.4,0.16000000000000003,26,0.038461538461538464,0.19611613513818404,call,0.6308963239107429,0.0007568089680108436,0.5850104679730848,-0.04588585593765815,0.04588585593765815,-0.07273121462053395,-0.0004588585593765815,0.0004588585593765815
100,130.0,1.3,0.26236426446749106,0.05,0.5,0.4,0.16000000000000003,52,0.019230769230769232,0.1386750490563073,call,0.5952105640860161,0.000740926833200376,0.5486784806235805,-0.04653208346243565,0.04653208346243565,-0.07817751610959499,-0.00046532083462435647,0.00046532083462435647
100,130.0,1.3,0.26236426446749106,0.05,0.5,0.4,0.16000000000000003,126,0.007936507936507936,0.0890870806374748,call,0.5741152178991418,0.0007197382497647597,0.5278838350082257,-0.046231382890916106,0.046231382890916106,-0.08052631501406718,-0.00046231382890916104,0.00046231382890916104
100,130.0,1.3,0.26236426446749106,0.05,0.5,0.5,0.25,12,0.08333333333333333,0.2886751345948129,call,1.6141797339403938,0.0013700753221428873,1.5467426993295246,-0.06743703461086925,0.06743703461086925,-0.04177789696705452,-0.0006743703461086925,0.0006743703461086925
100,130.0,1.3,0.26236426446749106,0.05,0.5,0.5,0.25,26,0.038461538461538464,0.19611613513818404,call,1.4597633196951068,0.0013128589328919743,1.3847105647309828,-0.075052754964124,0.075052754964124,-0.051414331317627494,-0.00075052754964124,0.00075052754964124
100,130.0,1.3,0.26236426446749106,0.05,0.5,0.5,0.25,52,0.019230769230769232,0.1386750490563073,call,1.394278607174356,0.001270107401132043,1.317443256646567,-0.076835350527789,0.076835350527789,-0.05510760197598059,-0.00076835350527789,0.00076835350527789
100,130.0,1.3,0.26236426446749106,0.05,0.5,0.5,0.25,126,0.007936507936507936,0.0890870806374748,call,1.354127365376605,0.0012653958625723236,1.2785645515503385,-0.0755628138262665,0.0755628138262665,-0.055801851257360306,-0.000755628138262665,0.000755628138262665
100,130.0,1.3,0.26236426446749106,0.05,0.5,0.6,0.36,12,0.08333333333333333,0.2886751345948129,call,2.7686033111685946,0.0021043590782112436,2.691893358666695,-0.07670995250189971,0.07670995250189971,-0.027707094112201056,-0.0007670995250189972,0.0007670995250189972
100,130.0,1.3,0.26236426446749106,0.05,0.5,0.6,0.36,26,0.038461538461538464,0.19611613513818404,call,2.544198407966836,0.0020427478515059735,2.4546476209951806,-0.08955078697165542,0.08955078697165542,-0.03519803592803079,-0.0008955078697165541,0.0008955078697165541
100,130.0,1.3,0.26236426446749106,0.05,0.5,0.6,0.36,52,0.019230769230769232,0.1386750490563073,call,2.4461730063743397,0.0019902822500556163,2.3551024572805255,-0.09107054909381418,0.09107054909381418,-0.03722980707272083,-0.0009107054909381417,0.0009107054909381417
100,130.0,1.3,0.26236426446749106,0.05,0.5,0.6,0.36,126,0.007936507936507936,0.0890870806374748,call,2.394893356176475,0.0019476656599133,2.2972597000833446,-0.09763365609313057,0.09763365609313057,-0.04076743369024409,-0.0009763365609313057,0.0009763365609313057
100,70.0,0.7,-0.35667494393873245,0.05,1.0,0.1,0.010000000000000002,12,0.08333333333333333,0.2886751345948129,call,31.158418062545625,0.00018148638025921462,31.158443133478468,2.5070932842652383e-05,2.5070932842652383e-05,8.046279112221432e-07,2.507093284265238e-07,2.507093284265238e-07
100,70.0,0.7,-0.35667494393873245,0.05,1.0,0.1,0.010000000000000002,26,0.038461538461538464,0.19611613513818404,call,31.048826025683734,0.00017948092287261026,31.04891091260176,8.48869180245515e-05,8.48869180245515e-05,2.7339815667855733e-06,8.488691802455151e-07,8.488691802455151e-07
100,70.0,0.7,-0.35667494393873245,0.05,1.0,0.1,0.010000000000000002,52,0.019230769230769232,0.1386750490563073,call,31.00182376609788,0.00017778218134092657,31.001993582876736,0.00016981677885752333,0.00016981677885752333,5.477638352464505e-06,1.6981677885752334e-06,1.6981677885752334e-06
100,70.0,0.7,-0.35667494393873245,0.05,1.0,0.1,0.010000000000000002,126,0.007936507936507936,0.0890870806374748,call,30.97455254681235,0.00017922989564419828,30.97444596650701,-0.00010658030534216323,0.00010658030534216323,-3.440898950229762e-06,-1.0658030534216322e-06,1.0658030534216322e-06
100,70.0,0.7,-0.35667494393873245,0.05,1.0,0.2,0.04000000000000001,12,0.08333333333333333,0.2886751345948129,call,31.160094995708537,0.0006914774027858536,31.161028762126904,0.0009337664183668437,0.0009337664183668437,2.996673849984876e-05,9.337664183668437e-06,9.337664183668437e-06
100,70.0,0.7,-0.35667494393873245,0.05,1.0,0.2,0.04000000000000001,26,0.038461538461538464,0.19611613513818404,call,31.04987491018583,0.0006873999246708006,31.050709593409653,0.0008346832238217416,0.0008346832238217416,2.688201566789327e-05,8.346832238217417e-06,8.346832238217417e-06
100,70.0,0.7,-0.35667494393873245,0.05,1.0,0.2,0.04000000000000001,52,0.019230769230769232,0.1386750490563073,call,31.00345448136569,0.000684068697417793,31.00351828483166,6.380346597012476e-05,6.380346597012476e-05,2.057946994534857e-06,6.380346597012476e-07,6.380346597012476e-07
100,70.0,0.7,-0.35667494393873245,0.05,1.0,0.2,0.04000000000000001,126,0.007936507936507936,0.0890870806374748,call,30.97442519553587,0.000680474510154443,30.975825605212187,0.0014004096763180485,0.0014004096763180485,4.521180514174255e-05,1.4004096763180485e-05,1.4004096763180485e-05
100,70.0,0.7,-0.35667494393873245,0.05,1.0,0.3,0.09,12,0.08333333333333333,0.2886751345948129,call,31.241052572146078,0.001504370221725221,31.263854722129068,0.022802149982990016,0.022802149982990016,0.0007298777763755621,0.00022802149982990017,0.00022802149982990017
100,70.0,0.7,-0.35667494393873245,0.05,1.0,0.3,0.09,26,0.038461538461538464,0.19611613513818404,call,31.114483477598746,0.0015033947866620848,31.135492405895818,0.02100892829707135,0.02100892829707135,0.0006752137894944322,0.00021008928297071348,0.00021008928297071348
100,70.0,0.7,-0.35667494393873245,0.05,1.0,0.3,0.09,52,0.019230769230769232,0.1386750490563073,call,31.062260753123528,0.0014911083191653804,31.08119191712966,0.018931164006133372,0.018931164006133372,0.0006094586661477855,0.00018931164006133372,0.00018931164006133372
100,70.0,0.7,-0.35667494393873245,0.05,1.0,0.3,0.09,126,0.007936507936507936,0.0890870806374748,call,31.031167487643046,0.001504700450410682,31.049497225075783,0.018329737432736692,0.018329737432736692,0.000590687973310569,0.00018329737432736692,0.00018329737432736692
100,70.0,0.7,-0.35667494393873245,0.05,1.0,0.4,0.16000000000000003,12,0.08333333333333333,0.2886751345948129,call,31.600618433670565,0.002645296576570462,31.682106286370466,0.081487852699901,0.081487852699901,0.002578679049302257,0.00081487852699901,0.00081487852699901
100,70.0,0.7,-0.35667494393873245,0.05,1.0,0.4,0.16000000000000003,26,0.038461538461538464,0.19611613513818404,call,31.41550548133394,0.002546984350133963,31.506341773759722,0.09083629242578084,0.09083629242578084,0.00289144774320925,0.0009083629242578084,0.0009083629242578084
100,70.0,0.7,-0.35667494393873245,0.05,1.0,0.4,0.16000000000000003,52,0.019230769230769232,0.1386750490563073,call,31.34086013148162,0.0025568122866189776,31.432365342803237,0.09150521132161771,0.09150521132161771,0.0029196777286179688,0.0009150521132161771,0.0009150521132161771
100,70.0,0.7,-0.35667494393873245,0.05,1.0,0.4,0.16000000000000003,126,0.007936507936507936,0.0890870806374748,call,31.30133908102695,0.002548958424109785,31.389303028168268,0.0879639471413185,0.0879639471413185,0.002810229521287066,0.000879639471413185,0.000879639471413185
100,70.0,0.7,-0.35667494393873245,0.05,1.0,0.5,0.25,12,0.08333333333333333,0.2886751345948129,call,32.276278773722396,0.004122710311754737,32.46209543525943,0.18581666153703225,0.18581666153703225,0.00575706582656964,0.0018581666153703225,0.0018581666153703225
100,70.0,0.7,-0.35667494393873245,0.05,1.0,0.5,0.25,26,0.038461538461538464,0.19611613513818404,call,32.03251669937124,0.004057450745058167,32.22307540134403,0.19055870197279035,0.19055870197279035,0.0059489144659223975,0.0019055870197279034,0.0019055870197279034
100,70.0,0.7,-0.35667494393873245,0.05,1.0,0.5,0.25,52,0.019230769230769232,0.1386750490563073,call,31.931321522328496,0.004046561736364645,32.12224431633878,0.19092279401028378,0.19092279401028378,0.005979169821605345,0.001909227940102838,0.001909227940102838
100,70.0,0.7,-0.35667494393873245,0.05,1.0,0.5,0.25,126,0.007936507936507936,0.0890870806374748,call,31.866710125038548,0.004018169100467965,32.063489630282774,0.19677950524422627,0.19677950524422627,0.006175080655395651,0.001967795052442263,0.001967795052442263
100,70.0,0.7,-0.35667494393873245,0.05,1.0,0.6,0.36,12,0.08333333333333333,0.2886751345948129,call,33.22669041104273,0.006085296533193226,33.53983718550145,0.3131467744587155,0.3131467744587155,0.009424555096665382,0.003131467744587155,0.003131467744587155
100,70.0,0.7,-0.35667494393873245,0.05,1.0,0.6,0.36,26,0.038461538461538464,0.19611613513818404,call,32.902190892034646,0.005959321543932875,33.23281119936463,0.33062030732998693,0.33062030732998693,0.010048580303204898,0.0033062030732998694,0.0033062030732998694
100,70.0,0.7,-0.35667494393873245,0.05,1.0,0.6,0.36,52,0.019230769230769232,0.1386750490563073,call,32.76933208079102,0.0059493751147307004,33.102813924151654,0.33348184336063724,0.33348184336063724,0.010176644508299889,0.0033348184336063724,0.0033348184336063724
100,70.0,0.7,-0.35667494393873245,0.05,1.0,0.6,0.36,126,0.007936507936507936,0.0890870806374748,call,32.687048283613365,0.005808709647590675,33.026927979233164,0.3398796956197998,0.3398796956197998,0.010397992889134254,0.003398796956197998,0.003398796956197998
100,80.0,0.8,-0.2231435513142097,0.05,1.0,0.1,0.010000000000000002,12,0.08333333333333333,0.2886751345948129,call,21.64625205957734,0.00018250606366570165,21.646178261732718,-7.379784462102634e-05,7.379784462102634e-05,-3.409266621210513e-06,-7.379784462102635e-07,7.379784462102635e-07
100,80.0,0.8,-0.2231435513142097,0.05,1.0,0.1,0.010000000000000002,26,0.038461538461538464,0.19611613513818404,call,21.53654322153744,0.00017965736995879817,21.536633811252056,9.058971461683996e-05,9.058971461683996e-05,4.206325670976133e-06,9.058971461683996e-07,9.058971461683996e-07
100,80.0,0.8,-0.2231435513142097,0.05,1.0,0.1,0.010000000000000002,52,0.019230769230769232,0.1386750490563073,call,21.489435372046476,0.00017780693561331016,21.48971274757849,0.00027737553201490073,0.00027737553201490073,1.2907530012431676e-05,2.7737553201490072e-06,2.7737553201490072e-06
100,80.0,0.8,-0.2231435513142097,0.05,1.0,0.1,0.010000000000000002,126,0.007936507936507936,0.0890870806374748,call,21.462604202962677,0.0001797286549093262,21.462163277779933,-0.0004409251827439675,0.0004409251827439675,-2.0543880815875206e-05,-4.4092518274396755e-06,4.4092518274396755e-06
100,80.0,0.8,-0.2231435513142097,0.05,1.0,0.2,0.04000000000000001,12,0.08333333333333333,0.2886751345948129,call,21.720021003362742,0.0006658812268891933,21.730217941823305,0.010196938460563132,0.010196938460563132,0.0004694718508322077,0.00010196938460563132,0.00010196938460563132
100,80.0,0.8,-0.2231435513142097,0.05,1.0,0.2,0.04000000000000001,26,0.038461538461538464,0.19611613513818404,call,21.5957767367253,0.0006531570113404755,21.606595853794115,0.010819117068816553,0.010819117068816553,0.0005009830024042526,0.00010819117068816553,0.00010819117068816553
100,80.0,0.8,-0.2231435513142097,0.05,1.0,0.2,0.04000000000000001,52,0.019230769230769232,0.1386750490563073,call,21.543078959913668,0.0006551644641324871,21.554103695443338,0.011024735529669982,0.011024735529669982,0.000511753011265673,0.00011024735529669982,0.00011024735529669982
100,80.0,0.8,-0.2231435513142097,0.05,1.0,0.2,0.04000000000000001,126,0.007936507936507936,0.0890870806374748,call,21.513447528349985,0.0006495293831573595,21.523410491575156,0.00996296322517054,0.00996296322517054,0.0004631039823831838,9.962963225170541e-05,9.962963225170541e-05
100,80.0,0.8,-0.2231435513142097,0.05,1.0,0.3,0.09,12,0.08333333333333333,0.2886751345948129,call,22.240461808959992,0.0013884311106990216,22.300871147599484,0.060409338639491494,0.060409338639491494,0.0027161908398482286,0.000604093386394915,0.000604093386394915
100,80.0,0.8,-0.2231435513142097,0.05,1.0,0.3,0.09,26,0.038461538461538464,0.19611613513818404,call,22.06000366213849,0.001368455827492755,22.121983968644635,0.06198030650614328,0.06198030650614328,0.0028096235819090034,0.0006198030650614327,0.0006198030650614327
100,80.0,0.8,-0.2231435513142097,0.05,1.0,0.3,0.09,52,0.019230769230769232,0.1386750490563073,call,21.983133868945945,0.0013669245642850437,22.046312878444514,0.06317900949856892,0.06317900949856892,0.002873976471017062,0.0006317900949856891,0.0006317900949856891
100,80.0,0.8,-0.2231435513142097,0.05,1.0,0.3,0.09,126,0.007936507936507936,0.0890870806374748,call,21.94037934811534,0.001366619547564662,22.0021571226393,0.061777774523960716,0.061777774523960716,0.0028157113212934205,0.0006177777452396071,0.0006177777452396071
100,80.0,0.8,-0.2231435513142097,0.05,1.0,0.4,0.16000000000000003,12,0.08333333333333333,0.2886751345948129,call,23.25468157549221,0.0024552254121519355,23.39070096369643,0.13601938820421822,0.13601938820421822,0.005849118499544074,0.0013601938820421821,0.0013601938820421821
100,80.0,0.8,-0.2231435513142097,0.05,1.0,0.4,0.16000000000000003,26,0.038461538461538464,0.19611613513818404,call,23.00051402956327,0.0024131788954066327,23.140452350353907,0.1399383207906375,0.1399383207906375,0.006084138841887206,0.001399383207906375,0.001399383207906375
100,80.0,0.8,-0.2231435513142097,0.05,1.0,0.4,0.16000000000000003,52,0.019230769230769232,0.1386750490563073,call,22.885544044534573,0.0023911999208074525,23.03424529957878,0.14870125504420884,0.14870125504420884,0.006497606294822649,0.0014870125504420884,0.0014870125504420884
100,80.0,0.8,-0.2231435513142097,0.05,1.0,0.4,0.16000000000000003,126,0.007936507936507936,0.0890870806374748,call,22.828011748028352,0.002356273204798189,22.972173267958695,0.14416151993034276,0.14416151993034276,0.006315115022787473,0.0014416151993034275,0.0014416151993034275
100,80.0,0.8,-0.2231435513142097,0.05,1.0,0.5,0.25,12,0.08333333333333333,0.2886751345948129,call,24.597576825747613,0.0039457428488186026,24.82460941191706,0.22703258616944666,0.22703258616944666,0.009229876088111223,0.0022703258616944668,0.0022703258616944668
100,80.0,0.8,-0.2231435513142097,0.05,1.0,0.5,0.25,26,0.038461538461538464,0.19611613513818404,call,24.249569609261247,0.0037557947206150687,24.501460602583713,0.25189099332246556,0.25189099332246556,0.010387441813658619,0.0025189099332246557,0.0025189099332246557
100,80.0,0.8,-0.2231435513142097,0.05,1.0,0.5,0.25,52,0.019230769230769232,0.1386750490563073,call,24.112955455871308,0.0037716785444476385,24.363863818725488,0.2509083628541795,0.2509083628541795,0.010405541672955123,0.002509083628541795,0.002509083628541795
100,80.0,0.8,-0.2231435513142097,0.05,1.0,0.5,0.25,126,0.007936507936507936,0.0890870806374748,call,24.023898353273495,0.0037429219358447226,24.283315610676777,0.2594172574032818,0.2594172574032818,0.010798299825803818,0.0025941725740328183,0.0025941725740328183
100,80.0,0.8,-0.2231435513142097,0.05,1.0,0.6,0.36,12,0.08333333333333333,0.2886751345948129,call,26.125255004620982,0.005876267109036878,26.47776377146823,0.3525087668472473,0.3525087668472473,0.01349302683494941,0.0035250876684724732,0.0035250876684724732
100,80.0,0.8,-0.2231435513142097,0.05,1.0,0.6,0.36,26,0.038461538461538464,0.19611613513818404,call,25.70101747947647,0.005599204463012882,26.084011126096673,0.3829936466202035,0.3829936466202035,0.014901886546944798,0.0038299364662020352,0.0038299364662020352
100,80.0,0.8,-0.2231435513142097,0.05,1.0,0.6,0.36,52,0.019230769230769232,0.1386750490563073,call,25.52051048223744,0.005562877508147779,25.915949145564184,0.39543866332674327,0.39543866332674327,0.015494935479522362,0.003954386633267432,0.003954386633267432
100,80.0,0.8,-0.2231435513142097,0.05,1.0,0.6,0.36,126,0.007936507936507936,0.0890870806374748,call,25.42857378966867,0.005567770595263491,25.81744951869838,0.38887572902971,0.38887572902971,0.015292864328384224,0.0038887572902971002,0.0038887572902971002
100,90.0,0.9,-0.10536051565782628,0.05,1.0,0.1,0.010000000000000002,12,0.08333333333333333,0.2886751345948129,call,12.16375580002536,0.00017630467726427045,12.165734889294885,0.0019790892695255025,0.0019790892695255025,0.0001627037982397983,1.9790892695255023e-05,1.9790892695255023e-05
100,90.0,0.9,-0.10536051565782628,0.05,1.0,0.1,0.010000000000000002,26,0.038461538461538464,0.19611613513818404,call,12.048900615161374,0.0001718375134892868,12.051109739863035,0.002209124701661125,0.002209124701661125,0.00018334657843233754,2.209124701661125e-05,2.209124701661125e-05
100,90.0,0.9,-0.10536051565782628,0.05,1.0,0.1,0.010000000000000002,52,0.019230769230769232,0.1386750490563073,call,12.000168322623415,0.0001715238933949014,12.002165377706259,0.0019970550828443123,0.0019970550828443123,0.0001664189225645567,1.9970550828443123e-05,1.9970550828443123e-05
100,90.0,0.9,-0.10536051565782628,0.05,1.0,0.1,0.010000000000000002,126,0.007936507936507936,0.0890870806374748,call,11.970757226611735,0.00016957833616881808,11.97347058731423,0.002713360702495393,0.002713360702495393,0.00022666575314579302,2.7133607024953933e-05,2.7133607024953933e-05
100,90.0,0.9,-0.10536051565782628,0.05,1.0,0.2,0.04000000000000001,12,0.08333333333333333,0.2886751345948129,call,12.920565750879879,0.0005953163238220458,12.950347580608351,0.02978182972847243,0.02978182972847243,0.0023049942473644634,0.00029781829728472433,0.00029781829728472433
100,90.0,0.9,-0.10536051565782628,0.05,1.0,0.2,0.04000000000000001,26,0.038461538461538464,0.19611613513818404,call,12.744672869064672,0.0005806529707494214,12.777101913731158,0.032429044666486107,0.032429044666486107,0.0025445176192165427,0.00032429044666486105,0.00032429044666486105
100,90.0,0.9,-0.10536051565782628,0.05,1.0,0.2,0.04000000000000001,52,0.019230769230769232,0.1386750490563073,call,12.67152741583419,0.0005783114635696489,12.703295090628876,0.03176767479468623,0.03176767479468623,0.002507012276593406,0.0003176767479468623,0.0003176767479468623
100,90.0,0.9,-0.10536051565782628,0.05,1.0,0.2,0.04000000000000001,126,0.007936507936507936,0.0890870806374748,call,12.625259688103943,0.0005642494513390584,12.66007661521817,0.03481692711422646,0.03481692711422646,0.0027577196805727844,0.00034816927114226457,0.00034816927114226457
100,90.0,0.9,-0.10536051565782628,0.05,1.0,0.3,0.09,12,0.08333333333333333,0.2886751345948129,call,14.423253012977247,0.0012989970671267999,14.496849130461795,0.07359611748454853,0.07359611748454853,0.0051026018484409035,0.0007359611748454852,0.0007359611748454852
100,90.0,0.9,-0.10536051565782628,0.05,1.0,0.3,0.09,26,0.038461538461538464,0.19611613513818404,call,14.16883181445331,0.0012393072876847634,14.249380368785562,0.08054855433225327,0.08054855433225327,0.005684911458267681,0.0008054855433225328,0.0008054855433225328
100,90.0,0.9,-0.10536051565782628,0.05,1.0,0.3,0.09,52,0.019230769230769232,0.1386750490563073,call,14.059957796092629,0.0012258545954050137,14.14364701464152,0.08368921854889066,0.08368921854889066,0.0059523093712378385,0.0008368921854889067,0.0008368921854889067
100,90.0,0.9,-0.10536051565782628,0.05,1.0,0.3,0.09,126,0.007936507936507936,0.0890870806374748,call,14.001034192745227,0.0012328612010076582,14.08164470194783,0.08061050920260371,0.08061050920260371,0.005757468205053941,0.0008061050920260371,0.0008061050920260371
100,90.0,0.9,-0.10536051565782628,0.05,1.0,0.4,0.16000000000000003,12,0.08333333333333333,0.2886751345948129,call,16.238488471910077,0.002336848525154567,16.371826182008174,0.1333377100980968,0.1333377100980968,0.008211214382961147,0.0013333771009809681,0.0013333771009809681
100,90.0,0.9,-0.10536051565782628,0.05,1.0,0.4,0.16000000000000003,26,0.038461538461538464,0.19611613513818404,call,15.908161552988538,0.0022403220352594736,16.051200656191657,0.14303910320311886,0.14303910320311886,0.008991554600867582,0.0014303910320311885,0.0014303910320311885
100,90.0,0.9,-0.10536051565782628,0.05,1.0,0.4,0.16000000000000003,52,0.019230769230769232,0.1386750490563073,call,15.767880223440116,0.0021997626840212837,15.913956518335901,0.146076294895785,0.146076294895785,0.00926416822209442,0.00146076294895785,0.00146076294895785
100,90.0,0.9,-0.10536051565782628,0.05,1.0,0.4,0.16000000000000003,126,0.007936507936507936,0.0890870806374748,call,15.689163879735931,0.0022073912817418533,15.833401708435051,0.14423782869912039,0.14423782869912039,0.009193468167249974,0.0014423782869912038,0.0014423782869912038
100,90.0,0.9,-0.10536051565782628,0.05,1.0,0.5,0.25,12,0.08333333333333333,0.2886751345948129,call,18.18992489267856,0.003718873437820838,18.405925260488253,0.21600036780969134,0.21600036780969134,0.011874725656323705,0.0021600036780969134,0.0021600036780969134
100,90.0,0.9,-0.10536051565782628,0.05,1.0,0.5,0.25,26,0.038461538461538464,0.19611613513818404,call,17.782098823141595,0.0035625276352830083,18.01458010032612,0.23248127718452594,0.23248127718452594,0.01307389411659186,0.0023248127718452595,0.0023248127718452595
100,90.0,0.9,-0.10536051565782628,0.05,1.0,0.5,0.25,52,0.019230769230769232,0.1386750490563073,call,17.60563270044112,0.0034633983164896404,17.846875001286897,0.24124230084577647,0.24124230084577647,0.013702563546025358,0.0024124230084577648,0.0024124230084577648
100,90.0,0.9,-0.10536051565782628,0.05,1.0,0.5,0.25,126,0.007936507936507936,0.0890870806374748,call,17.502248890694737,0.00343606106166409,17.748385922980805,0.2461370322860681,0.2461370322860681,0.014063166043589379,0.002461370322860681,0.002461370322860681
100,90.0,0.9,-0.10536051565782628,0.05,1.0,0.6,0.36,12,0.08333333333333333,0.2886751345948129,call,20.205911076990816,0.005745366074279467,20.53239768656622,0.32648660957540443,0.32648660957540443,0.01615797517525385,0.0032648660957540444,0.0032648660957540444
100,90.0,0.9,-0.10536051565782628,0.05,1.0,0.6,0.36,26,0.038461538461538464,0.19611613513818404,call,19.72215195410889,0.005462578497126786,20.07288894962518,0.35073699551628934,0.35073699551628934,0.017783911022104117,0.0035073699551628934,0.0035073699551628934
100,90.0,0.9,-0.10536051565782628,0.05,1.0,0.6,0.36,52,0.019230769230769232,0.1386750490563073,call,19.52246759606611,0.005314757799190347,19.875823570770564,0.3533559747044528,0.3533559747044528,0.018099964718376896,0.0035335597470445277,0.0035335597470445277
100,90.0,0.9,-0.10536051565782628,0.05,1.0,0.6,0.36,126,0.007936507936507936,0.0890870806374748,call,19.393073467382173,0.005232793021384705,19.760048553380162,0.3669750859979892,0.3669750859979892,0.018922997771096794,0.0036697508599798923,0.0036697508599798923
100,100.0,1.0,0.0,0.05,1.0,0.1,0.010000000000000002,12,0.08333333333333333,0.2886751345948129,call,3.905128434463562,0.00014934520055108344,3.9104590473033647,0.00533061283980274,0.00533061283980274,0.0013650288151239752,5.33061283980274e-05,5.33061283980274e-05
100,100.0,1.0,0.0,0.05,1.0,0.1,0.010000000000000002,26,0.038461538461538464,0.19611613513818404,call,3.76320447219439,0.00014250765253224086,3.7688868010687524,0.005682328874362597,0.005682328874362597,0.001509970801838767,5.682328874362597e-05,5.682328874362597e-05
100,100.0,1.0,0.0,0.05,1.0,0.1,0.010000000000000002,52,0.019230769230769232,0.1386750490563073,call,3.7022100539667906,0.00013903742546475317,3.7081908469015343,0.005980792934743739,0.005980792934743739,0.0016154655861126857,5.98079293474374e-05,5.98079293474374e-05
100,100.0,1.0,0.0,0.05,1.0,0.1,0.010000000000000002,126,0.007936507936507936,0.0890870806374748,call,3.6664178009499655,0.0001391585779156897,3.672536830654333,0.006119029704367396,0.006119029704367396,0.0016689395580563571,6.119029704367396e-05,6.119029704367396e-05
100,100.0,1.0,0.0,0.05,1.0,0.2,0.04000000000000001,12,0.08333333333333333,0.2886751345948129,call,6.155514125044038,0.0005298642944159652,6.174171148981057,0.018657023937018735,0.018657023937018735,0.0030309448663453854,0.00018657023937018735,0.00018657023937018735
100,100.0,1.0,0.0,0.05,1.0,0.2,0.04000000000000001,26,0.038461538461538464,0.19611613513818404,call,5.944705443295019,0.0005115571734421052,5.963588877223737,0.018883433928717608,0.018883433928717608,0.003176512967520715,0.00018883433928717607,0.00018883433928717607
100,100.0,1.0,0.0,0.05,1.0,0.2,0.04000000000000001,52,0.019230769230769232,0.1386750490563073,call,5.8537344115046235,0.0004972725340481837,5.873244770616853,0.019510359112229203,0.019510359112229203,0.003332976479746769,0.00019510359112229203,0.00019510359112229203
100,100.0,1.0,0.0,0.05,1.0,0.2,0.04000000000000001,126,0.007936507936507936,0.0890870806374748,call,5.800048390869402,0.0004877278582838368,5.820156745889735,0.020108355020332702,0.020108355020332702,0.003466928836660714,0.00020108355020332703,0.00020108355020332703
100,100.0,1.0,0.0,0.05,1.0,0.3,0.09,12,0.08333333333333333,0.2886751345948129,call,8.475301556097582,0.0011915484056107101,8.517785340653202,0.04248378455561941,0.04248378455561941,0.005012657576184332,0.0004248378455561941,0.0004248378455561941
100,100.0,1.0,0.0,0.05,1.0,0.3,0.09,26,0.038461538461538464,0.19611613513818404,call,8.189798155940181,0.0011458089915766603,8.235187135270067,0.045388979329885615,0.045388979329885615,0.005542136505154809,0.00045388979329885615,0.00045388979329885615
100,100.0,1.0,0.0,0.05,1.0,0.3,0.09,52,0.019230769230769232,0.1386750490563073,call,8.069874849377488,0.0011243370253467863,8.113907566703775,0.044032717326286885,0.044032717326286885,0.005456431251803562,0.00044032717326286886,0.00044032717326286886
100,100.0,1.0,0.0,0.05,1.0,0.3,0.09,126,0.007936507936507936,0.0890870806374748,call,7.996453871165734,0.0011002375909759132,8.042629930675195,0.046176059509461354,0.046176059509461354,0.005774567108548798,0.00046176059509461353,0.00046176059509461353
100,100.0,1.0,0.0,0.05,1.0,0.4,0.16000000000000003,12,0.08333333333333333,0.2886751345948129,call,10.800693764897186,0.002204902474466917,10.88921276749759,0.08851900260040324,0.08851900260040324,0.00819567747472802,0.0008851900260040324,0.0008851900260040324
100,100.0,1.0,0.0,0.05,1.0,0.4,0.16000000000000003,26,0.038461538461538464,0.19611613513818404,call,10.44107395138915,0.0020732625837281814,10.534770922932436,0.09369697154328627,0.09369697154328627,0.00897388256988834,0.0009369697154328626,0.0009369697154328626
100,100.0,1.0,0.0,0.05,1.0,0.4,0.16000000000000003,52,0.019230769230769232,0.1386750490563073,call,10.289808629757623,0.002063575993812491,10.382623167027969,0.09281453727034616,0.09281453727034616,0.009020045037760088,0.0009281453727034616,0.0009281453727034616
100,100.0,1.0,0.0,0.05,1.0,0.4,0.16000000000000003,126,0.007936507936507936,0.0890870806374748,call,10.20316767336848,0.0020480881189566297,10.293193760881122,0.0900260875126424,0.0900260875126424,0.00882334686585829,0.0009002608751264241,0.0009002608751264241
100,100.0,1.0,0.0,0.05,1.0,0.5,0.25,12,0.08333333333333333,0.2886751345948129,call,13.120772264517925,0.0035413876398630467,13.279981050752683,0.15920878623475865,0.15920878623475865,0.012134101791043335,0.0015920878623475864,0.0015920878623475864
100,100.0,1.0,0.0,0.05,1.0,0.5,0.25,26,0.038461538461538464,0.19611613513818404,call,12.689721207690686,0.0033802408937502254,12.854828393143322,0.16510718545263536,0.16510718545263536,0.013011096362981646,0.0016510718545263536,0.0016510718545263536
100,100.0,1.0,0.0,0.05,1.0,0.5,0.25,52,0.019230769230769232,0.1386750490563073,call,12.512490319755347,0.0033301094495563847,12.672288463852325,0.15979814409697823,0.15979814409697823,0.012771090327612955,0.0015979814409697824,0.0015979814409697824
100,100.0,1.0,0.0,0.05,1.0,0.5,0.25,126,0.007936507936507936,0.0890870806374748,call,12.392439524670872,0.003289115274847079,12.564984413019026,0.1725448883481544,0.1725448883481544,0.01392339966676069,0.001725448883481544,0.001725448883481544
100,100.0,1.0,0.0,0.05,1.0,0.6,0.36,12,0.08333333333333333,0.2886751345948129,call,15.429874189929777,0.005440505447618821,15.689048709599343,0.25917451966956584,0.25917451966956584,0.01679693019394252,0.0025917451966956584,0.0025917451966956584
100,100.0,1.0,0.0,0.05,1.0,0.6,0.36,26,0.038461538461538464,0.19611613513818404,call,14.929466018028581,0.005195531679807543,15.194887343732999,0.265421325704418,0.265421325704418,0.01777835358504447,0.00265421325704418,0.00265421325704418
100,100.0,1.0,0.0,0.05,1.0,0.6,0.36,52,0.019230769230769232,0.1386750490563073,call,14.715061331174686,0.005308683044725602,14.982674003652992,0.26761267247830567,0.26761267247830567,0.01818631036972664,0.0026761267247830565,0.0026761267247830565
100,100.0,1.0,0.0,0.05,1.0,0.6,0.36,126,0.007936507936507936,0.0890870806374748,call,14.590591960295239,0.005010989004563937,14.857914723006264,0.26732276271102506,0.26732276271102506,0.018321584445544034,0.0026732276271102507,0.0026732276271102507
100,110.00000000000001,1.1,0.09531017980432493,0.05,1.0,0.1,0.010000000000000002,12,0.08333333333333333,0.2886751345948129,call,0.4307938584924054,0.00011908417958763112,0.42439590984286596,-0.006397948649539464,0.006397948649539464,-0.014851531709225273,-6.397948649539465e-05,6.397948649539465e-05
100,110.00000000000001,1.1,0.09531017980432493,0.05,1.0,0.1,0.010000000000000002,26,0.038461538461538464,0.19611613513818404,call,0.3756407688009298,0.00011661323840443396,0.36871510627376003,-0.006925662527169751,0.006925662527169751,-0.01843692991385606,-6.925662527169751e-05,6.925662527169751e-05
100,110.00000000000001,1.1,0.09531017980432493,0.05,1.0,0.1,0.010000000000000002,52,0.019230769230769232,0.1386750490563073,call,0.35304109211268675,0.00011366658162796964,0.3459992842174889,-0.007041807895197871,0.007041807895197871,-0.019946142396789907,-7.041807895197872e-05,7.041807895197872e-05
100,110.00000000000001,1.1,0.09531017980432493,0.05,1.0,0.1,0.010000000000000002,126,0.007936507936507936,0.0890870806374748,call,0.34012084804847337,0.00011292298553978993,0.33298545691822456,-0.007135391130248803,0.007135391130248803,-0.020978987825032942,-7.135391130248803e-05,7.135391130248803e-05
100,110.00000000000001,1.1,0.09531017980432493,0.05,1.0,0.2,0.04000000000000001,12,0.08333333333333333,0.2886751345948129,call,2.2892940226203917,0.0004802249454642979,2.2757687259106727,-0.013525296709719026,0.013525296709719026,-0.005908064484542524,-0.00013525296709719027,0.00013525296709719027
100,110.00000000000001,1.1,0.09531017980432493,0.05,1.0,0.2,0.04000000000000001,26,0.038461538461538464,0.19611613513818404,call,2.127369493925086,0.00046100563738295697,2.1104842112458546,-0.016885282679231395,0.016885282679231395,-0.007937164995290657,-0.00016885282679231394,0.00016885282679231394
100,110.00000000000001,1.1,0.09531017980432493,0.05,1.0,0.2,0.04000000000000001,52,0.019230769230769232,0.1386750490563073,call,2.0579322012761554,0.000449390223662608,2.040507550586349,-0.017424650689806587,0.017424650689806587,-0.008467067417965126,-0.00017424650689806586,0.00017424650689806586
100,110.00000000000001,1.1,0.09531017980432493,0.05,1.0,0.2,0.04000000000000001,126,0.007936507936507936,0.0890870806374748,call,2.018455424518928,0.0004509937786549357,1.9996615841657297,-0.0187938403531982,0.0187938403531982,-0.009311000939085618,-0.000187938403531982,0.000187938403531982
100,110.00000000000001,1.1,0.09531017980432493,0.05,1.0,0.3,0.09,12,0.08333333333333333,0.2886751345948129,call,4.541835926421307,0.0011258229843498248,4.533880186053519,-0.007955740367787456,0.007955740367787456,-0.0017516573686659131,-7.955740367787456e-05,7.955740367787456e-05
100,110.00000000000001,1.1,0.09531017980432493,0.05,1.0,0.3,0.09,26,0.038461538461538464,0.19611613513818404,call,4.286271085936862,0.0010664434806368908,4.276489416678921,-0.009781669257940884,0.009781669257940884,-0.0022820930038779563,-9.781669257940883e-05,9.781669257940883e-05
100,110.00000000000001,1.1,0.09531017980432493,0.05,1.0,0.3,0.09,52,0.019230769230769232,0.1386750490563073,call,4.178683624740928,0.0010438837647167188,4.166699350985509,-0.011984273755419217,0.011984273755419217,-0.002867954320461919,-0.00011984273755419217,0.00011984273755419217
100,110.00000000000001,1.1,0.09531017980432493,0.05,1.0,0.3,0.09,126,0.007936507936507936,0.0890870806374748,call,4.116307906189099,0.0010266890799912845,4.1023720501577925,-0.013935856031306315,0.013935856031306315,-0.003385523228316564,-0.00013935856031306316,0.00013935856031306316
100,110.00000000000001,1.1,0.09531017980432493,0.05,1.0,0.4,0.16000000000000003,12,0.08333333333333333,0.2886751345948129,call,6.8955848404056175,0.002074769264449457,6.917975768504215,0.022390928098597662,0.022390928098597662,0.0032471398172632107,0.00022390928098597662,0.00022390928098597662
100,110.00000000000001,1.1,0.09531017980432493,0.05,1.0,0.4,0.16000000000000003,26,0.038461538461538464,0.19611613513818404,call,6.556418557695655,0.0019509237122049376,6.5763617818247635,0.01994322412910865,0.01994322412910865,0.003041786297444374,0.0001994322412910865,0.0001994322412910865
100,110.00000000000001,1.1,0.09531017980432493,0.05,1.0,0.4,0.16000000000000003,52,0.019230769230769232,0.1386750490563073,call,6.417307597381023,0.0019572968414975113,6.430230721023172,0.01292312364214876,0.01292312364214876,0.0020137921466352703,0.00012923123642148758,0.00012923123642148758
100,110.00000000000001,1.1,0.09531017980432493,0.05,1.0,0.4,0.16000000000000003,126,0.007936507936507936,0.0890870806374748,call,6.333589649174241,0.0019385254279975985,6.344488333562288,0.010898684388046753,0.010898684388046753,0.0017207752620139669,0.00010898684388046753,0.00010898684388046753
100,110.00000000000001,1.1,0.09531017980432493,0.05,1.0,0.5,0.25,12,0.08333333333333333,0.2886751345948129,call,9.288597166640052,0.0034261321659536507,9.362888344328555,0.07429117768850269,0.07429117768850269,0.007998105241910917,0.0007429117768850269,0.0007429117768850269
100,110.00000000000001,1.1,0.09531017980432493,0.05,1.0,0.5,0.25,26,0.038461538461538464,0.19611613513818404,call,8.877636420420085,0.0033140151199017843,8.941630859786038,0.06399443936595262,0.06399443936595262,0.007208499687907295,0.0006399443936595261,0.0006399443936595261
100,110.00000000000001,1.1,0.09531017980432493,0.05,1.0,0.5,0.25,52,0.019230769230769232,0.1386750490563073,call,8.693466681396021,0.003216262595521508,8.761168111879638,0.06770143048361632,0.06770143048361632,0.007787621781365663,0.0006770143048361632,0.0006770143048361632
100,110.00000000000001,1.1,0.09531017980432493,0.05,1.0,0.5,0.25,126,0.007936507936507936,0.0890870806374748,call,8.584584629355678,0.0031610089396912787,8.65520461038593,0.07061998103025147,0.07061998103025147,0.0082263713480977,0.0007061998103025147,0.0007061998103025147
100,110.00000000000001,1.1,0.09531017980432493,0.05,1.0,0.6,0.36,12,0.08333333333333333,0.2886751345948129,call,11.684514759445984,0.005122115414539977,11.847646859797688,0.16313210035170478,0.16313210035170478,0.013961392810071612,0.0016313210035170478,0.0016313210035170478
100,110.00000000000001,1.1,0.09531017980432493,0.05,1.0,0.6,0.36,26,0.038461538461538464,0.19611613513818404,call,11.197170489349672,0.005089272197641312,11.350295069404739,0.15312458005506713,0.15312458005506713,0.013675292360754307,0.0015312458005506712,0.0015312458005506712
100,110.00000000000001,1.1,0.09531017980432493,0.05,1.0,0.6,0.36,52,0.019230769230769232,0.1386750490563073,call,10.979889763905327,0.00497403820862253,11.137042408257555,0.15715264435222842,0.15715264435222842,0.01431277068635454,0.0015715264435222842,0.0015715264435222842
100,110.00000000000001,1.1,0.09531017980432493,0.05,1.0,0.6,0.36,126,0.007936507936507936,0.0890870806374748,call,10.850899731844144,0.004777088396501054,11.011769799761671,0.16087006791752678,0.16087006791752678,0.014825504971299409,0.001608700679175268,0.001608700679175268
100,120.0,1.2,0.1823215567939546,0.05,1.0,0.1,0.010000000000000002,12,0.08333333333333333,0.2886751345948129,call,0.013740280227169561,5.4676182506448386e-05,0.012473293648757265,-0.0012669865784122967,0.0012669865784122967,-0.09220966075400709,-1.2669865784122966e-05,1.2669865784122966e-05
100,120.0,1.2,0.1823215567939546,0.05,1.0,0.1,0.010000000000000002,26,0.038461538461538464,0.19611613513818404,call,0.009958904916762283,4.760373534941563e-05,0.008824281097695265,-0.0011346238190670186,0.0011346238190670186,-0.1139305805759107,-1.1346238190670187e-05,1.1346238190670187e-05
100,120.0,1.2,0.1823215567939546,0.05,1.0,0.1,0.010000000000000002,52,0.019230769230769232,0.1386750490563073,call,0.008575782978962812,4.875629529625041e-05,0.007534449145744788,-0.0010413338332180243,0.0010413338332180243,-0.1214272604347046,-1.0413338332180243e-05,1.0413338332180243e-05
100,120.0,1.2,0.1823215567939546,0.05,1.0,0.1,0.010000000000000002,126,0.007936507936507936,0.0890870806374748,call,0.007871081878830117,4.874655961217483e-05,0.006846629254395455,-0.0010244526244346614,0.0010244526244346614,-0.1301539788564525,-1.0244526244346614e-05,1.0244526244346614e-05
100,120.0,1.2,0.1823215567939546,0.05,1.0,0.2,0.04000000000000001,12,0.08333333333333333,0.2886751345948129,call,0.674219376064061,0.0004114853666537046,0.6510079978662665,-0.023211378197794508,0.023211378197794508,-0.034427041140966966,-0.0002321137819779451,0.0002321137819779451
100,120.0,1.2,0.1823215567939546,0.05,1.0,0.2,0.04000000000000001,26,0.038461538461538464,0.19611613513818404,call,0.5927294670357517,0.00040638486429649004,0.5677617975047503,-0.02496766953100138,0.02496766953100138,-0.04212321289823002,-0.0002496766953100138,0.0002496766953100138
100,120.0,1.2,0.1823215567939546,0.05,1.0,0.2,0.04000000000000001,52,0.019230769230769232,0.1386750490563073,call,0.5594177577294589,0.00039591435807676646,0.5337467132145406,-0.025671044514918306,0.025671044514918306,-0.045888862411359366,-0.0002567104451491831,0.0002567104451491831
100,120.0,1.2,0.1823215567939546,0.05,1.0,0.2,0.04000000000000001,126,0.007936507936507936,0.0890870806374748,call,0.5399827256084202,0.0003954770525364192,0.5142432727343649,-0.025739452874055324,0.025739452874055324,-0.04766717832510966,-0.0002573945287405532,0.0002573945287405532
100,120.0,1.2,0.1823215567939546,0.05,1.0,0.3,0.09,12,0.08333333333333333,0.2886751345948129,call,2.248832729576761,0.0010538900943879656,2.2062420296817424,-0.04259069989501851,0.04259069989501851,-0.01893902527069421,-0.00042590699895018514,0.00042590699895018514
100,120.0,1.2,0.1823215567939546,0.05,1.0,0.3,0.09,26,0.038461538461538464,0.19611613513818404,call,2.061309388240856,0.00101283472235094,2.01421667595443,-0.047092712286425975,0.047092712286425975,-0.022846018436182166,-0.0004709271228642597,0.0004709271228642597
100,120.0,1.2,0.1823215567939546,0.05,1.0,0.3,0.09,52,0.019230769230769232,0.1386750490563073,call,1.9824040943692156,0.000974473108702857,1.93359123991947,-0.0488128544497457,0.0488128544497457,-0.02462305974265935,-0.000488128544497457,0.000488128544497457
100,120.0,1.2,0.1823215567939546,0.05,1.0,0.3,0.09,126,0.007936507936507936,0.0890870806374748,call,1.9388740818169135,0.0009737126651937083,1.8867258863960599,-0.05214819542085358,0.05214819542085358,-0.02689612281164007,-0.0005214819542085358,0.0005214819542085358
100,120.0,1.2,0.1823215567939546,0.05,1.0,0.4,0.16000000000000003,12,0.08333333333333333,0.2886751345948129,call,4.2632261364990365,0.0019765829469182037,4.224699857523042,-0.038526278975994366,0.038526278975994366,-0.009036883745423874,-0.0003852627897599437,0.0003852627897599437
100,120.0,1.2,0.1823215567939546,0.05,1.0,0.4,0.16000000000000003,26,0.038461538461538464,0.19611613513818404,call,3.976421404608528,0.001904249780054218,3.9309585856620637,-0.045462818946464534,0.045462818946464534,-0.011433098839518058,-0.00045462818946464536,0.00045462818946464536
100,120.0,1.2,0.1823215567939546,0.05,1.0,0.4,0.16000000000000003,52,0.019230769230769232,0.1386750490563073,call,3.857693513113716,0.0018513139376600827,3.8064150440835065,-0.05127846903020972,0.05127846903020972,-0.013292520221187966,-0.0005127846903020971,0.0005127846903020971
100,120.0,1.2,0.1823215567939546,0.05,1.0,0.4,0.16000000000000003,126,0.007936507936507936,0.0890870806374748,call,3.7854080642825902,0.0018318132964764051,3.733664612142346,-0.05174345214024445,0.05174345214024445,-0.013669187379947862,-0.0005174345214024445,0.0005174345214024445
100,120.0,1.2,0.1823215567939546,0.05,1.0,0.5,0.25,12,0.08333333333333333,0.2886751345948129,call,6.480078323531988,0.003330306607624227,6.476902658718279,-0.0031756648137086785,0.0031756648137086785,-0.0004900658071024321,-3.1756648137086785e-05,3.1756648137086785e-05
100,120.0,1.2,0.1823215567939546,0.05,1.0,0.5,0.25,26,0.038461538461538464,0.19611613513818404,call,6.100019719043384,0.003131198943011468,6.089423494860187,-0.010596224183196945,0.010596224183196945,-0.001737080316333578,-0.00010596224183196945,0.00010596224183196945
100,120.0,1.2,0.1823215567939546,0.05,1.0,0.5,0.25,52,0.019230769230769232,0.1386750490563073,call,5.940991085146589,0.003113416451161982,5.924364761320962,-0.01662632382562723,0.01662632382562723,-0.0027985774742526805,-0.0001662632382562723,0.0001662632382562723
100,120.0,1.2,0.1823215567939546,0.05,1.0,0.5,0.25,126,0.007936507936507936,0.0890870806374748,call,5.849212501096285,0.0030848675138062617,5.827720900974336,-0.02149160012194873,0.02149160012194873,-0.0036742724115290185,-0.0002149160012194873,0.0002149160012194873
100,120.0,1.2,0.1823215567939546,0.05,1.0,0.6,0.36,12,0.08333333333333333,0.2886751345948129,call,8.799515904687047,0.005133112438166781,8.86497234891979,0.0654564442327441,0.0654564442327441,0.007438641505026299,0.000654564442327441,0.000654564442327441
100,120.0,1.2,0.1823215567939546,0.05,1.0,0.6,0.36,26,0.038461538461538464,0.19611613513818404,call,8.338489820373594,0.004904136365299353,8.390085964053297,0.05159614367970278,0.05159614367970278,0.0061877084209705354,0.0005159614367970278,0.0005159614367970278
100,120.0,1.2,0.1823215567939546,0.05,1.0,0.6,0.36,52,0.019230769230769232,0.1386750490563073,call,8.137003909847664,0.004740434113939185,8.187253736327593,0.05024982647992893,0.05024982647992893,0.006175470361900032,0.0005024982647992893,0.0005024982647992893
100,120.0,1.2,0.1823215567939546,0.05,1.0,0.6,0.36,126,0.007936507936507936,0.0890870806374748,call,8.024029917644942,0.004725080474419919,8.06833462397772,0.0443047063327775,0.0443047063327775,0.005521503133400699,0.000443047063327775,0.000443047063327775
100,130.0,1.3,0.26236426446749106,0.05,1.0,0.1,0.010000000000000002,12,0.08333333333333333,0.2886751345948129,call,0.00013197109236198895,8.748229664206359e-06,0.00010961138189128994,-2.2359710470699003e-05,2.2359710470699003e-05,-0.16942885044375955,-2.2359710470699005e-07,2.2359710470699005e-07
100,130.0,1.3,0.26236426446749106,0.05,1.0,0.1,0.010000000000000002,26,0.038461538461538464,0.19611613513818404,call,7.139101216349509e-05,4.075225236277717e-06,5.762507672735365e-05,-1.3765935436141438e-05,1.3765935436141438e-05,-0.19282448895129237,-1.3765935436141436e-07,1.3765935436141436e-07
100,130.0,1.3,0.26236426446749106,0.05,1.0,0.1,0.010000000000000002,52,0.019230769230769232,0.1386750490563073,call,6.725885943521947e-05,9.59017379770351e-06,4.29170352440526e-05,-2.434182419116687e-05,2.434182419116687e-05,-0.3619125330933058,-2.4341824191166867e-07,2.4341824191166867e-07
100,130.0,1.3,0.26236426446749106,0.05,1.0,0.1,0.010000000000000002,126,0.007936507936507936,0.0890870806374748,call,4.292067501423591e-05,6.019169447187207e-06,3.588882580193241e-05,-7.031849212303499e-06,7.031849212303499e-06,-0.16383361188916948,-7.0318492123035e-08,7.0318492123035e-08
100,130.0,1.3,0.26236426446749106,0.05,1.0,0.2,0.04000000000000001,12,0.08333333333333333,0.2886751345948129,call,0.16301227612544933,0.0003279335538623895,0.14835903988634358,-0.014653236239105749,0.014653236239105749,-0.0898903848678799,-0.00014653236239105748,0.00014653236239105748
100,130.0,1.3,0.26236426446749106,0.05,1.0,0.2,0.04000000000000001,26,0.038461538461538464,0.19611613513818404,call,0.13303264659694486,0.00030824498532805265,0.11940393619618833,-0.013628710400756527,0.013628710400756527,-0.10244635996792621,-0.00013628710400756527,0.00013628710400756527
100,130.0,1.3,0.26236426446749106,0.05,1.0,0.2,0.04000000000000001,52,0.019230769230769232,0.1386750490563073,call,0.12221569990186583,0.0003013357317303316,0.10819272562675242,-0.014022974275113412,0.014022974275113412,-0.11473954889898173,-0.0001402297427511341,0.0001402297427511341
100,130.0,1.3,0.26236426446749106,0.05,1.0,0.2,0.04000000000000001,126,0.007936507936507936,0.0890870806374748,call,0.1157298280679185,0.0003073792995675992,0.10193562465222329,-0.013794203415695205,0.013794203415695205,-0.11919315569707566,-0.00013794203415695206,0.00013794203415695206
100,130.0,1.3,0.26236426446749106,0.05,1.0,0.3,0.09,12,0.08333333333333333,0.2886751345948129,call,1.0438230597929508,0.0009623366515359833,0.9933419361539567,-0.05048112363899404,0.05048112363899404,-0.0483617631986472,-0.0005048112363899404,0.0005048112363899404
100,130.0,1.3,0.26236426446749106,0.05,1.0,0.3,0.09,26,0.038461538461538464,0.19611613513818404,call,0.9255175551989338,0.0009201396907787446,0.8716108633812213,-0.05390669181771246,0.05390669181771246,-0.05824491552310489,-0.0005390669181771245,0.0005390669181771245
100,130.0,1.3,0.26236426446749106,0.05,1.0,0.3,0.09,52,0.019230769230769232,0.1386750490563073,call,0.8755293619941266,0.0008999504379143739,0.8216949117869373,-0.053834450207189244,0.053834450207189244,-0.061487886693570866,-0.0005383445020718925,0.0005383445020718925
100,130.0,1.3,0.26236426446749106,0.05,1.0,0.3,0.09,126,0.007936507936507936,0.0890870806374748,call,0.8479745742682951,0.0008857389559860425,0.7930231978134056,-0.05495137645488957,0.05495137645488957,-0.06480309448229188,-0.0005495137645488957,0.0005495137645488957
100,130.0,1.3,0.26236426446749106,0.05,1.0,0.4,0.16000000000000003,12,0.08333333333333333,0.2886751345948129,call,2.5711349253671076,0.0019066875342176924,2.4959941209341787,-0.07514080443292892,0.07514080443292892,-0.02922476128793602,-0.0007514080443292892,0.0007514080443292892
100,130.0,1.3,0.26236426446749106,0.05,1.0,0.4,0.16000000000000003,26,0.038461538461538464,0.19611613513818404,call,2.3481369065776367,0.0018194802134163769,2.2655576577205605,-0.08257924885707624,0.08257924885707624,-0.03516798727780905,-0.0008257924885707624,0.0008257924885707624
100,130.0,1.3,0.26236426446749106,0.05,1.0,0.4,0.16000000000000003,52,0.019230769230769232,0.1386750490563073,call,2.255666047862696,0.0018048849896138259,2.169134376989133,-0.08653167087356328,0.08653167087356328,-0.03836191574349153,-0.0008653167087356328,0.0008653167087356328
100,130.0,1.3,0.26236426446749106,0.05,1.0,0.4,0.16000000000000003,126,0.007936507936507936,0.0890870806374748,call,2.1989202466892612,0.001769170128598186,2.113182319919779,-0.08573792676948244,0.08573792676948244,-0.03899092152094702,-0.0008573792676948244,0.0008573792676948244
100,130.0,1.3,0.26236426446749106,0.05,1.0,0.5,0.25,12,0.08333333333333333,0.2886751345948129,call,4.472676645431387,0.003160540352654478,4.412476892746077,-0.060199752685310415,0.060199752685310415,-0.013459446648530117,-0.0006019975268531042,0.0006019975268531042
100,130.0,1.3,0.26236426446749106,0.05,1.0,0.5,0.25,26,0.038461538461538464,0.19611613513818404,call,4.154040054711662,0.0030353578594118254,4.076561111333828,-0.07747894337783379,0.07747894337783379,-0.018651467573104978,-0.0007747894337783379,0.0007747894337783379
100,130.0,1.3,0.26236426446749106,0.05,1.0,0.5,0.25,52,0.019230769230769232,0.1386750490563073,call,4.014544237282961,0.002977409374109521,3.934656165011809,-0.07988807227115213,0.07988807227115213,-0.019899661717321188,-0.0007988807227115213,0.0007988807227115213
100,130.0,1.3,0.26236426446749106,0.05,1.0,0.5,0.25,126,0.007936507936507936,0.0890870806374748,call,3.9354996854080095,0.0029363551055119805,3.851917085026187,-0.08358260038182275,0.08358260038182275,-0.021238116392622044,-0.0008358260038182274,0.0008358260038182274
100,130.0,1.3,0.26236426446749106,0.05,1.0,0.6,0.36,12,0.08333333333333333,0.2886751345948129,call,6.609953128898485,0.005032824738193526,6.587145717902051,-0.022807410996433575,0.022807410996433575,-0.0034504648598369585,-0.00022807410996433575,0.00022807410996433575
100,130.0,1.3,0.26236426446749106,0.05,1.0,0.6,0.36,26,0.038461538461538464,0.19611613513818404,call,6.184320544334341,0.004687244766843558,6.152218582584651,-0.0321019617496896,0.0321019617496896,-0.0051908631707486864,-0.000321019617496896,0.000321019617496896
100,130.0,1.3,0.26236426446749106,0.05,1.0,0.6,0.36,52,0.019230769230769232,0.1386750490563073,call,6.011492442663646,0.004594180667392757,5.967511561999706,-0.04398088066393946,0.04398088066393946,-0.007316133403380254,-0.0004398088066393946,0.0004398088066393946
100,130.0,1.3,0.26236426446749106,0.05,1.0,0.6,0.36,126,0.007936507936507936,0.0890870806374748,call,5.911331261882977,0.004643080808710333,5.859529738744537,-0.05180152313844033,0.05180152313844033,-0.008763089199968068,-0.0005180152313844033,0.0005180152313844033
100,70.0,0.7,-0.35667494393873245,0.05,2.0,0.1,0.010000000000000002,12,0.08333333333333333,0.2886751345948129,call,32.22139902891991,0.0003895555182144087,32.22102603997673,-0.00037298894318382736,0.00037298894318382736,-1.1575814658111395e-05,-3.7298894318382737e-06,3.7298894318382737e-06
100,70.0,0.7,-0.35667494393873245,0.05,2.0,0.1,0.010000000000000002,26,0.038461538461538464,0.19611613513818404,call,32.00658279500421,0.00037941753465588657,32.00708594627496,0.0005031512707489583,0.0005031512707489583,1.5720243362796395e-05,5.031512707489583e-06,5.031512707489583e-06
100,70.0,0.7,-0.35667494393873245,0.05,2.0,0.1,0.010000000000000002,52,0.019230769230769232,0.1386750490563073,call,31.915557925167963,0.00037907768343344993,31.91549522911949,-6.269604847375376e-05,6.269604847375376e-05,-1.964435295812671e-06,-6.269604847375376e-07,6.269604847375376e-07
100,70.0,0.7,-0.35667494393873245,0.05,2.0,0.1,0.010000000000000002,126,0.007936507936507936,0.0890870806374748,call,31.86124264690835,0.0003741109251122704,31.861731223890942,0.0004885769825904163,0.0004885769825904163,1.5334523766223073e-05,4.885769825904163e-06,4.885769825904163e-06
100,70.0,0.7,-0.35667494393873245,0.05,2.0,0.2,0.04000000000000001,12,0.08333333333333333,0.2886751345948129,call,32.25563547652672,0.0014153322639938136,32.26568210227665,0.010046625749929206,0.010046625749929206,0.00031146885192326785,0.00010046625749929205,0.00010046625749929205
100,70.0,0.7,-0.35667494393873245,0.05,2.0,0.2,0.04000000000000001,26,0.038461538461538464,0.19611613513818404,call,32.031498441405724,0.001380493112851771,32.0431733663468,0.011674924941075915,0.011674924941075915,0.00036448263456773686,0.00011674924941075915,0.00011674924941075915
100,70.0,0.7,-0.35667494393873245,0.05,2.0,0.2,0.04000000000000001,52,0.019230769230769232,0.1386750490563073,call,31.937621347438167,0.0013710857188452175,31.948263638340705,0.01064229090253832,0.01064229090253832,0.00033322114965183457,0.00010642290902538321,0.00010642290902538321
100,70.0,0.7,-0.35667494393873245,0.05,2.0,0.2,0.04000000000000001,126,0.007936507936507936,0.0890870806374748,call,31.881997481671885,0.0013669171885459658,31.892646532202377,0.010649050530492588,0.010649050530492588,0.0003340145339580572,0.00010649050530492588,0.00010649050530492588
100,70.0,0.7,-0.35667494393873245,0.05,2.0,0.3,0.09,12,0.08333333333333333,0.2886751345948129,call,32.654583072475546,0.003013273023207774,32.75215509500924,0.09757202253369712,0.09757202253369712,0.002988003929406782,0.0009757202253369712,0.0009757202253369712
100,70.0,0.7,-0.35667494393873245,0.05,2.0,0.3,0.09,26,0.038461538461538464,0.19611613513818404,call,32.38447529576548,0.002998681509405991,32.4759085594948,0.09143326372931426,0.09143326372931426,0.0028233671502860464,0.0009143326372931426,0.0009143326372931426
100,70.0,0.7,-0.35667494393873245,0.05,2.0,0.3,0.09,52,0.019230769230769232,0.1386750490563073,call,32.26255589676192,0.002967898572660808,32.35871065417226,0.09615475741034629,0.09615475741034629,0.0029803825127195523,0.0009615475741034629,0.0009615475741034629
100,70.0,0.7,-0.35667494393873245,0.05,2.0,0.3,0.09,126,0.007936507936507936,0.0890870806374748,call,32.201438915352114,0.00299792502835828,32.290220032436274,0.08878111708416014,0.08878111708416014,0.0027570543452278317,0.0008878111708416015,0.0008878111708416015
100,70.0,0.7,-0.35667494393873245,0.05,2.0,0.4,0.16000000000000003,12,0.08333333333333333,0.2886751345948129,call,33.64575855197918,0.005495910337668705,33.888306779299576,0.24254822732039827,0.24254822732039827,0.007208879744699072,0.0024254822732039825,0.0024254822732039825
100,70.0,0.7,-0.35667494393873245,0.05,2.0,0.4,0.16000000000000003,26,0.038461538461538464,0.19611613513818404,call,33.27539634756407,0.005425614790701336,33.52980672491662,0.25441037735254923,0.25441037735254923,0.0076456002114960045,0.002544103773525492,0.002544103773525492
100,70.0,0.7,-0.35667494393873245,0.05,2.0,0.4,0.16000000000000003,52,0.019230769230769232,0.1386750490563073,call,33.11192417117874,0.005296223726865915,33.377574561524405,0.2656503903456624,0.2656503903456624,0.008022801362202008,0.002656503903456624,0.002656503903456624
100,70.0,0.7,-0.35667494393873245,0.05,2.0,0.4,0.16000000000000003,126,0.007936507936507936,0.0890870806374748,call,33.02936380175147,0.0053289357579753855,33.28857642338972,0.2592126216382482,0.2592126216382482,0.007847944731666395,0.002592126216382482,0.002592126216382482
100,70.0,0.7,-0.35667494393873245,0.05,2.0,0.5,0.25,12,0.08333333333333333,0.2886751345948129,call,35.06919201572298,0.00902268821254092,35.52776424839192,0.458572232668935,0.458572232668935,0.013076213231925558,0.00458572232668935,0.00458572232668935
100,70.0,0.7,-0.35667494393873245,0.05,2.0,0.5,0.25,26,0.038461538461538464,0.19611613513818404,call,34.59841490829829,0.008743187513321676,35.08119054522957,0.48277563693127945,0.48277563693127945,0.013953692335641876,0.004827756369312795,0.004827756369312795
100,70.0,0.7,-0.35667494393873245,0.05,2.0,0.5,0.25,52,0.019230769230769232,0.1386750490563073,call,34.4040001733941,0.008638259177534883,34.89108621578345,0.4870860423893504,0.4870860423893504,0.01415783164557801,0.004870860423893504,0.004870860423893504
100,70.0,0.7,-0.35667494393873245,0.05,2.0,0.5,0.25,126,0.007936507936507936,0.0890870806374748,call,34.29367578070478,0.008741374061484715,34.77981224784637,0.4861364671415913,0.4861364671415913,0.014175688551155963,0.004861364671415913,0.004861364671415913
100,70.0,0.7,-0.35667494393873245,0.05,2.0,0.6,0.36,12,0.08333333333333333,0.2886751345948129,call,36.77431388497752,0.013784311806881137,37.51530858240461,0.7409946974270838,0.7409946974270838,0.02014978987085286,0.007409946974270838,0.007409946974270838
100,70.0,0.7,-0.35667494393873245,0.05,2.0,0.6,0.36,26,0.038461538461538464,0.19611613513818404,call,36.20776847076142,0.01329417472259784,36.98338459652723,0.7756161257658079,0.7756161257658079,0.021421262853913107,0.007756161257658078,0.007756161257658078
100,70.0,0.7,-0.35667494393873245,0.05,2.0,0.6,0.36,52,0.019230769230769232,0.1386750490563073,call,35.92658025543974,0.012931009904815634,36.75644046014341,0.829860204703671,0.829860204703671,0.023098780869298563,0.00829860204703671,0.00829860204703671
100,70.0,0.7,-0.35667494393873245,0.05,2.0,0.6,0.36,126,0.007936507936507936,0.0890870806374748,call,35.79759216186979,0.013009969267187841,36.62345677567205,0.8258646138022598,0.8258646138022598,0.023070395630741303,0.008258646138022598,0.008258646138022598
100,80.0,0.8,-0.2231435513142097,0.05,2.0,0.1,0.010000000000000002,12,0.08333333333333333,0.2886751345948129,call,23.173123203851386,0.000383687803953346,23.174188814826348,0.001065610974961828,0.001065610974961828,4.59847801087392e-05,1.065610974961828e-05,1.065610974961828e-05
100,80.0,0.8,-0.2231435513142097,0.05,2.0,0.1,0.010000000000000002,26,0.038461538461538464,0.19611613513818404,call,22.95948088738066,0.00038141824379427054,22.959843045769343,0.00036215838868258743,0.00036215838868258743,1.577380562126047e-05,3.6215838868258745e-06,3.6215838868258745e-06
100,80.0,0.8,-0.2231435513142097,0.05,2.0,0.1,0.010000000000000002,52,0.019230769230769232,0.1386750490563073,call,22.867103638546286,0.00037655370258698345,22.86810537039118,0.0010017318448944934,0.0010017318448944934,4.380667795662187e-05,1.0017318448944934e-05,1.0017318448944934e-05
100,80.0,0.8,-0.2231435513142097,0.05,2.0,0.1,0.010000000000000002,126,0.007936507936507936,0.0890870806374748,call,22.81360234221963,0.00037500002452087487,22.81426199702834,0.0006596548087074439,0.0006596548087074439,2.8914977950968495e-05,6.596548087074439e-06,6.596548087074439e-06
100,80.0,0.8,-0.2231435513142097,0.05,2.0,0.2,0.04000000000000001,12,0.08333333333333333,0.2886751345948129,call,23.488341533815674,0.0013279356330526814,23.52894822594683,0.04060669213115631,0.04060669213115631,0.0017288020132326372,0.0004060669213115631,0.0004060669213115631
100,80.0,0.8,-0.2231435513142097,0.05,2.0,0.2,0.04000000000000001,26,0.038461538461538464,0.19611613513818404,call,23.232119870332767,0.0013036773057089042,23.275220689554274,0.043100819221507436,0.043100819221507436,0.0018552254147305275,0.00043100819221507435,0.00043100819221507435
100,80.0,0.8,-0.2231435513142097,0.05,2.0,0.2,0.04000000000000001,52,0.019230769230769232,0.1386750490563073,call,23.12266199786011,0.0012959793813007183,23.167211496108138,0.044549498248027675,0.044549498248027675,0.0019266595797728875,0.00044549498248027677,0.00044549498248027677
100,80.0,0.8,-0.2231435513142097,0.05,2.0,0.2,0.04000000000000001,126,0.007936507936507936,0.0890870806374748,call,23.06374828959641,0.0012837029765932935,23.103986043947284,0.040237754350872734,0.040237754350872734,0.0017446320453047594,0.0004023775435087273,0.0004023775435087273
100,80.0,0.8,-0.2231435513142097,0.05,2.0,0.3,0.09,12,0.08333333333333333,0.2886751345948129,call,24.689708268947193,0.0028637995371306436,24.834219792856892,0.14451152390969924,0.14451152390969924,0.005853107794370121,0.0014451152390969923,0.0014451152390969923
100,80.0,0.8,-0.2231435513142097,0.05,2.0,0.3,0.09,26,0.038461538461538464,0.19611613513818404,call,24.33841039994745,0.00278841659286814,24.49469367414599,0.1562832741985396,0.1562832741985396,0.0064212605355227735,0.001562832741985396,0.001562832741985396
100,80.0,0.8,-0.2231435513142097,0.05,2.0,0.3,0.09,52,0.019230769230769232,0.1386750490563073,call,24.195590613628738,0.002807109471021569,24.35005868732104,0.15446807369230342,0.15446807369230342,0.006384141480939739,0.0015446807369230342,0.0015446807369230342
100,80.0,0.8,-0.2231435513142097,0.05,2.0,0.3,0.09,126,0.007936507936507936,0.0890870806374748,call,24.1077939290161,0.0027559564842998766,24.265368356905114,0.15757442788901344,0.15757442788901344,0.006536244185302958,0.0015757442788901343,0.0015757442788901343
100,80.0,0.8,-0.2231435513142097,0.05,2.0,0.4,0.16000000000000003,12,0.08333333333333333,0.2886751345948129,call,26.4986440718561,0.005211863140731693,26.798156233174232,0.29951216131813396,0.29951216131813396,0.011302924047960716,0.00299512161318134,0.00299512161318134
100,80.0,0.8,-0.2231435513142097,0.05,2.0,0.4,0.16000000000000003,26,0.038461538461538464,0.19611613513818404,call,26.044961567340746,0.005071972962878728,26.365478912206736,0.3205173448659906,0.3205173448659906,0.012306308997126933,0.003205173448659906,0.003205173448659906
100,80.0,0.8,-0.2231435513142097,0.05,2.0,0.4,0.16000000000000003,52,0.019230769230769232,0.1386750490563073,call,25.850136251573822,0.004961196499921387,26.18075847165587,0.33062222008204856,0.33062222008204856,0.012789960442158963,0.0033062222008204854,0.0033062222008204854
100,80.0,0.8,-0.2231435513142097,0.05,2.0,0.4,0.16000000000000003,126,0.007936507936507936,0.0890870806374748,call,25.738746405177032,0.005058791453043622,26.07247956645419,0.33373316127715924,0.33373316127715924,0.012966177762644762,0.0033373316127715924,0.0033373316127715924
100,80.0,0.8,-0.2231435513142097,0.05,2.0,0.5,0.25,12,0.08333333333333333,0.2886751345948129,call,28.62523348461038,0.00870834856040454,29.136554685772357,0.5113212011619765,0.5113212011619765,0.017862603686250287,0.005113212011619766,0.005113212011619766
100,80.0,0.8,-0.2231435513142097,0.05,2.0,0.5,0.25,26,0.038461538461538464,0.19611613513818404,call,28.06483673804555,0.008344299115005489,28.613690742720852,0.5488540046753023,0.5488540046753023,0.019556643418176707,0.005488540046753023,0.005488540046753023
100,80.0,0.8,-0.2231435513142097,0.05,2.0,0.5,0.25,52,0.019230769230769232,0.1386750490563073,call,27.83832886252666,0.008324440710491236,28.390082301611923,0.5517534390852639,0.5517534390852639,0.019819919572398703,0.005517534390852639,0.005517534390852639
100,80.0,0.8,-0.2231435513142097,0.05,2.0,0.5,0.25,126,0.007936507936507936,0.0890870806374748,call,27.713574461098247,0.008299245902029712,28.25889633560765,0.5453218745094013,0.5453218745094013,0.01967706747012637,0.005453218745094013,0.005453218745094013
100,80.0,0.8,-0.2231435513142097,0.05,2.0,0.6,0.36,12,0.08333333333333333,0.2886751345948129,call,30.914588978403984,0.013490074946406298,31.706266869102368,0.7916778906983843,0.7916778906983843,0.025608553012023777,0.007916778906983843,0.007916778906983843
100,80.0,0.8,-0.2231435513142097,0.05,2.0,0.6,0.36,26,0.038461538461538464,0.19611613513818404,call,30.24512804464192,0.012805990498524796,31.098584644583624,0.8534565999417048,0.8534565999417048,0.02821798600693638,0.008534565999417048,0.008534565999417048
100,80.0,0.8,-0.2231435513142097,0.05,2.0,0.6,0.36,52,0.019230769230769232,0.1386750490563073,call,29.975635284292327,0.012815944480367464,30.83837848571936,0.8627432014270333,0.8627432014270333,0.02878148180162585,0.008627432014270332,0.008627432014270332
100,80.0,0.8,-0.2231435513142097,0.05,2.0,0.6,0.36,126,0.007936507936507936,0.0890870806374748,call,29.80464820770702,0.012749631727443403,30.685628101600848,0.8809798938938265,0.8809798938938265,0.029558473153392856,0.008809798938938265,0.008809798938938265
100,90.0,0.9,-0.10536051565782628,0.05,2.0,0.1,0.010000000000000002,12,0.08333333333333333,0.2886751345948129,call,14.220459939867025,0.00036489801987960583,14.228587416609924,0.008127476742899375,0.008127476742899375,0.0005715340275397151,8.127476742899376e-05,8.127476742899376e-05
100,90.0,0.9,-0.10536051565782628,0.05,2.0,0.1,0.010000000000000002,26,0.038461538461538464,0.19611613513818404,call,13.995787734859894,0.00036175511336013064,14.003561615944447,0.007773881084553125,0.007773881084553125,0.000555444340241771,7.773881084553124e-05,7.773881084553124e-05
100,90.0,0.9,-0.10536051565782628,0.05,2.0,0.1,0.010000000000000002,52,0.019230769230769232,0.1386750490563073,call,13.89918399120925,0.0003575233685950494,13.907379458349157,0.008195467139906043,0.008195467139906043,0.000589636567520035,8.195467139906043e-05,8.195467139906043e-05
100,90.0,0.9,-0.10536051565782628,0.05,2.0,0.1,0.010000000000000002,126,0.007936507936507936,0.0890870806374748,call,13.842696214228281,0.0003508983271076342,13.850964640127485,0.00826842589920318,0.00826842589920318,0.0005973132525081666,8.26842589920318e-05,8.26842589920318e-05
100,90.0,0.9,-0.10536051565782628,0.05,2.0,0.2,0.04000000000000001,12,0.08333333333333333,0.2886751345948129,call,15.586867884090832,0.0012267862970664922,15.652697830335791,0.06582994624495875,0.06582994624495875,0.0042234236367750255,0.0006582994624495875,0.0006582994624495875
100,90.0,0.9,-0.10536051565782628,0.05,2.0,0.2,0.04000000000000001,26,0.038461538461538464,0.19611613513818404,call,15.278393908453934,0.0011819195519709713,15.348700165446145,0.07030625699221105,0.07030625699221105,0.004601678514998148,0.0007030625699221104,0.0007030625699221104
100,90.0,0.9,-0.10536051565782628,0.05,2.0,0.2,0.04000000000000001,52,0.019230769230769232,0.1386750490563073,call,15.149601281549243,0.0011910358446521902,15.218728016741256,0.06912673519201284,0.06912673519201284,0.004562940892457847,0.0006912673519201284,0.0006912673519201284
100,90.0,0.9,-0.10536051565782628,0.05,2.0,0.2,0.04000000000000001,126,0.007936507936507936,0.0890870806374748,call,15.070983682954491,0.0011803910542439314,15.142485175926376,0.07150149297188513,0.07150149297188513,0.004744314934980282,0.0007150149297188513,0.0007150149297188513
100,90.0,0.9,-0.10536051565782628,0.05,2.0,0.3,0.09,12,0.08333333333333333,0.2886751345948129,call,17.86312077908748,0.0027068258154415107,18.020885552147906,0.1577647730604248,0.1577647730604248,0.00883187070229752,0.001577647730604248,0.001577647730604248
100,90.0,0.9,-0.10536051565782628,0.05,2.0,0.3,0.09,26,0.038461538461538464,0.19611613513818404,call,17.455069399843087,0.0026186327356344506,17.62325869348309,0.16818929364000468,0.16818929364000468,0.00963555571091093,0.0016818929364000468,0.0016818929364000468
100,90.0,0.9,-0.10536051565782628,0.05,2.0,0.3,0.09,52,0.019230769230769232,0.1386750490563073,call,17.284975495635077,0.0025895497697232474,17.453014807454366,0.16803931181928888,0.16803931181928888,0.009721698006556234,0.001680393118192889,0.001680393118192889
100,90.0,0.9,-0.10536051565782628,0.05,2.0,0.3,0.09,126,0.007936507936507936,0.0890870806374748,call,17.178168446643813,0.0026011023679927765,17.353077574062567,0.1749091274187542,0.1749091274187542,0.010182059162013113,0.001749091274187542,0.001749091274187542
100,90.0,0.9,-0.10536051565782628,0.05,2.0,0.4,0.16000000000000003,12,0.08333333333333333,0.2886751345948129,call,20.459049194292238,0.00504745203207619,20.755597231690665,0.29654803739842706,0.29654803739842706,0.014494712563727518,0.0029654803739842706,0.0029654803739842706
100,90.0,0.9,-0.10536051565782628,0.05,2.0,0.4,0.16000000000000003,26,0.038461538461538464,0.19611613513818404,call,19.955840042689832,0.00487457959107771,20.2653492972305,0.3095092545406679,0.3095092545406679,0.015509708129477941,0.0030950925454066793,0.0030950925454066793
100,90.0,0.9,-0.10536051565782628,0.05,2.0,0.4,0.16000000000000003,52,0.019230769230769232,0.1386750490563073,call,19.73015915631478,0.004767837546787627,20.055253352685092,0.325094196370312,0.325094196370312,0.01647701844646617,0.00325094196370312,0.00325094196370312
100,90.0,0.9,-0.10536051565782628,0.05,2.0,0.4,0.16000000000000003,126,0.007936507936507936,0.0890870806374748,call,19.6062833406862,0.0047716249005870445,19.93186495289823,0.3255816122120301,0.3255816122120301,0.016605983222551707,0.0032558161221203008,0.0032558161221203008
100,90.0,0.9,-0.10536051565782628,0.05,2.0,0.5,0.25,12,0.08333333333333333,0.2886751345948129,call,23.15802266871867,0.008318910540540545,23.67261532084868,0.5145926521300126,0.5145926521300126,0.022220923586240057,0.005145926521300126,0.005145926521300126
100,90.0,0.9,-0.10536051565782628,0.05,2.0,0.5,0.25,26,0.038461538461538464,0.19611613513818404,call,22.575122892794106,0.008136389339403055,23.093331975145382,0.5182090823512766,0.5182090823512766,0.022954873150067636,0.005182090823512766,0.005182090823512766
100,90.0,0.9,-0.10536051565782628,0.05,2.0,0.5,0.25,52,0.019230769230769232,0.1386750490563073,call,22.320014535076535,0.008210592702833466,22.844917557269042,0.5249030221925075,0.5249030221925075,0.02351714517782269,0.005249030221925075,0.005249030221925075
100,90.0,0.9,-0.10536051565782628,0.05,2.0,0.5,0.25,126,0.007936507936507936,0.0890870806374748,call,22.16985857881467,0.007987794668479938,22.69897863056912,0.5291200517544503,0.5291200517544503,0.02386664082106834,0.005291200517544503,0.005291200517544503
100,90.0,0.9,-0.10536051565782628,0.05,2.0,0.6,0.36,12,0.08333333333333333,0.2886751345948129,call,25.942127054598732,0.013148311435097305,26.70518300836248,0.7630559537637467,0.7630559537637467,0.029413777527100678,0.007630559537637467,0.007630559537637467
100,90.0,0.9,-0.10536051565782628,0.05,2.0,0.6,0.36,26,0.038461538461538464,0.19611613513818404,call,25.244535694825668,0.012512985945096783,26.041641011259422,0.797105316433754,0.797105316433754,0.03157536054811004,0.00797105316433754,0.00797105316433754
100,90.0,0.9,-0.10536051565782628,0.05,2.0,0.6,0.36,52,0.019230769230769232,0.1386750490563073,call,24.90835898419983,0.012073970370921847,25.756951256729412,0.8485922725295829,0.8485922725295829,0.034068574050497354,0.008485922725295829,0.008485922725295829
100,90.0,0.9,-0.10536051565782628,0.05,2.0,0.6,0.36,126,0.007936507936507936,0.0890870806374748,call,24.762599434130536,0.012283281628811146,25.58966168707059,0.8270622529400526,0.8270622529400526,0.03339965398786464,0.008270622529400527,0.008270622529400527
100,100.0,1.0,0.0,0.05,2.0,0.1,0.010000000000000002,12,0.08333333333333333,0.2886751345948129,call,6.389171810969446,0.0003340144022705186,6.403110401585787,0.013938590616340285,0.013938590616340285,0.00218159583569335,0.00013938590616340284,0.00013938590616340284
100,100.0,1.0,0.0,0.05,2.0,0.1,0.010000000000000002,26,0.038461538461538464,0.19611613513818404,call,6.146193479435495,0.0003206374084039031,6.161030213041115,0.014836733605619656,0.014836733605619656,0.002413971127863413,0.00014836733605619657,0.00014836733605619657
100,100.0,1.0,0.0,0.05,2.0,0.1,0.010000000000000002,52,0.019230769230769232,0.1386750490563073,call,6.042777812570925,0.00031605790988887644,6.057345587761672,0.014567775190746701,0.014567775190746701,0.0024107745878792753,0.00014567775190746702,0.00014567775190746702
100,100.0,1.0,0.0,0.05,2.0,0.1,0.010000000000000002,126,0.007936507936507936,0.0890870806374748,call,5.981605762580615,0.00031489894582677327,5.996468276978876,0.014862514398261695,0.014862514398261695,0.0024847031028420088,0.00014862514398261695,0.00014862514398261695
100,100.0,1.0,0.0,0.05,2.0,0.2,0.04000000000000001,12,0.08333333333333333,0.2886751345948129,call,9.317222991065789,0.0011491895694333864,9.367649500894235,0.05042650982844599,0.05042650982844599,0.005412182350556551,0.0005042650982844598,0.0005042650982844598
100,100.0,1.0,0.0,0.05,2.0,0.2,0.04000000000000001,26,0.038461538461538464,0.19611613513818404,call,8.987698388849465,0.0011056272717759582,9.038326496872443,0.05062810802297868,0.05062810802297868,0.005633044838908941,0.0005062810802297868,0.0005062810802297868
100,100.0,1.0,0.0,0.05,2.0,0.2,0.04000000000000001,52,0.019230769230769232,0.1386750490563073,call,8.84937019972372,0.0010975640449824124,8.89716088743349,0.04779068770976913,0.04779068770976913,0.005400462025112383,0.0004779068770976913,0.0004779068770976913
100,100.0,1.0,0.0,0.05,2.0,0.2,0.04000000000000001,126,0.007936507936507936,0.0890870806374748,call,8.76161884918279,0.001080299081999775,8.814243444249982,0.05262459506719175,0.05262459506719175,0.006006263907736654,0.0005262459506719174,0.0005262459506719174
100,100.0,1.0,0.0,0.05,2.0,0.3,0.09,12,0.08333333333333333,0.2886751345948129,call,12.425185242239065,0.0025740893970641627,12.542970723601925,0.11778548136286027,0.11778548136286027,0.009479575480488762,0.0011778548136286027,0.0011778548136286027
100,100.0,1.0,0.0,0.05,2.0,0.3,0.09,26,0.038461538461538464,0.19611613513818404,call,11.997314695565658,0.0025358233920508393,12.118581908913578,0.12126721334792023,0.12126721334792023,0.01010786300310535,0.0012126721334792022,0.0012126721334792022
100,100.0,1.0,0.0,0.05,2.0,0.3,0.09,52,0.019230769230769232,0.1386750490563073,call,11.811333806383738,0.0024684140896858837,11.936585295786866,0.12525148940312825,0.12525148940312825,0.01060434760851758,0.0012525148940312825,0.0012525148940312825
100,100.0,1.0,0.0,0.05,2.0,0.3,0.09,126,0.007936507936507936,0.0890870806374748,call,11.707034204563993,0.0024559575904720397,11.829661477830653,0.12262727326666045,0.12262727326666045,0.01047466601053016,0.0012262727326666045,0.0012262727326666045
100,100.0,1.0,0.0,0.05,2.0,0.4,0.16000000000000003,12,0.08333333333333333,0.2886751345948129,call,15.55238433640371,0.004825094358424154,15.793189085213049,0.24080474880933878,0.24080474880933878,0.01548346180242494,0.0024080474880933877,0.0024080474880933877
100,100.0,1.0,0.0,0.05,2.0,0.4,0.16000000000000003,26,0.038461538461538464,0.19611613513818404,call,15.022834752432605,0.004682010374372162,15.274177549734574,0.2513427973019695,0.2513427973019695,0.016730717034697484,0.002513427973019695,0.002513427973019695
100,100.0,1.0,0.0,0.05,2.0,0.4,0.16000000000000003,52,0.019230769230769232,0.1386750490563073,call,14.800461259580981,0.004537118203780145,15.051525529345872,0.2510642697648908,0.2510642697648908,0.01696327333057718,0.0025106426976489083,0.0025106426976489083
100,100.0,1.0,0.0,0.05,2.0,0.4,0.16000000000000003,126,0.007936507936507936,0.0890870806374748,call,14.663272334731891,0.004528835421754356,14.920694974398153,0.25742263966626133,0.25742263966626133,0.017555606537875038,0.002574226396662613,0.002574226396662613
100,100.0,1.0,0.0,0.05,2.0,0.5,0.25,12,0.08333333333333333,0.2886751345948129,call,18.670534840108157,0.008206472362933582,19.095122154329836,0.4245873142216787,0.4245873142216787,0.022741036497228653,0.004245873142216788,0.004245873142216788
100,100.0,1.0,0.0,0.05,2.0,0.5,0.25,26,0.038461538461538464,0.19611613513818404,call,18.037302997789546,0.007653332838548698,18.484503066764525,0.4472000689749791,0.4472000689749791,0.02479306740202696,0.004472000689749791,0.004472000689749791
100,100.0,1.0,0.0,0.05,2.0,0.5,0.25,52,0.019230769230769232,0.1386750490563073,call,17.776092943725256,0.007812079555947857,18.222469404971992,0.4463764612467358,0.4463764612467358,0.0251110557679831,0.004463764612467358,0.004463764612467358
100,100.0,1.0,0.0,0.05,2.0,0.5,0.25,126,0.007936507936507936,0.0890870806374748,call,17.61225698180282,0.007606944807219082,18.068475726484593,0.4562187446817738,0.4562187446817738,0.02590347989772941,0.004562187446817738,0.004562187446817738
100,100.0,1.0,0.0,0.05,2.0,0.6,0.36,12,0.08333333333333333,0.2886751345948129,call,21.750428355517965,0.012967793848125611,22.445011044829652,0.6945826893116873,0.6945826893116873,0.03193420736173573,0.006945826893116873,0.006945826893116873
100,100.0,1.0,0.0,0.05,2.0,0.6,0.36,26,0.038461538461538464,0.19611613513818404,call,21.010418559241394,0.012031667670123801,21.74730336382504,0.7368848045836458,0.7368848045836458,0.03507235243819207,0.007368848045836458,0.007368848045836458
100,100.0,1.0,0.0,0.05,2.0,0.6,0.36,52,0.019230769230769232,0.1386750490563073,call,20.71801096895346,0.012295410047731381,21.447809039077587,0.7297980701241258,0.7297980701241258,0.03522529605847537,0.007297980701241258,0.007297980701241258
100,100.0,1.0,0.0,0.05,2.0,0.6,0.36,126,0.007936507936507936,0.0890870806374748,call,20.542558246975787,0.01213198311820503,21.271776986276294,0.7292187393005065,0.7292187393005065,0.03549795164425832,0.0072921873930050654,0.0072921873930050654
100,110.00000000000001,1.1,0.09531017980432493,0.05,2.0,0.1,0.010000000000000002,12,0.08333333333333333,0.2886751345948129,call,1.7956825052241387,0.0003083292756461355,1.7886454602380129,-0.0070370449861258955,0.0070370449861258955,-0.003918869268733854,-7.037044986125895e-05,7.037044986125895e-05
100,110.00000000000001,1.1,0.09531017980432493,0.05,2.0,0.1,0.010000000000000002,26,0.038461538461538464,0.19611613513818404,call,1.6329807794218179,0.0002940338836971905,1.6249889828148838,-0.007991796606934054,0.007991796606934054,-0.004893993063264146,-7.991796606934055e-05,7.991796606934055e-05
100,110.00000000000001,1.1,0.09531017980432493,0.05,2.0,0.1,0.010000000000000002,52,0.019230769230769232,0.1386750490563073,call,1.5654055458785925,0.00028837584297703985,1.556409106715423,-0.00899643916316939,0.00899643916316939,-0.00574703417070117,-8.996439163169389e-05,8.996439163169389e-05
100,110.00000000000001,1.1,0.09531017980432493,0.05,2.0,0.1,0.010000000000000002,126,0.007936507936507936,0.0890870806374748,call,1.5257808864052884,0.00028629018818466997,1.5165855277862121,-0.009195358619076277,0.009195358619076277,-0.006026657366733943,-9.195358619076277e-05,9.195358619076277e-05
100,110.00000000000001,1.1,0.09531017980432493,0.05,2.0,0.2,0.04000000000000001,12,0.08333333333333333,0.2886751345948129,call,5.026155436295658,0.0010812436322723904,5.03203225854256,0.0058768222469014475,0.0058768222469014475,0.001169248011007145,5.876822246901447e-05,5.876822246901447e-05
100,110.00000000000001,1.1,0.09531017980432493,0.05,2.0,0.2,0.04000000000000001,26,0.038461538461538464,0.19611613513818404,call,4.7356231016182955,0.0010493378740643448,4.73582546033803,0.00020235871973461883,0.00020235871973461883,4.273117082849502e-05,2.0235871973461883e-06,2.0235871973461883e-06
100,110.00000000000001,1.1,0.09531017980432493,0.05,2.0,0.2,0.04000000000000001,52,0.019230769230769232,0.1386750490563073,call,4.6117883871770635,0.0010281831175032398,4.609660562528012,-0.0021278246490519237,0.0021278246490519237,-0.0004613881796849732,-2.1278246490519238e-05,2.1278246490519238e-05
100,110.00000000000001,1.1,0.09531017980432493,0.05,2.0,0.2,0.04000000000000001,126,0.007936507936507936,0.0890870806374748,call,4.5386295852417,0.0010106303654581347,4.535791297070513,-0.002838288171187031,0.002838288171187031,-0.0006253623737914892,-2.838288171187031e-05,2.838288171187031e-05
100,110.00000000000001,1.1,0.09531017980432493,0.05,2.0,0.3,0.09,12,0.08333333333333333,0.2886751345948129,call,8.357106483562678,0.002486060354866971,8.40981154175792,0.05270505819524196,0.05270505819524196,0.006306615608991681,0.0005270505819524196,0.0005270505819524196
100,110.00000000000001,1.1,0.09531017980432493,0.05,2.0,0.3,0.09,26,0.038461538461538464,0.19611613513818404,call,7.9525090673116114,0.002419149242956959,7.9994924322318735,0.046983364920262005,0.046983364920262005,0.0059079926250426755,0.00046983364920262006,0.00046983364920262006
100,110.00000000000001,1.1,0.09531017980432493,0.05,2.0,0.3,0.09,52,0.019230769230769232,0.1386750490563073,call,7.776984415243567,0.0023539413396151997,7.8240591691264445,0.047074753882877296,0.047074753882877296,0.006053085793846606,0.000470747538828773,0.000470747538828773
100,110.00000000000001,1.1,0.09531017980432493,0.05,2.0,0.3,0.09,126,0.007936507936507936,0.0890870806374748,call,7.67346227581945,0.002335574003573296,7.721147511560459,0.04768523574100936,0.04768523574100936,0.006214305098139946,0.0004768523574100936,0.0004768523574100936
100,110.00000000000001,1.1,0.09531017980432493,0.05,2.0,0.4,0.16000000000000003,12,0.08333333333333333,0.2886751345948129,call,11.68849345290335,0.004762770234555703,11.842692377836325,0.1541989249329756,0.1541989249329756,0.013192369534559096,0.001541989249329756,0.001541989249329756
100,110.00000000000001,1.1,0.09531017980432493,0.05,2.0,0.4,0.16000000000000003,26,0.038461538461538464,0.19611613513818404,call,11.171314273155163,0.004502438235196893,11.325864397766049,0.15455012461088558,0.15455012461088558,0.013834551676902677,0.0015455012461088559,0.0015455012461088559
100,110.00000000000001,1.1,0.09531017980432493,0.05,2.0,0.4,0.16000000000000003,52,0.019230769230769232,0.1386750490563073,call,10.95062437484352,0.004430051285540333,11.1045342867104,0.1539099118668812,0.1539099118668812,0.014054898296069124,0.001539099118668812,0.001539099118668812
100,110.00000000000001,1.1,0.09531017980432493,0.05,2.0,0.4,0.16000000000000003,126,0.007936507936507936,0.0890870806374748,call,10.82996413620575,0.004399242544363207,10.974594120797866,0.1446299845921164,0.1446299845921164,0.013354613438524936,0.001446299845921164,0.001446299845921164
100,110.00000000000001,1.1,0.09531017980432493,0.05,2.0,0.5,0.25,12,0.08333333333333333,0.2886751345948129,call,14.981381928134605,0.007853494879870153,15.320243436379846,0.3388615082452411,0.3388615082452411,0.022618841831197757,0.003388615082452411,0.003388615082452411
100,110.00000000000001,1.1,0.09531017980432493,0.05,2.0,0.5,0.25,26,0.038461538461538464,0.19611613513818404,call,14.365492002140508,0.007642744954321445,14.702974425904607,0.337482423764099,0.337482423764099,0.023492576774524182,0.00337482423764099,0.00337482423764099
100,110.00000000000001,1.1,0.09531017980432493,0.05,2.0,0.5,0.25,52,0.019230769230769232,0.1386750490563073,call,14.103635945675695,0.007315711724276904,14.43838251443411,0.33474656875841546,0.33474656875841546,0.023734770951816284,0.0033474656875841545,0.0033474656875841545
100,110.00000000000001,1.1,0.09531017980432493,0.05,2.0,0.5,0.25,126,0.007936507936507936,0.0890870806374748,call,13.955263608792695,0.007443535829880109,14.282972581943687,0.3277089731509921,0.3277089731509921,0.023482822133471908,0.003277089731509921,0.003277089731509921
100,110.00000000000001,1.1,0.09531017980432493,0.05,2.0,0.6,0.36,12,0.08333333333333333,0.2886751345948129,call,18.24868232792572,0.012723416927236766,18.84326381844113,0.5945814905154094,0.5945814905154094,0.03258216017084856,0.005945814905154095,0.005945814905154095
100,110.00000000000001,1.1,0.09531017980432493,0.05,2.0,0.6,0.36,26,0.038461538461538464,0.19611613513818404,call,17.536357693533976,0.011748063239050213,18.1317572629919,0.5953995694579248,0.5953995694579248,0.03395229384933573,0.005953995694579248,0.005953995694579248
100,110.00000000000001,1.1,0.09531017980432493,0.05,2.0,0.6,0.36,52,0.019230769230769232,0.1386750490563073,call,17.248790335576352,0.012071921570424065,17.8265733275623,0.5777829919859485,0.5777829919859485,0.033497015196146646,0.005777829919859485,0.005777829919859485
100,110.00000000000001,1.1,0.09531017980432493,0.05,2.0,0.6,0.36,126,0.007936507936507936,0.0890870806374748,call,17.053339071762007,0.011648722289425196,17.647266128399103,0.5939270566370958,0.5939270566370958,0.034827610835496584,0.005939270566370958,0.005939270566370958
100,120.0,1.2,0.1823215567939546,0.05,2.0,0.1,0.010000000000000002,12,0.08333333333333333,0.2886751345948129,call,0.30034470440335215,0.0002478650522485129,0.28942610572986355,-0.0109185986734886,0.0109185986734886,-0.036353558139734385,-0.000109185986734886,0.000109185986734886
100,120.0,1.2,0.1823215567939546,0.05,2.0,0.1,0.010000000000000002,26,0.038461538461538464,0.19611613513818404,call,0.24875318267710755,0.0002364832490709603,0.23764811195319394,-0.011105070723913618,0.011105070723913618,-0.044642929205567124,-0.00011105070723913618,0.00011105070723913618
100,120.0,1.2,0.1823215567939546,0.05,2.0,0.1,0.010000000000000002,52,0.019230769230769232,0.1386750490563073,call,0.22854997053295795,0.0002308072115082751,0.21729256621185097,-0.011257404321106973,0.011257404321106973,-0.049255767983061735,-0.00011257404321106973,0.00011257404321106973
100,120.0,1.2,0.1823215567939546,0.05,2.0,0.1,0.010000000000000002,126,0.007936507936507936,0.0890870806374748,call,0.2168272510911258,0.00022659030130612673,0.20584624888334285,-0.010981002207782947,0.010981002207782947,-0.05064401339095505,-0.00010981002207782947,0.00010981002207782947
100,120.0,1.2,0.1823215567939546,0.05,2.0,0.2,0.04000000000000001,12,0.08333333333333333,0.2886751345948129,call,2.4767881153232425,0.0010322382258353587,2.442862521911825,-0.03392559341141732,0.03392559341141732,-0.013697414486741322,-0.0003392559341141732,0.0003392559341141732
100,120.0,1.2,0.1823215567939546,0.05,2.0,0.2,0.04000000000000001,26,0.038461538461538464,0.19611613513818404,call,2.2614499333780027,0.0009999590995829629,2.2231635677666293,-0.03828636561137344,0.03828636561137344,-0.016930008065305178,-0.0003828636561137344,0.0003828636561137344
100,120.0,1.2,0.1823215567939546,0.05,2.0,0.2,0.04000000000000001,52,0.019230769230769232,0.1386750490563073,call,2.1716117700572077,0.0009739954333041329,2.131095758587515,-0.040516011469692526,0.040516011469692526,-0.01865711543303396,-0.00040516011469692525,0.00040516011469692525
100,120.0,1.2,0.1823215567939546,0.05,2.0,0.2,0.04000000000000001,126,0.007936507936507936,0.0890870806374748,call,2.119787662441018,0.0009651699082081197,2.077630344936765,-0.04215731750425311,0.04215731750425311,-0.01988751904316082,-0.0004215731750425311,0.0004215731750425311
100,120.0,1.2,0.1823215567939546,0.05,2.0,0.3,0.09,12,0.08333333333333333,0.2886751345948129,call,5.473529956300336,0.002393489444935665,5.459611075665305,-0.013918880635030995,0.013918880635030995,-0.002542944086568777,-0.00013918880635030995,0.00013918880635030995
100,120.0,1.2,0.1823215567939546,0.05,2.0,0.3,0.09,26,0.038461538461538464,0.19611613513818404,call,5.119148406855641,0.002312822531089787,5.096556251442644,-0.02259215541299664,0.02259215541299664,-0.004413264398184058,-0.0002259215541299664,0.0002259215541299664
100,120.0,1.2,0.1823215567939546,0.05,2.0,0.3,0.09,52,0.019230769230769232,0.1386750490563073,call,4.970099025322821,0.0022803454754072006,4.942464914233279,-0.027634111089542834,0.027634111089542834,-0.005560072535526176,-0.00027634111089542835,0.00027634111089542835
100,120.0,1.2,0.1823215567939546,0.05,2.0,0.3,0.09,126,0.007936507936507936,0.0890870806374748,call,4.8842832480830936,0.002248595947055739,4.852405897138591,-0.0318773509445025,0.0318773509445025,-0.0065265156268349556,-0.000318773509445025,0.000318773509445025
100,120.0,1.2,0.1823215567939546,0.05,2.0,0.4,0.16000000000000003,12,0.08333333333333333,0.2886751345948129,call,8.709705661992869,0.004680710645351775,8.7764246433802,0.06671898138733035,0.06671898138733035,0.0076603026527608704,0.0006671898138733035,0.0006671898138733035
100,120.0,1.2,0.1823215567939546,0.05,2.0,0.4,0.16000000000000003,26,0.038461538461538464,0.19611613513818404,call,8.234468206634721,0.004378609597724954,8.28767872127548,0.05321051464075843,0.05321051464075843,0.006461924839042473,0.0005321051464075844,0.0005321051464075844
100,120.0,1.2,0.1823215567939546,0.05,2.0,0.4,0.16000000000000003,52,0.019230769230769232,0.1386750490563073,call,8.031714898109874,0.004305601107939752,8.079237003823192,0.04752210571331794,0.04752210571331794,0.005916806848373248,0.00047522105713317944,0.00047522105713317944
100,120.0,1.2,0.1823215567939546,0.05,2.0,0.4,0.16000000000000003,126,0.007936507936507936,0.0890870806374748,call,7.913369787662937,0.00421788231812806,7.957117442502658,0.04374765483972087,0.04374765483972087,0.005528321816569741,0.00043747654839720873,0.00043747654839720873
100,120.0,1.2,0.1823215567939546,0.05,2.0,0.5,0.25,12,0.08333333333333333,0.2886751345948129,call,12.019322353564013,0.007701893936839992,12.24450036583125,0.22517801226723755,0.22517801226723755,0.018734667865902353,0.0022517801226723754,0.0022517801226723754
100,120.0,1.2,0.1823215567939546,0.05,2.0,0.5,0.25,26,0.038461538461538464,0.19611613513818404,call,11.42106243453238,0.007298606864681359,11.641509231352009,0.22044679681962798,0.22044679681962798,0.019301776702760304,0.00220446796819628,0.00220446796819628
100,120.0,1.2,0.1823215567939546,0.05,2.0,0.5,0.25,52,0.019230769230769232,0.1386750490563073,call,11.17722155120301,0.007267231568444647,11.383712238498063,0.20649068729505338,0.20649068729505338,0.0184742412368867,0.002064906872950534,0.002064906872950534
100,120.0,1.2,0.1823215567939546,0.05,2.0,0.5,0.25,126,0.007936507936507936,0.0890870806374748,call,11.031807689399658,0.007221917819971208,11.232492257385399,0.20068456798574097,0.20068456798574097,0.01819144909302367,0.0020068456798574097,0.0020068456798574097
100,120.0,1.2,0.1823215567939546,0.05,2.0,0.6,0.36,12,0.08333333333333333,0.2886751345948129,call,15.32084038880404,0.011834989564491525,15.814064164379648,0.4932237755756077,0.4932237755756077,0.032192997450455736,0.004932237755756077,0.004932237755756077
100,120.0,1.2,0.1823215567939546,0.05,2.0,0.6,0.36,26,0.038461538461538464,0.19611613513818404,call,14.632090854786085,0.012336609851865023,15.106144834395582,0.47405397960949713,0.47405397960949713,0.03239823920683464,0.004740539796094971,0.004740539796094971
100,120.0,1.2,0.1823215567939546,0.05,2.0,0.6,0.36,52,0.019230769230769232,0.1386750490563073,call,14.33873703918478,0.011419955072727708,14.80303874835843,0.4643017091736503,0.4643017091736503,0.0323809347995441,0.004643017091736503,0.004643017091736503
100,120.0,1.2,0.1823215567939546,0.05,2.0,0.6,0.36,126,0.007936507936507936,0.0890870806374748,call,14.16362164669541,0.011334441265972906,14.62511136782616,0.46148972113075004,0.46148972113075004,0.032582748441209786,0.004614897211307501,0.004614897211307501
100,130.0,1.3,0.26236426446749106,0.05,2.0,0.1,0.010000000000000002,12,0.08333333333333333,0.2886751345948129,call,0.03146254042599944,0.0001416408865733498,0.027859577457050585,-0.0036029629689488564,0.0036029629689488564,-0.11451595834809021,-3.6029629689488564e-05,3.6029629689488564e-05
100,130.0,1.3,0.26236426446749106,0.05,2.0,0.1,0.010000000000000002,26,0.038461538461538464,0.19611613513818404,call,0.022818403027564462,0.0001341782530861364,0.019840050721204972,-0.00297835230635949,0.00297835230635949,-0.1305241345225458,-2.9783523063594898e-05,2.9783523063594898e-05
100,130.0,1.3,0.26236426446749106,0.05,2.0,0.1,0.010000000000000002,52,0.019230769230769232,0.1386750490563073,call,0.019877863686100256,0.0001259583493110314,0.016990575608437797,-0.002887288077662458,0.002887288077662458,-0.1452514275807926,-2.887288077662458e-05,2.887288077662458e-05
100,130.0,1.3,0.26236426446749106,0.05,2.0,0.1,0.010000000000000002,126,0.007936507936507936,0.0890870806374748,call,0.01841920660103687,0.0001245448419769156,0.015467202524632375,-0.002952004076404495,0.002952004076404495,-0.16026771078393345,-2.952004076404495e-05,2.952004076404495e-05
100,130.0,1.3,0.26236426446749106,0.05,2.0,0.2,0.04000000000000001,12,0.08333333333333333,0.2886751345948129,call,1.12837520731912,0.0009520759543805715,1.0842769637214622,-0.044098243597657794,0.044098243597657794,-0.039081187987486686,-0.00044098243597657795,0.00044098243597657795
100,130.0,1.3,0.26236426446749106,0.05,2.0,0.2,0.04000000000000001,26,0.038461538461538464,0.19611613513818404,call,0.9945196268422859,0.0009123958927099989,0.946679668247344,-0.047839958594941945,0.047839958594941945,-0.04810358418650752,-0.0004783995859494194,0.0004783995859494194
100,130.0,1.3,0.26236426446749106,0.05,2.0,0.2,0.04000000000000001,52,0.019230769230769232,0.1386750490563073,call,0.9388297383244941,0.0009047697966664868,0.8904307158599215,-0.048399022464572616,0.048399022464572616,-0.05155250253464397,-0.0004839902246457262,0.0004839902246457262
100,130.0,1.3,0.26236426446749106,0.05,2.0,0.2,0.04000000000000001,126,0.007936507936507936,0.0890870806374748,call,0.90715451792957,0.0008875337162341573,0.8581711237737334,-0.048983394155836635,0.048983394155836635,-0.05399674828014209,-0.0004898339415583664,0.0004898339415583664
100,130.0,1.3,0.26236426446749106,0.05,2.0,0.3,0.09,12,0.08333333333333333,0.2886751345948129,call,3.5074871546647604,0.0023519308965761596,3.449677484709708,-0.057809669955052545,0.057809669955052545,-0.01648179092492725,-0.0005780966995505254,0.0005780966995505254
100,130.0,1.3,0.26236426446749106,0.05,2.0,0.3,0.09,26,0.038461538461538464,0.19611613513818404,call,3.2266845362899743,0.002264772923209991,3.1515229768108157,-0.07516155947915859,0.07516155947915859,-0.023293742736182996,-0.000751615594791586,0.000751615594791586
100,130.0,1.3,0.26236426446749106,0.05,2.0,0.3,0.09,52,0.019230769230769232,0.1386750490563073,call,3.1054908769902014,0.0022187677509278064,3.026355068238072,-0.07913580875212922,0.07913580875212922,-0.025482544269724773,-0.0007913580875212922,0.0007913580875212922
100,130.0,1.3,0.26236426446749106,0.05,2.0,0.3,0.09,126,0.007936507936507936,0.0890870806374748,call,3.031667984436288,0.002166693186075444,2.953602400523457,-0.07806558391283103,0.07806558391283103,-0.025750043973679602,-0.0007806558391283102,0.0007806558391283102
100,130.0,1.3,0.26236426446749106,0.05,2.0,0.4,0.16000000000000003,12,0.08333333333333333,0.2886751345948129,call,6.4543357232390015,0.004459941852776697,6.444115158655856,-0.010220564583145908,0.010220564583145908,-0.0015835192065306585,-0.00010220564583145907,0.00010220564583145907
100,130.0,1.3,0.26236426446749106,0.05,2.0,0.4,0.16000000000000003,26,0.038461538461538464,0.19611613513818404,call,6.028430097767047,0.0042826634835520065,6.001117300068566,-0.02731279769848083,0.02731279769848083,-0.0045306650745768106,-0.0002731279769848083,0.0002731279769848083
100,130.0,1.3,0.26236426446749106,0.05,2.0,0.4,0.16000000000000003,52,0.019230769230769232,0.1386750490563073,call,5.843116302899714,0.004139126690247299,5.813332775088284,-0.029783527811430233,0.029783527811430233,-0.00509719921142932,-0.00029783527811430235,0.00029783527811430235
100,130.0,1.3,0.26236426446749106,0.05,2.0,0.4,0.16000000000000003,126,0.007936507936507936,0.0890870806374748,call,5.755152026540558,0.004225367464712822,5.703652022120444,-0.05150000442011393,0.05150000442011393,-0.008948504606414501,-0.0005150000442011393,0.0005150000442011393
100,130.0,1.3,0.26236426446749106,0.05,2.0,0.5,0.25,12,0.08333333333333333,0.2886751345948129,call,9.626035906357167,0.007667537096125839,9.760960988094096,0.1349250817369292,0.1349250817369292,0.014016681742047399,0.0013492508173692918,0.0013492508173692918
100,130.0,1.3,0.26236426446749106,0.05,2.0,0.5,0.25,26,0.038461538461538464,0.19611613513818404,call,9.07737752010985,0.007143523070262494,9.188027735107083,0.11065021499723215,0.11065021499723215,0.012189667638268845,0.0011065021499723215,0.0011065021499723215
100,130.0,1.3,0.26236426446749106,0.05,2.0,0.5,0.25,52,0.019230769230769232,0.1386750490563073,call,8.855165096912474,0.007219271210128284,8.944015920385008,0.08885082347253359,0.08885082347253359,0.01003378508476518,0.0008885082347253359,0.0008885082347253359
100,130.0,1.3,0.26236426446749106,0.05,2.0,0.5,0.25,126,0.007936507936507936,0.0890870806374748,call,8.71394169135114,0.006986142591492269,8.801156968884689,0.08721527753354863,0.08721527753354863,0.01000870566073589,0.0008721527753354863,0.0008721527753354863
100,130.0,1.3,0.26236426446749106,0.05,2.0,0.6,0.36,12,0.08333333333333333,0.2886751345948129,call,12.927291284295716,0.011847789635490632,13.2752359579935,0.3479446736977838,0.3479446736977838,0.026915512774162726,0.0034794467369778383,0.0034794467369778383
100,130.0,1.3,0.26236426446749106,0.05,2.0,0.6,0.36,26,0.038461538461538464,0.19611613513818404,call,12.239504327430739,0.01153577137284987,12.584701942630025,0.34519761519928593,0.34519761519928593,0.028203561677382753,0.0034519761519928595,0.0034519761519928595
100,130.0,1.3,0.26236426446749106,0.05,2.0,0.6,0.36,52,0.019230769230769232,0.1386750490563073,call,11.970762794518127,0.011254086944803393,12.289802980076262,0.3190401855581353,0.3190401855581353,0.02665161703013914,0.003190401855581353,0.003190401855581353
100,130.0,1.3,0.26236426446749106,0.05,2.0,0.6,0.36,126,0.007936507936507936,0.0890870806374748,call,11.812956852927138,0.011033609130079981,12.116917995240819,0.3039611423136801,0.3039611423136801,0.025731165033279657,0.003039611423136801,0.003039611423136801
110,77.0,0.7,-0.35667494393873245,0.05,0.25,0.1,0.010000000000000002,12,0.08333333333333333,0.2886751345948129,call,33.32887674392839,4.746401546296214e-05,33.32880998144678,-6.676248160886189e-05,6.676248160886189e-05,-2.0031422637435323e-06,-6.069316509896535e-07,6.069316509896535e-07
110,77.0,0.7,-0.35667494393873245,0.05,0.25,0.1,0.010000000000000002,26,0.038461538461538464,0.19611613513818404,call,33.29813247168152,4.6792892288352304e-05,33.298144851126345,1.2379444825683095e-05,1.2379444825683095e-05,3.717759497837071e-07,1.1254040750620995e-07,1.1254040750620995e-07
110,77.0,0.7,-0.35667494393873245,0.05,0.25,0.1,0.010000000000000002,52,0.019230769230769232,0.1386750490563073,call,33.28504374271196,4.69705199047637e-05,33.28500440707363,-3.9335638334137e-05,3.9335638334137e-05,-1.181781181908462e-06,-3.575967121285182e-07,3.575967121285182e-07
110,77.0,0.7,-0.35667494393873245,0.05,0.25,0.1,0.010000000000000002,126,0.007936507936507936,0.0890870806374748,call,33.27727721533282,4.683237282028663e-05,33.277287494143756,1.0278810933073146e-05,1.0278810933073146e-05,3.088837727486035e-07,9.344373575521041e-08,9.344373575521041e-08
110,77.0,0.7,-0.35667494393873245,0.05,0.25,0.2,0.04000000000000001,12,0.08333333333333333,0.2886751345948129,call,33.3290056147325,0.00018793333142441294,33.328809982932356,-0.00019563180014614545,0.00019563180014614545,-5.869716078768034e-06,-1.778470910419504e-06,1.778470910419504e-06
110,77.0,0.7,-0.35667494393873245,0.05,0.25,0.2,0.04000000000000001,26,0.038461538461538464,0.19611613513818404,call,33.298160913111026,0.00018502847206709614,33.298144851567386,-1.6061543639978026e-05,1.6061543639978026e-05,-4.823552772746033e-07,-1.4601403309070933e-07,1.4601403309070933e-07
110,77.0,0.7,-0.35667494393873245,0.05,0.25,0.2,0.04000000000000001,52,0.019230769230769232,0.1386750490563073,call,33.2852875259705,0.00018644582483310664,33.28500440732635,-0.0002831186441554223,0.0002831186441554223,-8.505819393463912e-06,-2.5738058559583847e-06,2.5738058559583847e-06
110,77.0,0.7,-0.35667494393873245,0.05,0.25,0.2,0.04000000000000001,126,0.007936507936507936,0.0890870806374748,call,33.27742622631976,0.00018472220183618197,33.27728749432397,-0.00013873199578995354,0.00013873199578995354,-4.1689520952262745e-06,-1.2611999617268505e-06,1.2611999617268505e-06
110,77.0,0.7,-0.35667494393873245,0.05,0.25,0.3,0.09,12,0.08333333333333333,0.2886751345948129,call,33.32912212656419,0.0004225659157196775,33.328887485839225,-0.00023464072496182098,0.00023464072496182098,-7.04011116976904e-06,-2.133097499652918e-06,2.133097499652918e-06
110,77.0,0.7,-0.35667494393873245,0.05,0.25,0.3,0.09,26,0.038461538461538464,0.19611613513818404,call,33.29704563520611,0.000413253057742568,33.29818804709035,0.00114241188423847,0.00114241188423847,3.4309707136015657e-05,1.0385562583986092e-05,1.0385562583986092e-05
110,77.0,0.7,-0.35667494393873245,0.05,0.25,0.3,0.09,52,0.019230769230769232,0.1386750490563073,call,33.285912957264436,0.0004150420489757838,33.28503747157224,-0.0008754856921981968,0.0008754856921981968,-2.630198827120131e-05,-7.958960838165426e-06,7.958960838165426e-06
110,77.0,0.7,-0.35667494393873245,0.05,0.25,0.3,0.09,126,0.007936507936507936,0.0890870806374748,call,33.27756394516928,0.00041800544492246713,33.27731561281505,-0.00024833235422505595,0.00024833235422505595,-7.462455924785474e-06,-2.2575668565914177e-06,2.2575668565914177e-06
110,77.0,0.7,-0.35667494393873245,0.05,0.25,0.4,0.16000000000000003,12,0.08333333333333333,0.2886751345948129,call,33.333540175868485,0.0007490087040559085,33.333830422955295,0.00029024708680935873,0.00029024708680935873,8.707358572717112e-06,2.6386098800850792e-06,2.6386098800850792e-06
110,77.0,0.7,-0.35667494393873245,0.05,0.25,0.4,0.16000000000000003,26,0.038461538461538464,0.19611613513818404,call,33.30165407340132,0.0007446190405101062,33.30164293668666,-1.1136714661574842e-05,1.1136714661574842e-05,-3.3441926449142816e-07,-1.0124286055977129e-07,1.0124286055977129e-07
110,77.0,0.7,-0.35667494393873245,0.05,0.25,0.4,0.16000000000000003,52,0.019230769230769232,0.1386750490563073,call,33.28624584807739,0.0007329367454722833,33.28797133388627,0.0017254858088762148,0.0017254858088762148,5.1837801617867895e-05,1.5686234626147407e-05,1.5686234626147407e-05
110,77.0,0.7,-0.35667494393873245,0.05,0.25,0.4,0.16000000000000003,126,0.007936507936507936,0.0890870806374748,call,33.27921820626928,0.0007367588622909448,33.27997292572565,0.0007547194563741755,0.0007547194563741755,2.2678401027822172e-05,6.861085967037959e-06,6.861085967037959e-06
110,77.0,0.7,-0.35667494393873245,0.05,0.25,0.5,0.25,12,0.08333333333333333,0.2886751345948129,call,33.36054790315186,0.001146318925281748,33.371529689222676,0.010981786070814792,0.010981786070814792,0.00032918482342363586,9.983441882558902e-05,9.983441882558902e-05
110,77.0,0.7,-0.35667494393873245,0.05,0.25,0.5,0.25,26,0.038461538461538464,0.19611613513818404,call,33.32135384846887,0.001138523137948359,33.331220613882245,0.00986676541337772,0.00986676541337772,0.00029610937953624306,8.969786739434291e-05,8.969786739434291e-05
110,77.0,0.7,-0.35667494393873245,0.05,0.25,0.5,0.25,52,0.019230769230769232,0.1386750490563073,call,33.3054537526882,0.001134032331880872,33.31444912785936,0.008995375171160447,0.008995375171160447,0.00027008715263140347,8.177613791964043e-05,8.177613791964043e-05
110,77.0,0.7,-0.35667494393873245,0.05,0.25,0.5,0.25,126,0.007936507936507936,0.0890870806374748,call,33.29612462266326,0.0011377761664971696,33.304733670530645,0.008609047867388142,0.008609047867388142,0.0002585600566117634,7.826407152171038e-05,7.826407152171038e-05
110,77.0,0.7,-0.35667494393873245,0.05,0.25,0.6,0.36,12,0.08333333333333333,0.2886751345948129,call,33.455810938689254,0.00163029489494975,33.48496724420745,0.029156305518199588,0.029156305518199588,0.0008714870361872594,0.00026505732289272354,0.00026505732289272354
110,77.0,0.7,-0.35667494393873245,0.05,0.25,0.6,0.36,26,0.038461538461538464,0.19611613513818404,call,33.39686300227958,0.001618656184041151,33.426371590180906,0.02950858790132571,0.02950858790132571,0.0008835736428092522,0.0002682598900120519,0.0002682598900120519
110,77.0,0.7,-0.35667494393873245,0.05,0.25,0.6,0.36,52,0.019230769230769232,0.1386750490563073,call,33.376186139048215,0.00161666840113718,33.402273958821766,0.02608781977355079,0.02608781977355079,0.000781629742381786,0.00023716199794137082,0.00023716199794137082
110,77.0,0.7,-0.35667494393873245,0.05,0.25,0.6,0.36,126,0.007936507936507936,0.0890870806374748,call,33.36036005835876,0.0016087592371262023,33.3884011693442,0.028041110985441264,0.028041110985441264,0.0008405518086851493,0.00025491919077673874,0.00025491919077673874
110,88.0,0.8,-0.2231435513142097,0.05,0.25,0.1,0.010000000000000002,12,0.08333333333333333,0.2886751345948129,call,22.465489769933615,4.7251408856820055e-05,22.4654541760141,-3.5593919516685446e-05,3.5593919516685446e-05,-1.584382084753037e-06,-3.2358108651532226e-07,3.2358108651532226e-07
110,88.0,0.8,-0.2231435513142097,0.05,0.25,0.1,0.010000000000000002,26,0.038461538461538464,0.19611613513818404,call,22.43479278727252,4.6703388617777705e-05,22.434789045693663,-3.7415788582961795e-06,3.7415788582961795e-06,-1.667757261577568e-07,-3.4014353257237996e-08,3.4014353257237996e-08
110,88.0,0.8,-0.2231435513142097,0.05,0.25,0.1,0.010000000000000002,52,0.019230769230769232,0.1386750490563073,call,22.421681845381343,4.67332328140434e-05,22.42164860164095,-3.3243740393373855e-05,3.3243740393373855e-05,-1.4826604276441357e-06,-3.0221582175794414e-07,3.0221582175794414e-07
110,88.0,0.8,-0.2231435513142097,0.05,0.25,0.1,0.010000000000000002,126,0.007936507936507936,0.0890870806374748,call,22.41395295497931,4.656936707755444e-05,22.413931688711074,-2.1266268237951635e-05,2.1266268237951635e-05,-9.487959701114339e-07,-1.933297112541058e-07,1.933297112541058e-07
110,88.0,0.8,-0.2231435513142097,0.05,0.25,0.2,0.04000000000000001,12,0.08333333333333333,0.2886751345948129,call,22.46551978757912,0.0001857995815043809,22.46558424332248,6.445574335955939e-05,6.445574335955939e-05,2.869096462891373e-06,5.859613032687217e-07,5.859613032687217e-07
110,88.0,0.8,-0.2231435513142097,0.05,0.25,0.2,0.04000000000000001,26,0.038461538461538464,0.19611613513818404,call,22.435151681295523,0.0001857883337623571,22.434865772520556,-0.0002859087749662592,0.0002859087749662592,-1.2743786136495128e-05,-2.5991706815114473e-06,2.5991706815114473e-06
110,88.0,0.8,-0.2231435513142097,0.05,0.25,0.2,0.04000000000000001,52,0.019230769230769232,0.1386750490563073,call,22.421840938433,0.00018536513487033945,22.42170888703565,-0.00013205139735106286,0.00013205139735106286,-5.889409246709765e-06,-1.200467248646026e-06,1.200467248646026e-06
110,88.0,0.8,-0.2231435513142097,0.05,0.25,0.2,0.04000000000000001,126,0.007936507936507936,0.0890870806374748,call,22.414057476071054,0.0001851014745592004,22.41398377736481,-7.36987062452954e-05,7.36987062452954e-05,-3.2880573418701697e-06,-6.699882385935945e-07,6.699882385935945e-07
110,88.0,0.8,-0.2231435513142097,0.05,0.25,0.3,0.09,12,0.08333333333333333,0.2886751345948129,call,22.480493710383456,0.00040673753669778095,22.48380745813354,0.003313747750084417,0.003313747750084417,0.00014740547039471106,3.0124979546221972e-05,3.0124979546221972e-05
110,88.0,0.8,-0.2231435513142097,0.05,0.25,0.3,0.09,26,0.038461538461538464,0.19611613513818404,call,22.44586715381705,0.0004052489886471162,22.44873364200047,0.00286648818341817,0.00286648818341817,0.000127706724974121,2.6058983485619726e-05,2.6058983485619726e-05
110,88.0,0.8,-0.2231435513142097,0.05,0.25,0.3,0.09,52,0.019230769230769232,0.1386750490563073,call,22.431559156739805,0.0004064352618919446,22.43395540887909,0.002396252139284627,0.002396252139284627,0.00010682503710691225,2.178411035713297e-05,2.178411035713297e-05
110,88.0,0.8,-0.2231435513142097,0.05,0.25,0.3,0.09,126,0.007936507936507936,0.0890870806374748,call,22.423097320678643,0.0004076316851513812,22.425343052709504,0.0022457320308610917,0.0022457320308610917,0.00010015262382106647,2.0415745735100835e-05,2.0415745735100835e-05
110,88.0,0.8,-0.2231435513142097,0.05,0.25,0.4,0.16000000000000003,12,0.08333333333333333,0.2886751345948129,call,22.593671671656285,0.0007029367659443836,22.608853881704384,0.015182210048099165,0.015182210048099165,0.0006719673662933332,0.00013802009134635605,0.00013802009134635605
110,88.0,0.8,-0.2231435513142097,0.05,0.25,0.4,0.16000000000000003,26,0.038461538461538464,0.19611613513818404,call,22.53985230712372,0.0006999052501825389,22.554234764120338,0.014382456996617776,0.014382456996617776,0.0006380901170356028,0.0001307496090601616,0.0001307496090601616
110,88.0,0.8,-0.2231435513142097,0.05,0.25,0.4,0.16000000000000003,52,0.019230769230769232,0.1386750490563073,call,22.516064481134958,0.000695890164839626,22.53160418074468,0.01553969960972168,0.01553969960972168,0.0006901605572653066,0.00014126999645201527,0.00014126999645201527
110,88.0,0.8,-0.2231435513142097,0.05,0.25,0.4,0.16000000000000003,126,0.007936507936507936,0.0890870806374748,call,22.503002353993953,0.0006884381609439052,22.51852928719559,0.015526933201638116,0.015526933201638116,0.0006899938487044735,0.00014115393819671014,0.00014115393819671014
110,88.0,0.8,-0.2231435513142097,0.05,0.25,0.5,0.25,12,0.08333333333333333,0.2886751345948129,call,22.869355899750776,0.001054610772668609,22.910240192803933,0.040884293053156995,0.040884293053156995,0.0017877325986956432,0.0003716753913923363,0.0003716753913923363
110,88.0,0.8,-0.2231435513142097,0.05,0.25,0.5,0.25,26,0.038461538461538464,0.19611613513818404,call,22.780476594141927,0.0010404700848331277,22.822195143380657,0.04171854923873042,0.04171854923873042,0.001831329079807684,0.0003792595385339129,0.0003792595385339129
110,88.0,0.8,-0.2231435513142097,0.05,0.25,0.5,0.25,52,0.019230769230769232,0.1386750490563073,call,22.74479012903866,0.0010438901964736783,22.785638830086985,0.04084870104832561,0.04084870104832561,0.001795958582892061,0.000371351827712051,0.000371351827712051
110,88.0,0.8,-0.2231435513142097,0.05,0.25,0.5,0.25,126,0.007936507936507936,0.0890870806374748,call,22.722647345878816,0.0010335573368867878,22.764504193920256,0.04185684804144074,0.04185684804144074,0.0018420762072440594,0.00038051680037673403,0.00038051680037673403
110,88.0,0.8,-0.2231435513142097,0.05,0.25,0.6,0.36,12,0.08333333333333333,0.2886751345948129,call,23.314363388159563,0.001494163430404709,23.38643282679994,0.0720694386403764,0.0720694386403764,0.0030912033685199227,0.0006551767149125128,0.0006551767149125128
110,88.0,0.8,-0.2231435513142097,0.05,0.25,0.6,0.36,26,0.038461538461538464,0.19611613513818404,call,23.181203176173465,0.001445104852235485,23.257771325382112,0.07656814920864718,0.07656814920864718,0.0033030273979629703,0.0006960740837149744,0.0006960740837149744
110,88.0,0.8,-0.2231435513142097,0.05,0.25,0.6,0.36,52,0.019230769230769232,0.1386750490563073,call,23.129723105638167,0.0014738854488140101,23.203993602199304,0.07427049656113738,0.07427049656113738,0.0032110413177852955,0.0006751863323739761,0.0006751863323739761
110,88.0,0.8,-0.2231435513142097,0.05,0.25,0.6,0.36,126,0.007936507936507936,0.0890870806374748,call,23.09521099237421,0.0014487295043674178,23.172802647884634,0.07759165551042457,0.07759165551042457,0.003359642634832152,0.0007053786864584052,0.0007053786864584052
110,99.0,0.9,-0.10536051565782628,0.05,0.25,0.1,0.010000000000000002,12,0.08333333333333333,0.2886751345948129,call,11.602144386525566,4.690286211573177e-05,11.602199006826462,5.4620300895535934e-05,5.4620300895535934e-05,4.707776345118628e-06,4.965481899594176e-07,4.965481899594176e-07
110,99.0,0.9,-0.10536051565782628,0.05,0.25,0.1,0.010000000000000002,26,0.038461538461538464,0.19611613513818404,call,11.571501533743739,4.673453246875989e-05,11.571495128212169,-6.405531570052858e-06,6.405531570052858e-06,-5.535609662560767e-07,-5.823210518229871e-08,5.823210518229871e-08
110,99.0,0.9,-0.10536051565782628,0.05,0.25,0.1,0.010000000000000002,52,0.019230769230769232,0.1386750490563073,call,11.558427796618883,4.725350437772645e-05,11.558342365841046,-8.543077783684794e-05,8.543077783684794e-05,-7.391210927652158e-06,-7.766434348804358e-07,7.766434348804358e-07
110,99.0,0.9,-0.10536051565782628,0.05,0.25,0.1,0.010000000000000002,126,0.007936507936507936,0.0890870806374748,call,11.550611300934682,4.661930502607624e-05,11.550619217300389,7.916365706961415e-06,7.916365706961415e-06,6.853633544330956e-07,7.19669609723765e-08,7.19669609723765e-08
110,99.0,0.9,-0.10536051565782628,0.05,0.25,0.2,0.04000000000000001,12,0.08333333333333333,0.2886751345948129,call,11.682996246846566,0.00017254360780890083,11.68716860551607,0.004172358669505272,0.004172358669505272,0.0003571308747643791,3.7930533359138835e-05,3.7930533359138835e-05
110,99.0,0.9,-0.10536051565782628,0.05,0.25,0.2,0.04000000000000001,26,0.038461538461538464,0.19611613513818404,call,11.638931532776379,0.00017065805993972115,11.643099867249143,0.004168334472764101,0.004168334472764101,0.00035813721053566303,3.789394975240092e-05,3.789394975240092e-05
110,99.0,0.9,-0.10536051565782628,0.05,0.25,0.2,0.04000000000000001,52,0.019230769230769232,0.1386750490563073,call,11.620622473264998,0.00016999833058013492,11.624608846743506,0.003986373478507943,0.003986373478507943,0.00034304302438868477,3.623975889552675e-05,3.623975889552675e-05
110,99.0,0.9,-0.10536051565782628,0.05,0.25,0.2,0.04000000000000001,126,0.007936507936507936,0.0890870806374748,call,11.60938171137735,0.0001681183500969837,11.613859602349805,0.004477890972454546,0.004477890972454546,0.0003857131313088062,4.070809974958678e-05,4.070809974958678e-05
110,99.0,0.9,-0.10536051565782628,0.05,0.25,0.3,0.09,12,0.08333333333333333,0.2886751345948129,call,12.101631899844474,0.00035676469945495384,12.119049225085623,0.017417325241149584,0.017417325241149584,0.0014392542580454314,0.0001583393203740871,0.0001583393203740871
110,99.0,0.9,-0.10536051565782628,0.05,0.25,0.3,0.09,26,0.038461538461538464,0.19611613513818404,call,12.016882389305053,0.0003466259723171163,12.03579171365415,0.018909324349097645,0.018909324349097645,0.0015735632368281162,0.0001719029486281604,0.0001719029486281604
110,99.0,0.9,-0.10536051565782628,0.05,0.25,0.3,0.09,52,0.019230769230769232,0.1386750490563073,call,11.981600276358765,0.0003444003343481695,12.000772436721684,0.01917216036291869,0.01917216036291869,0.0016001335314739069,0.00017429236693562445,0.00017429236693562445
110,99.0,0.9,-0.10536051565782628,0.05,0.25,0.3,0.09,126,0.007936507936507936,0.0890870806374748,call,11.961706656393758,0.00034546140665370895,11.980396934287862,0.018690277894103602,0.018690277894103602,0.0015625092999679352,0.00016991161721912365,0.00016991161721912365
110,99.0,0.9,-0.10536051565782628,0.05,0.25,0.4,0.16000000000000003,12,0.08333333333333333,0.2886751345948129,call,12.817534473067266,0.0006100815537374262,12.851270183716418,0.03373571064915204,0.03373571064915204,0.002631996872724541,0.0003066882786286549,0.0003066882786286549
110,99.0,0.9,-0.10536051565782628,0.05,0.25,0.4,0.16000000000000003,26,0.038461538461538464,0.19611613513818404,call,12.684292225323286,0.0005889363173015372,12.722102794646492,0.03781056932320581,0.03781056932320581,0.002980897053737039,0.0003437324483927801,0.0003437324483927801
110,99.0,0.9,-0.10536051565782628,0.05,0.25,0.4,0.16000000000000003,52,0.019230769230769232,0.1386750490563073,call,12.628990035116635,0.0005839246277935039,12.667393988928948,0.03840395381231332,0.03840395381231332,0.0030409362669165047,0.00034912685283921196,0.00034912685283921196
110,99.0,0.9,-0.10536051565782628,0.05,0.25,0.4,0.16000000000000003,126,0.007936507936507936,0.0890870806374748,call,12.596119209306673,0.000583490150405219,12.635452997748354,0.039333788441680895,0.039333788441680895,0.0031226910279333517,0.00035757989492437176,0.00035757989492437176
110,99.0,0.9,-0.10536051565782628,0.05,0.25,0.5,0.25,12,0.08333333333333333,0.2886751345948129,call,13.707656491447068,0.0009321641594336957,13.763834596664621,0.056178105217552954,0.056178105217552954,0.004098301212362992,0.0005107100474322996,0.0005107100474322996
110,99.0,0.9,-0.10536051565782628,0.05,0.25,0.5,0.25,26,0.038461538461538464,0.19611613513818404,call,13.52809112216175,0.0009091460755020011,13.588876628229261,0.06078550606751065,0.06078550606751065,0.004493280354087185,0.0005525955097046423,0.0005525955097046423
110,99.0,0.9,-0.10536051565782628,0.05,0.25,0.5,0.25,52,0.019230769230769232,0.1386750490563073,call,13.45265461340096,0.000902417243061844,13.514441174339284,0.0617865609383248,0.0617865609383248,0.004592889858093559,0.0005616960085302254,0.0005616960085302254
110,99.0,0.9,-0.10536051565782628,0.05,0.25,0.5,0.25,126,0.007936507936507936,0.0890870806374748,call,13.407929992688354,0.0008884253480151296,13.470885799716369,0.06295580702801473,0.06295580702801473,0.004695415851838871,0.0005723255184364976,0.0005723255184364976
110,99.0,0.9,-0.10536051565782628,0.05,0.25,0.6,0.36,12,0.08333333333333333,0.2886751345948129,call,14.703889226734038,0.0013518131073046375,14.784587059164599,0.08069783243056072,0.08069783243056072,0.005488196434711917,0.0007336166584596429,0.0007336166584596429
110,99.0,0.9,-0.10536051565782628,0.05,0.25,0.6,0.36,26,0.038461538461538464,0.19611613513818404,call,14.479250991383166,0.001302233032696761,14.56513819959399,0.08588720821082418,0.08588720821082418,0.005931743863127798,0.0007807928019165835,0.0007807928019165835
110,99.0,0.9,-0.10536051565782628,0.05,0.25,0.6,0.36,52,0.019230769230769232,0.1386750490563073,call,14.382460832840785,0.0012771879617601528,14.471515319919012,0.0890544870782275,0.0890544870782275,0.006191881077463549,0.0008095862461657045,0.0008095862461657045
110,99.0,0.9,-0.10536051565782628,0.05,0.25,0.6,0.36,126,0.007936507936507936,0.0890870806374748,call,14.325817875663443,0.0012698150639329341,14.416656440924672,0.09083856526122958,0.09083856526122958,0.006340899071147988,0.0008258051387384507,0.0008258051387384507
110,110.0,1.0,0.0,0.05,0.25,0.1,0.010000000000000002,12,0.08333333333333333,0.2886751345948129,call,1.7363822939515416,3.448994285424105e-05,1.7371902106851824,0.0008079167336407789,0.0008079167336407789,0.0004652873600790852,7.344697578552535e-06,7.344697578552535e-06
110,110.0,1.0,0.0,0.05,0.25,0.1,0.010000000000000002,26,0.038461538461538464,0.19611613513818404,call,1.6771440395952455,3.3166942120562595e-05,1.6780479368698138,0.0009038972745682994,0.0009038972745682994,0.0005389502948038035,8.217247950620903e-06,8.217247950620903e-06
110,110.0,1.0,0.0,0.05,0.25,0.1,0.010000000000000002,52,0.019230769230769232,0.1386750490563073,call,1.6517201879007288,3.255481844333149e-05,1.6526643427929386,0.0009441548922097809,0.0009441548922097809,0.0005716191514313114,8.58322629281619e-06,8.58322629281619e-06
110,110.0,1.0,0.0,0.05,0.25,0.1,0.010000000000000002,126,0.007936507936507936,0.0890870806374748,call,1.6368015798695863,3.218469107942129e-05,1.6377455431597474,0.0009439632901611095,0.0009439632901611095,0.0005767121084012643,8.581484456010086e-06,8.581484456010086e-06
110,110.0,1.0,0.0,0.05,0.25,0.2,0.04000000000000001,12,0.08333333333333333,0.2886751345948129,call,3.0543694980398732,0.00013081501533921801,3.056894176200009,0.002524678160135796,0.002524678160135796,0.0008265791554545041,2.2951619637598146e-05,2.2951619637598146e-05
110,110.0,1.0,0.0,0.05,0.25,0.2,0.04000000000000001,26,0.038461538461538464,0.19611613513818404,call,2.9537741474431987,0.00012490649606009872,2.9564843535622036,0.0027102061190049653,0.0027102061190049653,0.0009175400635661102,2.4638237445499684e-05,2.4638237445499684e-05
110,110.0,1.0,0.0,0.05,0.25,0.2,0.04000000000000001,52,0.019230769230769232,0.1386750490563073,call,2.9106982759832936,0.00012312112795378235,2.9133716766436097,0.002673400660316183,0.002673400660316183,0.0009184739903736857,2.4303642366510754e-05,2.4303642366510754e-05
110,110.0,1.0,0.0,0.05,0.25,0.2,0.04000000000000001,126,0.007936507936507936,0.0890870806374748,call,2.8851728832375776,0.00012273673204250718,2.8880278310322267,0.002854947794649121,0.002854947794649121,0.000989523993947101,2.595407086044655e-05,2.595407086044655e-05
110,110.0,1.0,0.0,0.05,0.25,0.3,0.09,12,0.08333333333333333,0.2886751345948129,call,4.3821800102217265,0.0002928210632592354,4.388178842050581,0.005998831828854634,0.005998831828854634,0.0013689149726533276,5.45348348077694e-05,5.45348348077694e-05
110,110.0,1.0,0.0,0.05,0.25,0.3,0.09,26,0.038461538461538464,0.19611613513818404,call,4.23988120726767,0.00028264408015532126,4.246061440047385,0.0061802327797151335,0.0061802327797151335,0.0014576429096931928,5.618393436104667e-05,5.618393436104667e-05
110,110.0,1.0,0.0,0.05,0.25,0.3,0.09,52,0.019230769230769232,0.1386750490563073,call,4.178485661424031,0.000275371019332478,4.185031223006364,0.00654556158233266,0.00654556158233266,0.001566491335069444,5.950510529393327e-05,5.950510529393327e-05
110,110.0,1.0,0.0,0.05,0.25,0.3,0.09,126,0.007936507936507936,0.0890870806374748,call,4.142158652501186,0.00026860625458497095,4.14915171024296,0.0069930577417745,0.0069930577417745,0.0016882640981295677,6.357325219794999e-05,6.357325219794999e-05
110,110.0,1.0,0.0,0.05,0.25,0.4,0.16000000000000003,12,0.08333333333333333,0.2886751345948129,call,5.7110487675954875,0.0005231264695863359,5.7234285225542445,0.012379754958756983,0.012379754958756983,0.0021676850369409836,0.00011254322689779075,0.00011254322689779075
110,110.0,1.0,0.0,0.05,0.25,0.4,0.16000000000000003,26,0.038461538461538464,0.19611613513818404,call,5.526632169293373,0.0005012530910981809,5.5396288851895505,0.012996715896177236,0.012996715896177236,0.0023516520546434296,0.00011815196269252032,0.00011815196269252032
110,110.0,1.0,0.0,0.05,0.25,0.4,0.16000000000000003,52,0.019230769230769232,0.1386750490563073,call,5.447859474998148,0.0004950943421213524,5.4606909191215784,0.012831444123430735,0.012831444123430735,0.0023553184846852346,0.0001166494920311885,0.0001166494920311885
110,110.0,1.0,0.0,0.05,0.25,0.4,0.16000000000000003,126,0.007936507936507936,0.0890870806374748,call,5.401298341512324,0.000494451563654248,5.414281211563298,0.012982870050974427,0.012982870050974427,0.0024036572746209974,0.00011802609137249479,0.00011802609137249479
110,110.0,1.0,0.0,0.05,0.25,0.5,0.25,12,0.08333333333333333,0.2886751345948129,call,7.039278771175177,0.000834662603924311,7.061442710790834,0.022163939615656325,0.022163939615656325,0.0031486094436854006,0.00020149036014233023,0.00020149036014233023
110,110.0,1.0,0.0,0.05,0.25,0.5,0.25,26,0.038461538461538464,0.19611613513818404,call,6.812047681837136,0.000795493083256733,6.836123647100967,0.024075965263831378,0.024075965263831378,0.0035343213066498015,0.00021887241148937616,0.00021887241148937616
110,110.0,1.0,0.0,0.05,0.25,0.5,0.25,52,0.019230769230769232,0.1386750490563073,call,6.71570144275852,0.0007939585555905434,6.739346071477667,0.023644628719146965,0.023644628719146965,0.0035207980760733125,0.00021495117017406333,0.00021495117017406333
110,110.0,1.0,0.0,0.05,0.25,0.5,0.25,126,0.007936507936507936,0.0890870806374748,call,6.65839597700108,0.0007723872453790595,6.682445756103337,0.02404977910225714,0.02404977910225714,0.0036119478603147126,0.0002186343554750649,0.0002186343554750649
110,110.0,1.0,0.0,0.05,0.25,0.6,0.36,12,0.08333333333333333,0.2886751345948129,call,8.364114923941546,0.0012197591633056175,8.40209694882045,0.037982024878903786,0.037982024878903786,0.00454106922541004,0.00034529113526276167,0.00034529113526276167
110,110.0,1.0,0.0,0.05,0.25,0.6,0.36,26,0.038461538461538464,0.19611613513818404,call,8.097034265036399,0.001171329651990714,8.135503323926653,0.03846905889025365,0.03846905889025365,0.00475100606358626,0.0003497187171841241,0.0003497187171841241
110,110.0,1.0,0.0,0.05,0.25,0.6,0.36,52,0.019230769230769232,0.1386750490563073,call,7.98159550005545,0.0011645166609177428,8.020989018995198,0.03939351893974852,0.03939351893974852,0.004935544395788391,0.00035812289945225925,0.00035812289945225925
110,110.0,1.0,0.0,0.05,0.25,0.6,0.36,126,0.007936507936507936,0.0890870806374748,call,7.913327631733117,0.0011469078281215019,7.953657973154856,0.04033034142173886,0.04033034142173886,0.005096508485256033,0.00036663946747035326,0.00036663946747035326
110,121.00000000000001,1.1,0.09531017980432493,0.05,0.25,0.1,0.010000000000000002,12,0.08333333333333333,0.2886751345948129,call,0.002148587973043632,8.136748484869302e-06,0.002017466938139488,-0.00013112103490414435,0.00013112103490414435,-0.061026607497202824,-1.192009408219494e-06,1.192009408219494e-06
110,121.00000000000001,1.1,0.09531017980432493,0.05,0.25,0.1,0.010000000000000002,26,0.038461538461538464,0.19611613513818404,call,0.0015102891342117014,8.319107102689616e-06,0.0013661564926973294,-0.00014413264151437195,0.00014413264151437195,-0.09543380684494052,-1.310296741039745e-06,1.310296741039745e-06
110,121.00000000000001,1.1,0.09531017980432493,0.05,0.25,0.1,0.010000000000000002,52,0.019230769230769232,0.1386750490563073,call,0.0012693420833948667,7.563769290056338e-06,0.0011433458365699906,-0.00012599624682487604,0.00012599624682487604,-0.0992610648249351,-1.1454204256806913e-06,1.1454204256806913e-06
110,121.00000000000001,1.1,0.09531017980432493,0.05,0.25,0.1,0.010000000000000002,126,0.007936507936507936,0.0890870806374748,call,0.001139136400350125,7.171575404637253e-06,0.0010264325795392275,-0.00011270382081089757,0.00011270382081089757,-0.09893795051782817,-1.024580189189978e-06,1.024580189189978e-06
110,121.00000000000001,1.1,0.09531017980432493,0.05,0.25,0.2,0.04000000000000001,12,0.08333333333333333,0.2886751345948129,call,0.24142715412531016,9.42520309229086e-05,0.2350837484208532,-0.006343405704456961,0.006343405704456961,-0.026274615742537748,-5.766732458597237e-05,5.766732458597237e-05
110,121.00000000000001,1.1,0.09531017980432493,0.05,0.25,0.2,0.04000000000000001,26,0.038461538461538464,0.19611613513818404,call,0.20925998422813635,9.142825203324481e-05,0.20274857187755538,-0.006511412350580975,0.006511412350580975,-0.031116375998013066,-5.919465773255432e-05,5.919465773255432e-05
110,121.00000000000001,1.1,0.09531017980432493,0.05,0.25,0.2,0.04000000000000001,52,0.019230769230769232,0.1386750490563073,call,0.19622697527240635,8.918134249724745e-05,0.18962967550575935,-0.006597299766646997,0.006597299766646997,-0.033620758601046005,-5.997545242406361e-05,5.997545242406361e-05
110,121.00000000000001,1.1,0.09531017980432493,0.05,0.25,0.2,0.04000000000000001,126,0.007936507936507936,0.0890870806374748,call,0.18898832756775252,9.020673088534015e-05,0.1821344271817701,-0.0068539003859824366,0.0068539003859824366,-0.036266262970792766,-6.230818532711306e-05,6.230818532711306e-05
110,121.00000000000001,1.1,0.09531017980432493,0.05,0.25,0.3,0.09,12,0.08333333333333333,0.2886751345948129,call,0.9616363206359353,0.0002483334365548994,0.9461274731493496,-0.015508847486585653,0.015508847486585653,-0.016127560028441488,-0.00014098952260532412,0.00014098952260532412
110,121.00000000000001,1.1,0.09531017980432493,0.05,0.25,0.3,0.09,26,0.038461538461538464,0.19611613513818404,call,0.8755832123276821,0.00023744756333229862,0.8589677764087632,-0.016615435918918897,0.016615435918918897,-0.018976421298379877,-0.00015104941744471724,0.00015104941744471724
110,121.00000000000001,1.1,0.09531017980432493,0.05,0.25,0.3,0.09,52,0.019230769230769232,0.1386750490563073,call,0.8400997191448017,0.00023124362442855127,0.8224740234675098,-0.017625695677291997,0.017625695677291997,-0.020980480383012708,-0.00016023359706629088,0.00016023359706629088
110,121.00000000000001,1.1,0.09531017980432493,0.05,0.25,0.3,0.09,126,0.007936507936507936,0.0890870806374748,call,0.8185487012098054,0.00023066025240805446,0.8012911907299988,-0.017257510479806615,0.017257510479806615,-0.02108305889961125,-0.00015688645890733286,0.00015688645890733286
110,121.00000000000001,1.1,0.09531017980432493,0.05,0.25,0.4,0.16000000000000003,12,0.08333333333333333,0.2886751345948129,call,1.9622708954421535,0.0004663167788087404,1.941042756070184,-0.021228139371969545,0.021228139371969545,-0.010818149227650987,-0.00019298308519972315,0.00019298308519972315
110,121.00000000000001,1.1,0.09531017980432493,0.05,0.25,0.4,0.16000000000000003,26,0.038461538461538464,0.19611613513818404,call,1.8231605805023277,0.00044646129233959035,1.7991549961595354,-0.024005584342792208,0.024005584342792208,-0.013167015895099077,-0.00021823258493447462,0.00021823258493447462
110,121.00000000000001,1.1,0.09531017980432493,0.05,0.25,0.4,0.16000000000000003,52,0.019230769230769232,0.1386750490563073,call,1.7637759322632454,0.0004347841102882743,1.739082182726702,-0.024693749536543352,0.024693749536543352,-0.01400050260627878,-0.0002244886321503941,0.0002244886321503941
110,121.00000000000001,1.1,0.09531017980432493,0.05,0.25,0.4,0.16000000000000003,126,0.007936507936507936,0.0890870806374748,call,1.730173437238668,0.000435178675457504,1.7040171441867067,-0.02615629305196121,0.02615629305196121,-0.01511772894496998,-0.00023778448229055645,0.00023778448229055645
110,121.00000000000001,1.1,0.09531017980432493,0.05,0.25,0.5,0.25,12,0.08333333333333333,0.2886751345948129,call,3.1054193020653447,0.0007643315881732841,3.083735911861176,-0.021683390204168873,0.021683390204168873,-0.006982435573111733,-0.00019712172912880795,0.00019712172912880795
110,121.00000000000001,1.1,0.09531017980432493,0.05,0.25,0.5,0.25,26,0.038461538461538464,0.19611613513818404,call,2.917960717777418,0.0007353817292795926,2.8899387112005055,-0.02802200657691234,0.02802200657691234,-0.009603284378090061,-0.0002547455143355667,0.0002547455143355667
110,121.00000000000001,1.1,0.09531017980432493,0.05,0.25,0.5,0.25,52,0.019230769230769232,0.1386750490563073,call,2.8372642859873745,0.0007192222162208994,2.807459618805878,-0.029804667181496658,0.029804667181496658,-0.010504720102633853,-0.0002709515198317878,0.0002709515198317878
110,121.00000000000001,1.1,0.09531017980432493,0.05,0.25,0.5,0.25,126,0.007936507936507936,0.0890870806374748,call,2.7878547667690956,0.0007133065981629137,2.7591894051729637,-0.028665361596131866,0.028665361596131866,-0.01028222916696366,-0.0002605941963284715,0.0002605941963284715
110,121.00000000000001,1.1,0.09531017980432493,0.05,0.25,0.6,0.36,12,0.08333333333333333,0.2886751345948129,call,4.328254848732074,0.001129462586773515,4.309988909097143,-0.018265939634931172,0.018265939634931172,-0.004220162692194991,-0.00016605399668119248,0.00016605399668119248
110,121.00000000000001,1.1,0.09531017980432493,0.05,0.25,0.6,0.36,26,0.038461538461538464,0.19611613513818404,call,4.08995454262268,0.001089834893881024,4.0666575355959145,-0.023297007026765293,0.023297007026765293,-0.005696153046196476,-0.00021179097297059358,0.00021179097297059358
110,121.00000000000001,1.1,0.09531017980432493,0.05,0.25,0.6,0.36,52,0.019230769230769232,0.1386750490563073,call,3.988741198479343,0.0010670784069395118,3.962798572771712,-0.02594262570763073,0.02594262570763073,-0.0065039631344146935,-0.00023584205188755209,0.00023584205188755209
110,121.00000000000001,1.1,0.09531017980432493,0.05,0.25,0.6,0.36,126,0.007936507936507936,0.0890870806374748,call,3.928836260549579,0.001053684054700341,3.9019279603573027,-0.02690830019227608,0.02690830019227608,-0.006848923805369292,-0.0002446209108388735,0.0002446209108388735
110,132.0,1.2,0.1823215567939546,0.05,0.25,0.1,0.010000000000000002,12,0.08333333333333333,0.2886751345948129,call,0.0,0.0,3.310066998157768e-09,3.310066998157768e-09,3.310066998157768e-09,3310.066998157768,3.009151816507062e-11,3.009151816507062e-11
110,132.0,1.2,0.1823215567939546,0.05,0.25,0.1,0.010000000000000002,26,0.038461538461538464,0.19611613513818404,call,0.0,0.0,9.702207288279388e-10,9.702207288279388e-10,9.702207288279388e-10,970.2207288279388,8.820188443890352e-12,8.820188443890352e-12
110,132.0,1.2,0.1823215567939546,0.05,0.25,0.1,0.010000000000000002,52,0.019230769230769232,0.1386750490563073,call,0.0,0.0,5.522787812984978e-10,5.522787812984978e-10,5.522787812984978e-10,552.2787812984978,5.020716193622707e-12,5.020716193622707e-12
110,132.0,1.2,0.1823215567939546,0.05,0.25,0.1,0.010000000000000002,126,0.007936507936507936,0.0890870806374748,call,0.0,0.0,3.922153200268134e-10,3.922153200268134e-10,3.922153200268134e-10,392.21532002681346,3.5655938184255767e-12,3.5655938184255767e-12
110,132.0,1.2,0.1823215567939546,0.05,0.25,0.2,0.04000000000000001,12,0.08333333333333333,0.2886751345948129,call,0.005251767018118138,3.4916037586779374e-05,0.004599004365834996,-0.0006527626522831419,0.0006527626522831419,-0.12429390908453625,-5.934205929846745e-06,5.934205929846745e-06
110,132.0,1.2,0.1823215567939546,0.05,0.25,0.2,0.04000000000000001,26,0.038461538461538464,0.19611613513818404,call,0.0037799262584108924,3.344575258253191e-05,0.0031832855877598812,-0.0005966406706510111,0.0005966406706510111,-0.15784452654953196,-5.424006096827374e-06,5.424006096827374e-06
110,132.0,1.2,0.1823215567939546,0.05,0.25,0.2,0.04000000000000001,52,0.019230769230769232,0.1386750490563073,call,0.003199664454555978,3.142552246733755e-05,0.0026913481522451354,-0.0005083163023108426,0.0005083163023108426,-0.15886550278328554,-4.621057293734932e-06,4.621057293734932e-06
110,132.0,1.2,0.1823215567939546,0.05,0.25,0.2,0.04000000000000001,126,0.007936507936507936,0.0890870806374748,call,0.0028661810801821615,2.8350468488455286e-05,0.002431193501649955,-0.0004349875785322065,0.0004349875785322065,-0.15176556064090713,-3.954432532110968e-06,3.954432532110968e-06
110,132.0,1.2,0.1823215567939546,0.05,0.25,0.3,0.09,12,0.08333333333333333,0.2886751345948129,call,0.12945200360523101,0.0001779130597336802,0.12035984211173507,-0.00909216149349594,0.00909216149349594,-0.07023577264375795,-8.265601357723581e-05,8.265601357723581e-05
110,132.0,1.2,0.1823215567939546,0.05,0.25,0.3,0.09,26,0.038461538461538464,0.19611613513818404,call,0.10722071583586402,0.00017127178634103552,0.0983173942166603,-0.008903321619203722,0.008903321619203722,-0.08303732678704677,-8.093928744730656e-05,8.093928744730656e-05
110,132.0,1.2,0.1823215567939546,0.05,0.25,0.3,0.09,52,0.019230769230769232,0.1386750490563073,call,0.09848152595741445,0.0001646694471862378,0.0896961095175916,-0.008785416439822849,0.008785416439822849,-0.08920877651329097,-7.986742218020772e-05,7.986742218020772e-05
110,132.0,1.2,0.1823215567939546,0.05,0.25,0.3,0.09,126,0.007936507936507936,0.0890870806374748,call,0.09408551248255448,0.00016632726571533694,0.08486004428416351,-0.009225468198390971,0.009225468198390971,-0.09805407819935695,-8.38678927126452e-05,8.38678927126452e-05
110,132.0,1.2,0.1823215567939546,0.05,0.25,0.4,0.16000000000000003,12,0.08333333333333333,0.2886751345948129,call,0.5316838915743652,0.0003943923699361404,0.5066377636423766,-0.025046127931988682,0.025046127931988682,-0.04710717839847429,-0.000227692072108988,0.000227692072108988
110,132.0,1.2,0.1823215567939546,0.05,0.25,0.4,0.16000000000000003,26,0.038461538461538464,0.19611613513818404,call,0.46569260145461244,0.00037757113080641496,0.44015024711119694,-0.025542354343415508,0.025542354343415508,-0.054848099934662435,-0.00023220322130377733,0.00023220322130377733
110,132.0,1.2,0.1823215567939546,0.05,0.25,0.4,0.16000000000000003,52,0.019230769230769232,0.1386750490563073,call,0.43991560201723084,0.0003808051541662814,0.41305386360782526,-0.02686173840940559,0.02686173840940559,-0.06106111782858171,-0.00024419762190368716,0.00024419762190368716
110,132.0,1.2,0.1823215567939546,0.05,0.25,0.4,0.16000000000000003,126,0.007936507936507936,0.0890870806374748,call,0.423807048230634,0.00037173083335672826,0.3975377529336965,-0.0262692952969375,0.0262692952969375,-0.06198409254072118,-0.00023881177542670455,0.00023881177542670455
110,132.0,1.2,0.1823215567939546,0.05,0.25,0.5,0.25,12,0.08333333333333333,0.2886751345948129,call,1.2009017980118868,0.000689030199826192,1.160497476524257,-0.040404321487629735,0.040404321487629735,-0.03364498375680657,-0.00036731201352390667,0.00036731201352390667
110,132.0,1.2,0.1823215567939546,0.05,0.25,0.5,0.25,26,0.038461538461538464,0.19611613513818404,call,1.0827623031952822,0.0006651194095191286,1.0395303381646324,-0.043231965030649855,0.043231965030649855,-0.039927475220618874,-0.0003930178639149987,0.0003930178639149987
110,132.0,1.2,0.1823215567939546,0.05,0.25,0.5,0.25,52,0.019230769230769232,0.1386750490563073,call,1.0343455574388334,0.0006515413542729559,0.9892839752909859,-0.0450615821478475,0.0450615821478475,-0.043565307380857815,-0.00040965074679861363,0.00040965074679861363
110,132.0,1.2,0.1823215567939546,0.05,0.25,0.5,0.25,126,0.007936507936507936,0.0890870806374748,call,1.0059790876898203,0.0006432193137418107,0.9602351769254276,-0.04574391076439266,0.04574391076439266,-0.04547202951250331,-0.0004158537342217514,0.0004158537342217514
110,132.0,1.2,0.1823215567939546,0.05,0.25,0.6,0.36,12,0.08333333333333333,0.2886751345948129,call,2.0679392626093813,0.0010548576729842135,2.0170350865270095,-0.050904176082371855,0.050904176082371855,-0.0246158951584195,-0.0004627652371124714,0.0004627652371124714
110,132.0,1.2,0.1823215567939546,0.05,0.25,0.6,0.36,26,0.038461538461538464,0.19611613513818404,call,1.895792838811021,0.0010168823855838296,1.839438510575601,-0.05635432823541997,0.05635432823541997,-0.029725994888114227,-0.0005123120748674543,0.0005123120748674543
110,132.0,1.2,0.1823215567939546,0.05,0.25,0.6,0.36,52,0.019230769230769232,0.1386750490563073,call,1.8246610745801737,0.000998344958811674,1.7649007965019434,-0.059760278078230256,0.059760278078230256,-0.03275144020485019,-0.0005432752552566387,0.0005432752552566387
110,132.0,1.2,0.1823215567939546,0.05,0.25,0.6,0.36,126,0.007936507936507936,0.0890870806374748,call,1.7836123242475728,0.0009821107845873894,1.7215832378380787,-0.062029086409494116,0.062029086409494116,-0.03477722460549909,-0.0005639007855408556,0.0005639007855408556
110,143.0,1.3,0.26236426446749106,0.05,0.25,0.1,0.010000000000000002,12,0.08333333333333333,0.2886751345948129,call,0.0,0.0,6.071382320198307e-15,6.071382320198307e-15,6.071382320198307e-15,0.006071382320198307,5.519438472907552e-17,5.519438472907552e-17
110,143.0,1.3,0.26236426446749106,0.05,0.25,0.1,0.010000000000000002,26,0.038461538461538464,0.19611613513818404,call,0.0,0.0,0.0,0.0,0.0,0.0,0.0,0.0
110,143.0,1.3,0.26236426446749106,0.05,0.25,0.1,0.010000000000000002,52,0.019230769230769232,0.1386750490563073,call,0.0,0.0,0.0,0.0,0.0,0.0,0.0,0.0
110,143.0,1.3,0.26236426446749106,0.05,0.25,0.1,0.010000000000000002,126,0.007936507936507936,0.0890870806374748,call,0.0,0.0,0.0,0.0,0.0,0.0,0.0,0.0
110,143.0,1.3,0.26236426446749106,0.05,0.25,0.2,0.04000000000000001,12,0.08333333333333333,0.2886751345948129,call,8.265139889404802e-05,5.0966482353382925e-06,2.6515373240871643e-05,-5.613602565317638e-05,5.613602565317638e-05,-0.6791902666419226,-5.103275059379671e-07,5.103275059379671e-07
110,143.0,1.3,0.26236426446749106,0.05,0.25,0.2,0.04000000000000001,26,0.038461538461538464,0.19611613513818404,call,0.0,0.0,1.3427659801145896e-05,1.3427659801145896e-05,1.3427659801145896e-05,13427659.801145896,1.2206963455587178e-07,1.2206963455587178e-07
110,143.0,1.3,0.26236426446749106,0.05,0.25,0.2,0.04000000000000001,52,0.019230769230769232,0.1386750490563073,call,2.2756450017244213e-05,5.6461326027204425e-06,9.83280554449345e-06,-1.2923644472750763e-05,1.2923644472750763e-05,-0.5679112718792949,-1.1748767702500693e-07,1.1748767702500693e-07
110,143.0,1.3,0.26236426446749106,0.05,0.25,0.2,0.04000000000000001,126,0.007936507936507936,0.0890870806374748,call,0.0,0.0,8.139230847460305e-06,8.139230847460305e-06,8.139230847460305e-06,8139230.847460304,7.399300770418459e-08,7.399300770418459e-08
110,143.0,1.3,0.26236426446749106,0.05,0.25,0.3,0.09,12,0.08333333333333333,0.2886751345948129,call,0.011527228688100393,9.171798148793856e-05,0.009566143442150838,-0.0019610852459495554,0.0019610852459495554,-0.1701263416395991,-1.7828047690450502e-05,1.7828047690450502e-05
110,143.0,1.3,0.26236426446749106,0.05,0.25,0.3,0.09,26,0.038461538461538464,0.19611613513818404,call,0.008304414069486662,8.028959268758993e-05,0.0067714800635708255,-0.001532934005915837,0.001532934005915837,-0.1845926748219812,-1.3935763690143972e-05,1.3935763690143972e-05
110,143.0,1.3,0.26236426446749106,0.05,0.25,0.3,0.09,52,0.019230769230769232,0.1386750490563073,call,0.007305730785273823,8.581520823979346e-05,0.0057845147858153045,-0.0015212159994585188,0.0015212159994585188,-0.20822229071523374,-1.3829236358713808e-05,1.3829236358713808e-05
110,143.0,1.3,0.26236426446749106,0.05,0.25,0.3,0.09,126,0.007936507936507936,0.0890870806374748,call,0.007008536962548922,8.759535638928088e-05,0.005258343791151904,-0.0017501931713970178,0.0017501931713970178,-0.24972304216263894,-1.5910847012700163e-05,1.5910847012700163e-05
110,143.0,1.3,0.26236426446749106,0.05,0.25,0.4,0.16000000000000003,12,0.08333333333333333,0.2886751345948129,call,0.11770339069263624,0.0002920328972138274,0.1049849129873993,-0.012718477705236944,0.012718477705236944,-0.10805532134965622,-0.00011562252459306313,0.00011562252459306313
110,143.0,1.3,0.26236426446749106,0.05,0.25,0.4,0.16000000000000003,26,0.038461538461538464,0.19611613513818404,call,0.09656412125508132,0.0002860380847107459,0.08385259522005796,-0.01271152603502336,0.01271152603502336,-0.13163818890294582,-0.00011555932759112145,0.00011555932759112145
110,143.0,1.3,0.26236426446749106,0.05,0.25,0.4,0.16000000000000003,52,0.019230769230769232,0.1386750490563073,call,0.08810331100012846,0.00027121687745475486,0.07571614332068156,-0.012387167679446892,0.012387167679446892,-0.1405982083854809,-0.00011261061526769902,0.00011261061526769902
110,143.0,1.3,0.26236426446749106,0.05,0.25,0.4,0.16000000000000003,126,0.007936507936507936,0.0890870806374748,call,0.08308866890873186,0.0002619665353754827,0.07118772029657797,-0.011900948612153892,0.011900948612153892,-0.14323190837521302,-0.00010819044192867174,0.00010819044192867174
110,143.0,1.3,0.26236426446749106,0.05,0.25,0.5,0.25,12,0.08333333333333333,0.2886751345948129,call,0.4160526089207846,0.0005757295015159104,0.3837507882213978,-0.03230182069938681,0.03230182069938681,-0.07763878895790555,-0.00029365291544897096,0.00029365291544897096
110,143.0,1.3,0.26236426446749106,0.05,0.25,0.5,0.25,26,0.038461538461538464,0.19611613513818404,call,0.3577502835407549,0.0005576675411189933,0.32486727843238195,-0.03288300510837294,0.03288300510837294,-0.09191608398718966,-0.0002989364100761177,0.0002989364100761177
110,143.0,1.3,0.26236426446749106,0.05,0.25,0.5,0.25,52,0.019230769230769232,0.1386750490563073,call,0.3349190828738193,0.0005582225390291576,0.3012764543897009,-0.033642628484118364,0.033642628484118364,-0.10045001973444798,-0.00030584207712834876,0.00030584207712834876
110,143.0,1.3,0.26236426446749106,0.05,0.25,0.5,0.25,126,0.007936507936507936,0.0890870806374748,call,0.3209127380421381,0.0005427956622991133,0.28788295210322024,-0.033029785938917866,0.033029785938917866,-0.10292450882576316,-0.00030027078126288966,0.00030027078126288966
110,143.0,1.3,0.26236426446749106,0.05,0.25,0.6,0.36,12,0.08333333333333333,0.2886751345948129,call,0.926490735002071,0.0009554327653833333,0.8726129924147608,-0.05387774258731026,0.05387774258731026,-0.058152489336215356,-0.0004897976598846387,0.0004897976598846387
110,143.0,1.3,0.26236426446749106,0.05,0.25,0.6,0.36,26,0.038461538461538464,0.19611613513818404,call,0.8208099413631862,0.0009252894310280693,0.7635934856029575,-0.05721645576022871,0.05721645576022871,-0.06970731332177174,-0.000520149597820261,0.000520149597820261
110,143.0,1.3,0.26236426446749106,0.05,0.25,0.6,0.36,52,0.019230769230769232,0.1386750490563073,call,0.7770605089821919,0.0009086274267586472,0.7189645480859755,-0.05809596089621638,0.05809596089621638,-0.07476375420533407,-0.0005281450990565126,0.0005281450990565126
110,143.0,1.3,0.26236426446749106,0.05,0.25,0.6,0.36,126,0.007936507936507936,0.0890870806374748,call,0.751719538834625,0.0008978473588926156,0.6933513345229056,-0.058368204311719296,0.058368204311719296,-0.07764625142271318,-0.0005306200391974481,0.0005306200391974481
110,77.0,0.7,-0.35667494393873245,0.05,0.5,0.1,0.010000000000000002,12,0.08333333333333333,0.2886751345948129,call,33.65079761187503,9.658867913362351e-05,33.650726045029984,-7.156684504394661e-05,7.156684504394661e-05,-2.1267503335104126e-06,-6.506076822176965e-07,6.506076822176965e-07
110,77.0,0.7,-0.35667494393873245,0.05,0.5,0.1,0.010000000000000002,26,0.038461538461538464,0.19611613513818404,call,33.58979371684761,9.539388926580653e-05,33.5897612514395,-3.246540811119303e-05,3.246540811119303e-05,-9.665259746715675e-07,-2.951400737381184e-07,2.951400737381184e-07
110,77.0,0.7,-0.35667494393873245,0.05,0.5,0.1,0.010000000000000002,52,0.019230769230769232,0.1386750490563073,call,33.56359063077914,9.53250143211753e-05,33.563640457787805,4.982700866662526e-05,4.982700866662526e-05,1.484555368785005e-06,4.5297280606022963e-07,4.5297280606022963e-07
110,77.0,0.7,-0.35667494393873245,0.05,0.5,0.1,0.010000000000000002,126,0.007936507936507936,0.0890870806374748,call,33.54829887977549,9.550323610034243e-05,33.54830162490348,2.745127993364349e-06,2.745127993364349e-06,8.18261457369823e-08,2.4955709030584992e-08,2.4955709030584992e-08
110,77.0,0.7,-0.35667494393873245,0.05,0.5,0.2,0.04000000000000001,12,0.08333333333333333,0.2886751345948129,call,33.651488387181864,0.0003785331819155817,33.65074374701111,-0.0007446401707511541,0.0007446401707511541,-2.212800106145658e-05,-6.7694560977377645e-06,6.7694560977377645e-06
110,77.0,0.7,-0.35667494393873245,0.05,0.5,0.2,0.04000000000000001,26,0.038461538461538464,0.19611613513818404,call,33.58991396543066,0.00037477038548872196,33.589770492503185,-0.0001434729274762958,0.0001434729274762958,-4.271309763518661e-06,-1.3042993406935983e-06,1.3042993406935983e-06
110,77.0,0.7,-0.35667494393873245,0.05,0.5,0.2,0.04000000000000001,52,0.019230769230769232,0.1386750490563073,call,33.56305634669322,0.00037128833978207547,33.56364732271477,0.0005909760215487836,0.0005909760215487836,1.760793222894342e-05,5.372509286807124e-06,5.372509286807124e-06
110,77.0,0.7,-0.35667494393873245,0.05,0.5,0.2,0.04000000000000001,126,0.007936507936507936,0.0890870806374748,call,33.54784231364457,0.0003709566959483524,33.548307357905784,0.00046504426121174447,0.00046504426121174447,1.3862121350874531e-05,4.227675101924949e-06,4.227675101924949e-06
110,77.0,0.7,-0.35667494393873245,0.05,0.5,0.3,0.09,12,0.08333333333333333,0.2886751345948129,call,33.65589240527705,0.0008352616660931677,33.65874658651357,0.0028541812365219243,0.0028541812365219243,8.480480036459842e-05,2.594710215019931e-05,2.594710215019931e-05
110,77.0,0.7,-0.35667494393873245,0.05,0.5,0.3,0.09,26,0.038461538461538464,0.19611613513818404,call,33.593104353836495,0.0008316564479732536,33.59553042582187,0.0024260719853756996,0.0024260719853756996,7.22193447745067e-05,2.2055199867051815e-05,2.2055199867051815e-05
110,77.0,0.7,-0.35667494393873245,0.05,0.5,0.3,0.09,52,0.019230769230769232,0.1386750490563073,call,33.56581412347226,0.0008268500396242086,33.56860591662915,0.0027917931568950394,0.0027917931568950394,8.317370603988315e-05,2.5379937789954902e-05,2.5379937789954902e-05
110,77.0,0.7,-0.35667494393873245,0.05,0.5,0.3,0.09,126,0.007936507936507936,0.0890870806374748,call,33.55051085964704,0.0008334245969044305,33.552836258918894,0.002325399271853712,0.002325399271853712,6.931039832989821e-05,2.113999338048829e-05,2.113999338048829e-05
110,77.0,0.7,-0.35667494393873245,0.05,0.5,0.4,0.16000000000000003,12,0.08333333333333333,0.2886751345948129,call,33.72968810592297,0.0014830542009637807,33.74633439538602,0.01664628946305413,0.01664628946305413,0.0004935204088095623,0.000151329904209583,0.000151329904209583
110,77.0,0.7,-0.35667494393873245,0.05,0.5,0.4,0.16000000000000003,26,0.038461538461538464,0.19611613513818404,call,33.64789873367038,0.001459074173870405,33.666954535683004,0.019055802012623246,0.019055802012623246,0.0005663296291828979,0.0001732345637511204,0.0001732345637511204
110,77.0,0.7,-0.35667494393873245,0.05,0.5,0.4,0.16000000000000003,52,0.019230769230769232,0.1386750490563073,call,33.615833835557616,0.0014522351269315812,33.63369502348453,0.01786118792691127,0.01786118792691127,0.0005313325861344053,0.00016237443569919337,0.00016237443569919337
110,77.0,0.7,-0.35667494393873245,0.05,0.5,0.4,0.16000000000000003,126,0.007936507936507936,0.0890870806374748,call,33.59811247900748,0.00144991093910816,33.6143692955542,0.01625681654671496,0.01625681654671496,0.00048386100727748974,0.00014778924133377236,0.00014778924133377236
110,77.0,0.7,-0.35667494393873245,0.05,0.5,0.5,0.25,12,0.08333333333333333,0.2886751345948129,call,33.95434114747655,0.002219363178252119,34.014581183548486,0.06024003607193862,0.06024003607193862,0.0017741482837288272,0.0005476366915630784,0.0005476366915630784
110,77.0,0.7,-0.35667494393873245,0.05,0.5,0.5,0.25,26,0.038461538461538464,0.19611613513818404,call,33.83832956680521,0.002232277405106272,33.90035667746879,0.06202711066358546,0.06202711066358546,0.0018330429266943762,0.0005638828242144133,0.0005638828242144133
110,77.0,0.7,-0.35667494393873245,0.05,0.5,0.5,0.25,52,0.019230769230769232,0.1386750490563073,call,33.79032895140489,0.0022029686673438074,33.85279263400099,0.062463682596103354,0.062463682596103354,0.0018485668691161506,0.0005678516599645759,0.0005678516599645759
110,77.0,0.7,-0.35667494393873245,0.05,0.5,0.5,0.25,126,0.007936507936507936,0.0890870806374748,call,33.76757965201144,0.002202723650218147,33.82524905102027,0.05766939900883017,0.05766939900883017,0.0017078333597828638,0.0005242672637166379,0.0005242672637166379
110,77.0,0.7,-0.35667494393873245,0.05,0.5,0.6,0.36,12,0.08333333333333333,0.2886751345948129,call,34.37503254728276,0.003192665101677395,34.49769527183666,0.12266272455390492,0.12266272455390492,0.003568366790203986,0.001115115677762772,0.001115115677762772
110,77.0,0.7,-0.35667494393873245,0.05,0.5,0.6,0.36,26,0.038461538461538464,0.19611613513818404,call,34.20865708625681,0.0031682528654772353,34.3360780684421,0.12742098218529208,0.12742098218529208,0.0037248168457475915,0.001158372565320837,0.001158372565320837
110,77.0,0.7,-0.35667494393873245,0.05,0.5,0.6,0.36,52,0.019230769230769232,0.1386750490563073,call,34.14352146723961,0.0031694572949505814,34.268593250581276,0.12507178334166724,0.12507178334166724,0.0036631190330403515,0.0011370162121969749,0.0011370162121969749
110,77.0,0.7,-0.35667494393873245,0.05,0.5,0.6,0.36,126,0.007936507936507936,0.0890870806374748,call,34.09452564616151,0.0031133867072146155,34.229468243172526,0.13494259701101896,0.13494259701101896,0.00395789630310376,0.0012267508819183543,0.0012267508819183543
110,88.0,0.8,-0.2231435513142097,0.05,0.5,0.1,0.010000000000000002,12,0.08333333333333333,0.2886751345948129,call,22.92238273725302,9.651271779460378e-05,22.922317031844983,-6.570540803707559e-05,6.570540803707559e-05,-2.8664301085197574e-06,-5.973218912461417e-07,5.973218912461417e-07
110,88.0,0.8,-0.2231435513142097,0.05,0.5,0.1,0.010000000000000002,26,0.038461538461538464,0.19611613513818404,call,22.86137766337001,9.567542590606914e-05,22.861352226271357,-2.5437098653213752e-05,2.5437098653213752e-05,-1.1126669191931827e-06,-2.312463513928523e-07,2.312463513928523e-07
110,88.0,0.8,-0.2231435513142097,0.05,0.5,0.1,0.010000000000000002,52,0.019230769230769232,0.1386750490563073,call,22.835267597361437,9.510143804610416e-05,22.835231430026756,-3.616733468092548e-05,3.616733468092548e-05,-1.5838366915001484e-06,-3.2879395164477705e-07,3.2879395164477705e-07
110,88.0,0.8,-0.2231435513142097,0.05,0.5,0.1,0.010000000000000002,126,0.007936507936507936,0.0890870806374748,call,22.820159855150074,9.594863013119523e-05,22.819892596053368,-0.0002672590967058852,0.0002672590967058852,-1.1711534818436863e-05,-2.429628151871684e-06,2.429628151871684e-06
110,88.0,0.8,-0.2231435513142097,0.05,0.5,0.2,0.04000000000000001,12,0.08333333333333333,0.2886751345948129,call,22.92896525785845,0.0003694727736167005,22.930669543413597,0.0017042855551459013,0.0017042855551459013,7.432893442767946e-05,1.5493505046780922e-05,1.5493505046780922e-05
110,88.0,0.8,-0.2231435513142097,0.05,0.5,0.2,0.04000000000000001,26,0.038461538461538464,0.19611613513818404,call,22.866521341311344,0.00036740422168862427,22.867528744073315,0.0010074027619708659,0.0010074027619708659,4.405579436129018e-05,9.158206927007872e-06,9.158206927007872e-06
110,88.0,0.8,-0.2231435513142097,0.05,0.5,0.2,0.04000000000000001,52,0.019230769230769232,0.1386750490563073,call,22.83953034520522,0.00036729208092441384,22.84061549506582,0.0010851498606001542,0.0010851498606001542,4.751191658492065e-05,9.864998732728674e-06,9.864998732728674e-06
110,88.0,0.8,-0.2231435513142097,0.05,0.5,0.2,0.04000000000000001,126,0.007936507936507936,0.0890870806374748,call,22.82429317574706,0.00036818286455104154,22.824847640004087,0.0005544642570285419,0.0005544642570285419,2.4292724105809852e-05,5.040584154804926e-06,5.040584154804926e-06
110,88.0,0.8,-0.2231435513142097,0.05,0.5,0.3,0.09,12,0.08333333333333333,0.2886751345948129,call,23.076605385909037,0.0007849817676433184,23.097150951768356,0.02054556585931877,0.02054556585931877,0.0008903201105940928,0.00018677787144835245,0.00018677787144835245
110,88.0,0.8,-0.2231435513142097,0.05,0.5,0.3,0.09,26,0.038461538461538464,0.19611613513818404,call,22.990210973742535,0.0007820513276330206,23.008940311473943,0.018729337731407725,0.018729337731407725,0.0008146657615625529,0.00017026670664916114,0.00017026670664916114
110,88.0,0.8,-0.2231435513142097,0.05,0.5,0.3,0.09,52,0.019230769230769232,0.1386750490563073,call,22.952537583864586,0.0007767299355146714,22.971930395635365,0.01939281177077845,0.01939281177077845,0.0008449092698321693,0.00017629828882525866,0.00017629828882525866
110,88.0,0.8,-0.2231435513142097,0.05,0.5,0.3,0.09,126,0.007936507936507936,0.0890870806374748,call,22.93122904813814,0.000773712371654712,22.950416655402893,0.019187607264754547,0.019187607264754547,0.0008367456983869101,0.00017443279331595042,0.00017443279331595042
110,88.0,0.8,-0.2231435513142097,0.05,0.5,0.4,0.16000000000000003,12,0.08333333333333333,0.2886751345948129,call,23.53999792279517,0.001336049227243874,23.599747480976962,0.059749558181792395,0.059749558181792395,0.0025382142503901145,0.0005431778016526581,0.0005431778016526581
110,88.0,0.8,-0.2231435513142097,0.05,0.5,0.4,0.16000000000000003,26,0.038461538461538464,0.19611613513818404,call,23.40355877134203,0.0013283409441118704,23.462287765812878,0.05872899447084734,0.05872899447084734,0.002509404447615966,0.0005338999497349758,0.0005338999497349758
110,88.0,0.8,-0.2231435513142097,0.05,0.5,0.4,0.16000000000000003,52,0.019230769230769232,0.1386750490563073,call,23.34384225632527,0.001323496572762166,23.40459412670891,0.060751870383640494,0.060751870383640494,0.0026024794768812792,0.0005522897307603681,0.0005522897307603681
110,88.0,0.8,-0.2231435513142097,0.05,0.5,0.4,0.16000000000000003,126,0.007936507936507936,0.0890870806374748,call,23.311302874333848,0.0013189960035896306,23.371059933508175,0.059757059174327054,0.059757059174327054,0.0025634371230327337,0.0005432459924938824,0.0005432459924938824
110,88.0,0.8,-0.2231435513142097,0.05,0.5,0.5,0.25,12,0.08333333333333333,0.2886751345948129,call,24.302254761013593,0.002096693817537346,24.41208155693639,0.1098267959227961,0.1098267959227961,0.004519201901338947,0.0009984254174799645,0.0009984254174799645
110,88.0,0.8,-0.2231435513142097,0.05,0.5,0.5,0.25,26,0.038461538461538464,0.19611613513818404,call,24.100007947315937,0.002051466512772259,24.216128759954884,0.1161208126389468,0.1161208126389468,0.004818289391970072,0.0010556437512631528,0.0010556437512631528
110,88.0,0.8,-0.2231435513142097,0.05,0.5,0.5,0.25,52,0.019230769230769232,0.1386750490563073,call,24.012931351879182,0.002010416527526124,24.13345923453774,0.12052788265855696,0.12052788265855696,0.005019290685188454,0.0010957080241686997,0.0010957080241686997
110,88.0,0.8,-0.2231435513142097,0.05,0.5,0.5,0.25,126,0.007936507936507936,0.0890870806374748,call,23.964336856191494,0.0020113334122424205,24.085287781085324,0.12095092489382964,0.12095092489382964,0.005047121713388051,0.0010995538626711785,0.0010995538626711785
110,88.0,0.8,-0.2231435513142097,0.05,0.5,0.6,0.36,12,0.08333333333333333,0.2886751345948129,call,25.27748321915996,0.0030325134163154016,25.451783548731196,0.17430032957123487,0.17430032957123487,0.006895478005465266,0.0015845484506475896,0.0015845484506475896
110,88.0,0.8,-0.2231435513142097,0.05,0.5,0.6,0.36,26,0.038461538461538464,0.19611613513818404,call,25.011158043697794,0.0029532925492677144,25.195642053670344,0.1844840099725502,0.1844840099725502,0.00737606829920599,0.00167712736338682,0.00167712736338682
110,88.0,0.8,-0.2231435513142097,0.05,0.5,0.6,0.36,52,0.019230769230769232,0.1386750490563073,call,24.89576254991864,0.0028987027437049483,25.087096536968186,0.1913339870495463,0.1913339870495463,0.007685403757603383,0.0017393998822686028,0.0017393998822686028
110,88.0,0.8,-0.2231435513142097,0.05,0.5,0.6,0.36,126,0.007936507936507936,0.0890870806374748,call,24.826549185714605,0.002873185240004089,25.02370713496991,0.19715794925530616,0.19715794925530616,0.007941415771498055,0.0017923449932300561,0.0017923449932300561
110,99.0,0.9,-0.10536051565782628,0.05,0.5,0.1,0.010000000000000002,12,0.08333333333333333,0.2886751345948129,call,12.197735334841957,9.437980651851212e-05,12.198128936905047,0.0003936020630899151,0.0003936020630899151,3.226845412571127e-05,3.5782005735446826e-06,3.5782005735446826e-06
110,99.0,0.9,-0.10536051565782628,0.05,0.5,0.1,0.010000000000000002,26,0.038461538461538464,0.19611613513818404,call,12.135802764653828,9.39542411416197e-05,12.1361255329226,0.00032276826877186693,0.00032276826877186693,2.659636737933371e-05,2.934256988835154e-06,2.934256988835154e-06
110,99.0,0.9,-0.10536051565782628,0.05,0.5,0.1,0.010000000000000002,52,0.019230769230769232,0.1386750490563073,call,12.109251434774038,9.386487614091484e-05,12.109621378034248,0.000369943260210448,0.000369943260210448,3.055046484112841e-05,3.363120547367709e-06,3.363120547367709e-06
110,99.0,0.9,-0.10536051565782628,0.05,0.5,0.1,0.010000000000000002,126,0.007936507936507936,0.0890870806374748,call,12.093687069393813,9.328870357437234e-05,12.094073596212308,0.0003865268184952697,0.0003865268184952697,3.19610401920747e-05,3.5138801681388156e-06,3.5138801681388156e-06
110,99.0,0.9,-0.10536051565782628,0.05,0.5,0.2,0.04000000000000001,12,0.08333333333333333,0.2886751345948129,call,12.531934986115289,0.00032765866486500673,12.54569728364118,0.013762297525891753,0.013762297525891753,0.0010981781776828272,0.00012511179568992504,0.00012511179568992504
110,99.0,0.9,-0.10536051565782628,0.05,0.5,0.2,0.04000000000000001,26,0.038461538461538464,0.19611613513818404,call,12.431633101692702,0.0003202475348064947,12.446778601861544,0.015145500168841863,0.015145500168841863,0.0012183033431689388,0.00013768636517128967,0.00013768636517128967
110,99.0,0.9,-0.10536051565782628,0.05,0.5,0.2,0.04000000000000001,52,0.019230769230769232,0.1386750490563073,call,12.38979502967007,0.00031841526542173207,12.40493825218528,0.015143222515209942,0.015143222515209942,0.0012222334977250381,0.00013766565922918128,0.00013766565922918128
110,99.0,0.9,-0.10536051565782628,0.05,0.5,0.2,0.04000000000000001,126,0.007936507936507936,0.0890870806374748,call,12.365738389989627,0.00031854001851136656,12.38052447053558,0.014786080545952984,0.014786080545952984,0.0011957296911539617,0.00013441891405411804,0.00013441891405411804
110,99.0,0.9,-0.10536051565782628,0.05,0.5,0.3,0.09,12,0.08333333333333333,0.2886751345948129,call,13.471687303822613,0.0006948826757502062,13.512354632451498,0.040667328628885,0.040667328628885,0.003018725695729709,0.0003697029875353182,0.0003697029875353182
110,99.0,0.9,-0.10536051565782628,0.05,0.5,0.3,0.09,26,0.038461538461538464,0.19611613513818404,call,13.31052684708765,0.0006773444325748492,13.35247585992691,0.041949012839261,0.041949012839261,0.0031515666750966715,0.0003813546621751,0.0003813546621751
110,99.0,0.9,-0.10536051565782628,0.05,0.5,0.3,0.09,52,0.019230769230769232,0.1386750490563073,call,13.240091391077534,0.0006647775677376858,13.284527482278707,0.04443609120117209,0.04443609120117209,0.0033561770752668267,0.0004039644654652008,0.0004039644654652008
110,99.0,0.9,-0.10536051565782628,0.05,0.5,0.3,0.09,126,0.007936507936507936,0.0890870806374748,call,13.200487313056511,0.0006653120261225541,13.244788277361009,0.04430096430449737,0.04430096430449737,0.003356009763418324,0.00040273603913179427,0.00040273603913179427
110,99.0,0.9,-0.10536051565782628,0.05,0.5,0.4,0.16000000000000003,12,0.08333333333333333,0.2886751345948129,call,14.749620726426679,0.0012110415497959344,14.822780551040214,0.07315982461353521,0.07315982461353521,0.004960115651140495,0.0006650893146685019,0.0006650893146685019
110,99.0,0.9,-0.10536051565782628,0.05,0.5,0.4,0.16000000000000003,26,0.038461538461538464,0.19611613513818404,call,14.52352204170505,0.0011744144971572207,14.600852662868284,0.07733062116323453,0.07733062116323453,0.005324508816881719,0.0007030056469384956,0.0007030056469384956
110,99.0,0.9,-0.10536051565782628,0.05,0.5,0.4,0.16000000000000003,52,0.019230769230769232,0.1386750490563073,call,14.42567123437814,0.0011640806706429338,14.506176654955878,0.08050542057773846,0.08050542057773846,0.005580705346028142,0.0007318674597976224,0.0007318674597976224
110,99.0,0.9,-0.10536051565782628,0.05,0.5,0.4,0.16000000000000003,126,0.007936507936507936,0.0890870806374748,call,14.36924419455946,0.001157336210027704,14.45070156459011,0.08145737003065001,0.08145737003065001,0.005668869491513807,0.0007405215457331819,0.0007405215457331819
110,99.0,0.9,-0.10536051565782628,0.05,0.5,0.5,0.25,12,0.08333333333333333,0.2886751345948129,call,16.194197603938292,0.0018962563044906797,16.309285072847697,0.11508746890940458,0.11508746890940458,0.00710671017632984,0.0010462497173582234,0.0010462497173582234
110,99.0,0.9,-0.10536051565782628,0.05,0.5,0.5,0.25,26,0.038461538461538464,0.19611613513818404,call,15.904044989403731,0.001833082220185526,16.027254690465398,0.12320970106166662,0.12320970106166662,0.007747066934465831,0.0011200881914696966,0.0011200881914696966
110,99.0,0.9,-0.10536051565782628,0.05,0.5,0.5,0.25,52,0.019230769230769232,0.1386750490563073,call,15.783379111186736,0.001818739554559037,15.90666901517334,0.12328990398660444,0.12328990398660444,0.007811375695792585,0.0011208173089691314,0.0011208173089691314
110,99.0,0.9,-0.10536051565782628,0.05,0.5,0.5,0.25,126,0.007936507936507936,0.0890870806374748,call,15.70591808531958,0.0017744457253572432,15.835933022899074,0.13001493757949412,0.13001493757949412,0.008278085806459152,0.0011819539779954012,0.0011819539779954012
110,99.0,0.9,-0.10536051565782628,0.05,0.5,0.6,0.36,12,0.08333333333333333,0.2886751345948129,call,17.733809527818874,0.0028431609584299872,17.895942874376022,0.16213334655714817,0.16213334655714817,0.009142612381327938,0.0014739395141558924,0.0014739395141558924
110,99.0,0.9,-0.10536051565782628,0.05,0.5,0.6,0.36,26,0.038461538461538464,0.19611613513818404,call,17.377531377192,0.002699953594138418,17.555800757183036,0.1782693799910362,0.1782693799910362,0.010258613615568818,0.0016206307271912383,0.0016206307271912383
110,99.0,0.9,-0.10536051565782628,0.05,0.5,0.6,0.36,52,0.019230769230769232,0.1386750490563073,call,17.22843057305469,0.002694783715125459,17.41016568955283,0.1817351164981389,0.1817351164981389,0.010548559007015594,0.0016521374227103536,0.0016521374227103536
110,99.0,0.9,-0.10536051565782628,0.05,0.5,0.6,0.36,126,0.007936507936507936,0.0890870806374748,call,17.141604441650024,0.002643731079932183,17.324676022943493,0.18307158129346845,0.18307158129346845,0.010679956005089466,0.001664287102667895,0.001664287102667895
110,110.0,1.0,0.0,0.05,0.5,0.1,0.010000000000000002,12,0.08333333333333333,0.2886751345948129,call,2.6951539188183595,7.452630585987315e-05,2.6973550660675834,0.0022011472492238227,0.0022011472492238227,0.0008167055817683597,2.0010429538398387e-05,2.0010429538398387e-05
110,110.0,1.0,0.0,0.05,0.5,0.1,0.010000000000000002,26,0.038461538461538464,0.19611613513818404,call,2.6005753611992883,7.112830223895937e-05,2.603015224666774,0.0024398634674858144,0.0024398634674858144,0.0009382014087684966,2.2180576977143767e-05,2.2180576977143767e-05
110,110.0,1.0,0.0,0.05,0.5,0.1,0.010000000000000002,52,0.019230769230769232,0.1386750490563073,call,2.559983519543732,6.98130122571438e-05,2.562542740979852,0.002559221436119863,0.002559221436119863,0.0009997023092461138,2.326564941927148e-05,2.326564941927148e-05
110,110.0,1.0,0.0,0.05,0.5,0.1,0.010000000000000002,126,0.007936507936507936,0.0890870806374748,call,2.5363317051292373,6.925088258259059e-05,2.538760813140964,0.0024291080117264663,0.0024291080117264663,0.0009577248933229309,2.2082800106604238e-05,2.2082800106604238e-05
110,110.0,1.0,0.0,0.05,0.5,0.2,0.04000000000000001,12,0.08333333333333333,0.2886751345948129,call,4.52004138171144,0.00027130709790724637,4.5277115247061195,0.007670142994679274,0.007670142994679274,0.0016969187551497812,6.972857267890249e-05,6.972857267890249e-05
110,110.0,1.0,0.0,0.05,0.5,0.2,0.04000000000000001,26,0.038461538461538464,0.19611613513818404,call,4.369071661777875,0.00026354650541606325,4.376613339321417,0.007541677543541958,0.007541677543541958,0.001726151028722902,6.856070494129053e-05,6.856070494129053e-05
110,110.0,1.0,0.0,0.05,0.5,0.2,0.04000000000000001,52,0.019230769230769232,0.1386750490563073,call,4.304118080426196,0.00025835190093875283,4.311756523628822,0.007638443202625744,0.007638443202625744,0.0017746825388836407,6.944039275114313e-05,6.944039275114313e-05
110,110.0,1.0,0.0,0.05,0.5,0.2,0.04000000000000001,126,0.007936507936507936,0.0890870806374748,call,4.265629015283155,0.00025460238598348973,4.273636032045603,0.008007016762448416,0.008007016762448416,0.001877101063819753,7.279106147680378e-05,7.279106147680378e-05
110,110.0,1.0,0.0,0.05,0.5,0.3,0.09,12,0.08333333333333333,0.2886751345948129,call,6.373828847993838,0.0006144312171422537,6.3902518596011015,0.016423011607263227,0.016423011607263227,0.002576632036869388,0.00014930010552057478,0.00014930010552057478
110,110.0,1.0,0.0,0.05,0.5,0.3,0.09,26,0.038461538461538464,0.19611613513818404,call,6.16321126547395,0.0005904098968429205,6.181176477863752,0.017965212389801977,0.017965212389801977,0.002914911012452606,0.00016332011263456343,0.00016332011263456343
110,110.0,1.0,0.0,0.05,0.5,0.3,0.09,52,0.019230769230769232,0.1386750490563073,call,6.07196607066561,0.0005741431798385015,6.091413326256982,0.019447255591371615,0.019447255591371615,0.003202793850466922,0.00017679323264883286,0.00017679323264883286
110,110.0,1.0,0.0,0.05,0.5,0.3,0.09,126,0.007936507936507936,0.0890870806374748,call,6.020020912330783,0.0005736816223796547,6.038647867056027,0.018626954725244005,0.018626954725244005,0.0030941677772398585,0.00016933595204767277,0.00016933595204767277
110,110.0,1.0,0.0,0.05,0.5,0.4,0.16000000000000003,12,0.08333333333333333,0.2886751345948129,call,8.229126572941558,0.0011037893071029455,8.26387342166219,0.03474684872063172,0.03474684872063172,0.004222422442119665,0.0003158804429148338,0.0003158804429148338
110,110.0,1.0,0.0,0.05,0.5,0.4,0.16000000000000003,26,0.038461538461538464,0.19611613513818404,call,7.96085377489432,0.001066318912019797,7.9968909579168495,0.036037183022529895,0.036037183022529895,0.004526798763240478,0.00032761075475027176,0.00032761075475027176
110,110.0,1.0,0.0,0.05,0.5,0.4,0.16000000000000003,52,0.019230769230769232,0.1386750490563073,call,7.844488822359478,0.001039316213481335,7.8822486527047975,0.037759830345319045,0.037759830345319045,0.004813548874936325,0.00034327118495744587,0.00034327118495744587
110,110.0,1.0,0.0,0.05,0.5,0.4,0.16000000000000003,126,0.007936507936507936,0.0890870806374748,call,7.779113644600937,0.0010428881419876045,7.814853450513757,0.035739805912820444,0.035739805912820444,0.004594328807321836,0.00032490732648018586,0.00032490732648018586
110,110.0,1.0,0.0,0.05,0.5,0.5,0.25,12,0.08333333333333333,0.2886751345948129,call,10.083014463660792,0.0017739246662774996,10.145216155981391,0.06220169232059902,0.06220169232059902,0.00616895795843337,0.0005654699301872639,0.0005654699301872639
110,110.0,1.0,0.0,0.05,0.5,0.5,0.25,26,0.038461538461538464,0.19611613513818404,call,9.757916330201864,0.0017100046876858705,9.820780421869971,0.06286409166810714,0.06286409166810714,0.006442368384891312,0.0005714917424373376,0.0005714917424373376
110,110.0,1.0,0.0,0.05,0.5,0.5,0.25,52,0.019230769230769232,0.1386750490563073,call,9.614586025684744,0.001677106827078346,9.681449146839364,0.06686312115462023,0.06686312115462023,0.006954342181348186,0.000607846555951093,0.000607846555951093
110,110.0,1.0,0.0,0.05,0.5,0.5,0.25,126,0.007936507936507936,0.0890870806374748,call,9.53313969213814,0.0016497182323005949,9.59953476930171,0.06639507716356974,0.06639507716356974,0.00696466004986006,0.0006035916105779067,0.0006035916105779067
110,110.0,1.0,0.0,0.05,0.5,0.6,0.36,12,0.08333333333333333,0.2886751345948129,call,11.927663602103507,0.002640753648007645,12.033913393608879,0.1062497915053715,0.1062497915053715,0.008907846083673402,0.0009659071955033773,0.0009659071955033773
110,110.0,1.0,0.0,0.05,0.5,0.6,0.36,26,0.038461538461538464,0.19611613513818404,call,11.544872499272063,0.0025347027192447447,11.652706760618642,0.10783426134657859,0.10783426134657859,0.009340446276334177,0.0009803114667870782,0.0009803114667870782
110,110.0,1.0,0.0,0.05,0.5,0.6,0.36,52,0.019230769230769232,0.1386750490563073,call,11.380956935751334,0.0025037886236880303,11.488973698600091,0.10801676284875761,0.10801676284875761,0.009491008836826487,0.000981970571352342,0.000981970571352342
110,110.0,1.0,0.0,0.05,0.5,0.6,0.36,126,0.007936507936507936,0.0890870806374748,call,11.28617693202544,0.002491064597456495,11.392707434277197,0.10653050225175775,0.10653050225175775,0.009439024648769136,0.0009684591113796159,0.0009684591113796159
110,121.00000000000001,1.1,0.09531017980432493,0.05,0.5,0.1,0.010000000000000002,12,0.08333333333333333,0.2886751345948129,call,0.05946630663962165,4.303268309996436e-05,0.05745191829068269,-0.00201438834893896,0.00201438834893896,-0.033874448620906925,-1.8312621353990545e-05,1.8312621353990545e-05
110,121.00000000000001,1.1,0.09531017980432493,0.05,0.5,0.1,0.010000000000000002,26,0.038461538461538464,0.19611613513818404,call,0.04787958413727917,4.097098529927252e-05,0.045851083359248694,-0.002028500778030476,0.002028500778030476,-0.042366716724489675,-1.8440916163913417e-05,1.8440916163913417e-05
110,121.00000000000001,1.1,0.09531017980432493,0.05,0.5,0.1,0.010000000000000002,52,0.019230769230769232,0.1386750490563073,call,0.043302465375018556,3.8899575547662726e-05,0.04138229503119644,-0.0019201703438221154,0.0019201703438221154,-0.04434321065076985,-1.7456094034746505e-05,1.7456094034746505e-05
110,121.00000000000001,1.1,0.09531017980432493,0.05,0.5,0.1,0.010000000000000002,126,0.007936507936507936,0.0890870806374748,call,0.040780092370300634,4.018375438561125e-05,0.03889475263623642,-0.001885339734064212,0.001885339734064212,-0.04623186521856113,-1.7139452127856472e-05,1.7139452127856472e-05
110,121.00000000000001,1.1,0.09531017980432493,0.05,0.5,0.2,0.04000000000000001,12,0.08333333333333333,0.2886751345948129,call,0.934033005258408,0.00022960034129144706,0.9206679882203539,-0.01336501703805415,0.01336501703805415,-0.01430893444108713,-0.00012150015489140137,0.00012150015489140137
110,121.00000000000001,1.1,0.09531017980432493,0.05,0.5,0.2,0.04000000000000001,26,0.038461538461538464,0.19611613513818404,call,0.8464355593811753,0.0002230151265939961,0.8319333172074622,-0.014502242173713098,0.014502242173713098,-0.01713330922003751,-0.00013183856521557362,0.00013183856521557362
110,121.00000000000001,1.1,0.09531017980432493,0.05,0.5,0.2,0.04000000000000001,52,0.019230769230769232,0.1386750490563073,call,0.8101321894736361,0.00021884443334462385,0.7948790688857038,-0.015253120587932267,0.015253120587932267,-0.018827940410370086,-0.00013866473261756607,0.00013866473261756607
110,121.00000000000001,1.1,0.09531017980432493,0.05,0.5,0.2,0.04000000000000001,126,0.007936507936507936,0.0890870806374748,call,0.7886798097555356,0.00021517842114445745,0.7733997260434562,-0.01528008371207945,0.01528008371207945,-0.019374254955018773,-0.000138909851927995,0.000138909851927995
110,121.00000000000001,1.1,0.09531017980432493,0.05,0.5,0.3,0.09,12,0.08333333333333333,0.2886751345948129,call,2.4132684493072443,0.0005561191068923335,2.3922157425814836,-0.02105270672576065,0.02105270672576065,-0.008723731805222111,-0.00019138824296146046,0.00019138824296146046
110,121.00000000000001,1.1,0.09531017980432493,0.05,0.5,0.3,0.09,26,0.038461538461538464,0.19611613513818404,call,2.2484470021344194,0.0005323167397268427,2.2247791036326516,-0.02366789850176776,0.02366789850176776,-0.010526331498718962,-0.00021516271365243418,0.00021516271365243418
110,121.00000000000001,1.1,0.09531017980432493,0.05,0.5,0.3,0.09,52,0.019230769230769232,0.1386750490563073,call,2.1783897509039183,0.0005200549448293749,2.1537808204522975,-0.024608930451620825,0.024608930451620825,-0.01129684458045646,-0.0002237175495601893,0.0002237175495601893
110,121.00000000000001,1.1,0.09531017980432493,0.05,0.5,0.3,0.09,126,0.007936507936507936,0.0890870806374748,call,2.1370085727707955,0.0005092432159438048,2.1123063601352965,-0.024702212635498988,0.024702212635498988,-0.011559248264255055,-0.00022456556941362717,0.00022456556941362717
110,121.00000000000001,1.1,0.09531017980432493,0.05,0.5,0.4,0.16000000000000003,12,0.08333333333333333,0.2886751345948129,call,4.1153922191194905,0.001032709821759412,4.096783826461221,-0.018608392658269857,0.018608392658269857,-0.0045216571513689695,-0.00016916720598427143,0.00016916720598427143
110,121.00000000000001,1.1,0.09531017980432493,0.05,0.5,0.4,0.16000000000000003,26,0.038461538461538464,0.19611613513818404,call,3.8783974409870687,0.0009883841901871153,3.8573361072642935,-0.02106133372277519,0.02106133372277519,-0.0054304217252719176,-0.00019146667020704717,0.00019146667020704717
110,121.00000000000001,1.1,0.09531017980432493,0.05,0.5,0.4,0.16000000000000003,52,0.019230769230769232,0.1386750490563073,call,3.7792832322691696,0.0009667717759764381,3.755239893516154,-0.024043338753015675,0.024043338753015675,-0.0063618779740356995,-0.00021857580684559705,0.00021857580684559705
110,121.00000000000001,1.1,0.09531017980432493,0.05,0.5,0.4,0.16000000000000003,126,0.007936507936507936,0.0890870806374748,call,3.7212500666506276,0.0009660161043872011,3.695433012235919,-0.025817054414708718,0.025817054414708718,-0.006937737037905056,-0.00023470049467917017,0.00023470049467917017
110,121.00000000000001,1.1,0.09531017980432493,0.05,0.5,0.5,0.25,12,0.08333333333333333,0.2886751345948129,call,5.912945117303973,0.0016751372739254777,5.908812977670588,-0.004132139633385101,0.004132139633385101,-0.0006988293568449632,-3.7564905758046373e-05,3.7564905758046373e-05
110,121.00000000000001,1.1,0.09531017980432493,0.05,0.5,0.5,0.25,26,0.038461538461538464,0.19611613513818404,call,5.613641172777356,0.0016030327248578492,5.601701654836585,-0.011939517940771083,0.011939517940771083,-0.00212687586778262,-0.00010854107218882802,0.00010854107218882802
110,121.00000000000001,1.1,0.09531017980432493,0.05,0.5,0.5,0.25,52,0.019230769230769232,0.1386750490563073,call,5.484505273967348,0.0015951704865720933,5.470406545489109,-0.01409872847823923,0.01409872847823923,-0.0025706472642409513,-0.0001281702588930839,0.0001281702588930839
110,121.00000000000001,1.1,0.09531017980432493,0.05,0.5,0.5,0.25,126,0.007936507936507936,0.0890870806374748,call,5.407070582130719,0.0015534716903380366,5.393392546487351,-0.013678035643367892,0.013678035643367892,-0.0025296573136239517,-0.00012434577857607174,0.00012434577857607174
110,121.00000000000001,1.1,0.09531017980432493,0.05,0.5,0.6,0.36,12,0.08333333333333333,0.2886751345948129,call,7.766221500394994,0.00252986147516375,7.7806712765179205,0.01444977612292675,0.01444977612292675,0.0018605928407001819,0.0001313616011175159,0.0001313616011175159
110,121.00000000000001,1.1,0.09531017980432493,0.05,0.5,0.6,0.36,26,0.038461538461538464,0.19611613513818404,call,7.391317108303297,0.0023905386309257142,7.408843241138091,0.017526132834793984,0.017526132834793984,0.0023711785840043833,0.00015932848031630895,0.00015932848031630895
110,121.00000000000001,1.1,0.09531017980432493,0.05,0.5,0.6,0.36,52,0.019230769230769232,0.1386750490563073,call,7.238613129853406,0.0023897256834206023,7.249639627040834,0.011026497187427431,0.011026497187427431,0.0015232886451621618,0.00010024088352206755,0.00010024088352206755
110,121.00000000000001,1.1,0.09531017980432493,0.05,0.5,0.6,0.36,126,0.007936507936507936,0.0890870806374748,call,7.140279454864317,0.0023297129223207877,7.156184413750523,0.01590495888620591,0.01590495888620591,0.0022274980953820587,0.00014459053532914464,0.00014459053532914464
110,132.0,1.2,0.1823215567939546,0.05,0.5,0.1,0.010000000000000002,12,0.08333333333333333,0.2886751345948129,call,7.437105401467088e-05,4.734726279862269e-06,6.221813138126998e-05,-1.2152922633400901e-05,1.2152922633400901e-05,-0.1634093101733309,-1.104811148490991e-07,1.104811148490991e-07
110,132.0,1.2,0.1823215567939546,0.05,0.5,0.1,0.010000000000000002,26,0.038461538461538464,0.19611613513818404,call,4.592014914240345e-05,4.083252325232318e-06,3.278104684530981e-05,-1.3139102297093645e-05,1.3139102297093645e-05,-0.28612934719240213,-1.1944638451903314e-07,1.1944638451903314e-07
110,132.0,1.2,0.1823215567939546,0.05,0.5,0.1,0.010000000000000002,52,0.019230769230769232,0.1386750490563073,call,3.697382045948607e-05,3.5818992079642595e-06,2.4440828323373857e-05,-1.2532992136112213e-05,1.2532992136112213e-05,-0.338969356705921,-1.1393629214647466e-07,1.1393629214647466e-07
110,132.0,1.2,0.1823215567939546,0.05,0.5,0.1,0.010000000000000002,126,0.007936507936507936,0.0890870806374748,call,3.3529068162960184e-05,5.1468522224868435e-06,2.0452436283186793e-05,-1.307663187977339e-05,1.307663187977339e-05,-0.39000880717046726,-1.1887847163430355e-07,1.1887847163430355e-07
110,132.0,1.2,0.1823215567939546,0.05,0.5,0.2,0.04000000000000001,12,0.08333333333333333,0.2886751345948129,call,0.11035949304722326,0.00015608510407831138,0.10278091327015118,-0.007578579777072075,0.007578579777072075,-0.06867175235961959,-6.889617979156433e-05,6.889617979156433e-05
110,132.0,1.2,0.1823215567939546,0.05,0.5,0.2,0.04000000000000001,26,0.038461538461538464,0.19611613513818404,call,0.09064355131249671,0.0001538793581126764,0.08280173654346198,-0.007841814769034727,0.007841814769034727,-0.08651266036565365,-7.128922517304297e-05,7.128922517304297e-05
110,132.0,1.2,0.1823215567939546,0.05,0.5,0.2,0.04000000000000001,52,0.019230769230769232,0.1386750490563073,call,0.08236612564761538,0.00015135390704613513,0.07506043628539688,-0.007305689362218495,0.007305689362218495,-0.08869774199983882,-6.641535783834996e-05,6.641535783834996e-05
110,132.0,1.2,0.1823215567939546,0.05,0.5,0.2,0.04000000000000001,126,0.007936507936507936,0.0890870806374748,call,0.07809215506089281,0.00015071185619033444,0.07073840009517562,-0.007353754965717191,0.007353754965717191,-0.09416765307581866,-6.685231787015628e-05,6.685231787015628e-05
110,132.0,1.2,0.1823215567939546,0.05,0.5,0.3,0.09,12,0.08333333333333333,0.2886751345948129,call,0.7450120621312849,0.000485669345661772,0.7159285768037531,-0.0290834853275318,0.0290834853275318,-0.03903760328971258,-0.00026439532115938,0.00026439532115938
110,132.0,1.2,0.1823215567939546,0.05,0.5,0.3,0.09,26,0.038461538461538464,0.19611613513818404,call,0.6606127806381186,0.0004714951449390072,0.6284248827683424,-0.03218789786977616,0.03218789786977616,-0.04872430387841464,-0.00029261725336160145,0.00029261725336160145
110,132.0,1.2,0.1823215567939546,0.05,0.5,0.3,0.09,52,0.019230769230769232,0.1386750490563073,call,0.6247554277005045,0.0004599535348091501,0.5925280412173217,-0.032227386483182796,0.032227386483182796,-0.051584004002654255,-0.00029297624075620726,0.00029297624075620726
110,132.0,1.2,0.1823215567939546,0.05,0.5,0.3,0.09,126,0.007936507936507936,0.0890870806374748,call,0.604119092820897,0.0004524419976159873,0.5719045070669454,-0.03221458575395164,0.03221458575395164,-0.05332489261931387,-0.00029285987049046944,0.00029285987049046944
110,132.0,1.2,0.1823215567939546,0.05,0.5,0.4,0.16000000000000003,12,0.08333333333333333,0.2886751345948129,call,1.8727311586220636,0.0009581798319389438,1.8253809265250163,-0.04735023209704736,0.04735023209704736,-0.02528405205362588,-0.0004304566554277033,0.0004304566554277033
110,132.0,1.2,0.1823215567939546,0.05,0.5,0.4,0.16000000000000003,26,0.038461538461538464,0.19611613513818404,call,1.709936238383453,0.0009165907489541385,1.6567290728803314,-0.053207165503121656,0.053207165503121656,-0.03111646171872635,-0.00048370150457383325,0.00048370150457383325
110,132.0,1.2,0.1823215567939546,0.05,0.5,0.4,0.16000000000000003,52,0.019230769230769232,0.1386750490563073,call,1.6413173684677074,0.0008963259587602056,1.586140212513568,-0.05517715595413941,0.05517715595413941,-0.03361760316083867,-0.0005016105086739946,0.0005016105086739946
110,132.0,1.2,0.1823215567939546,0.05,0.5,0.4,0.16000000000000003,126,0.007936507936507936,0.0890870806374748,call,1.6012512358786293,0.0008868447714422541,1.5451741483334263,-0.05607708754520302,0.05607708754520302,-0.035020792670572225,-0.0005097917049563911,0.0005097917049563911
110,132.0,1.2,0.1823215567939546,0.05,0.5,0.5,0.25,12,0.08333333333333333,0.2886751345948129,call,3.3015024590775406,0.0015922907008982152,3.248818287403639,-0.05268417167390149,0.05268417167390149,-0.01595763514549123,-0.0004789470152172863,0.0004789470152172863
110,132.0,1.2,0.1823215567939546,0.05,0.5,0.5,0.25,26,0.038461538461538464,0.19611613513818404,call,3.063078409504472,0.0015226022927476894,3.000089442653842,-0.06298896685063005,0.06298896685063005,-0.020563942031382752,-0.0005726269713693641,0.0005726269713693641
110,132.0,1.2,0.1823215567939546,0.05,0.5,0.5,0.25,52,0.019230769230769232,0.1386750490563073,call,2.9589039381279645,0.0014960086419514974,2.8950031325483097,-0.06390080557965483,0.06390080557965483,-0.021596106840860642,-0.0005809164143604984,0.0005809164143604984
110,132.0,1.2,0.1823215567939546,0.05,0.5,0.5,0.25,126,0.007936507936507936,0.0890870806374748,call,2.9009456897344768,0.0014783452542283613,2.833728091772098,-0.06721759796237858,0.06721759796237858,-0.0231709260191393,-0.0006110690723852599,0.0006110690723852599
110,132.0,1.2,0.1823215567939546,0.05,0.5,0.6,0.36,12,0.08333333333333333,0.2886751345948129,call,4.910818099281535,0.002417076134206214,4.86620025856923,-0.04461784071230479,0.04461784071230479,-0.009085622763920434,-0.00040561673374822535,0.00040561673374822535
110,132.0,1.2,0.1823215567939546,0.05,0.5,0.6,0.36,26,0.038461538461538464,0.19611613513818404,call,4.595789218663148,0.002282592048131735,4.541090756497129,-0.05469846216601937,0.05469846216601937,-0.011901864851393338,-0.0004972587469638124,0.0004972587469638124
110,132.0,1.2,0.1823215567939546,0.05,0.5,0.6,0.36,52,0.019230769230769232,0.1386750490563073,call,4.4625480510326705,0.0022740586232761905,4.403021601870377,-0.059526449162293105,0.059526449162293105,-0.013339116684361123,-0.0005411495378390282,0.0005411495378390282
110,132.0,1.2,0.1823215567939546,0.05,0.5,0.6,0.36,126,0.007936507936507936,0.0890870806374748,call,4.387323263487105,0.0022338584672015717,4.322304872308173,-0.06501839117893216,0.06501839117893216,-0.014819603497202674,-0.0005910762834448378,0.0005910762834448378
110,143.0,1.3,0.26236426446749106,0.05,0.5,0.1,0.010000000000000002,12,0.08333333333333333,0.2886751345948129,call,0.0,0.0,4.718061330282424e-09,4.718061330282424e-09,4.718061330282424e-09,4718.061330282424,4.2891466638931126e-11,4.2891466638931126e-11
110,143.0,1.3,0.26236426446749106,0.05,0.5,0.1,0.010000000000000002,26,0.038461538461538464,0.19611613513818404,call,0.0,0.0,1.352918497093784e-09,1.352918497093784e-09,1.352918497093784e-09,1352.918497093784,1.2299259064488945e-11,1.2299259064488945e-11
110,143.0,1.3,0.26236426446749106,0.05,0.5,0.1,0.010000000000000002,52,0.019230769230769232,0.1386750490563073,call,0.0,0.0,7.623064140906397e-10,7.623064140906397e-10,7.623064140906397e-10,762.3064140906397,6.930058309914906e-12,6.930058309914906e-12
110,143.0,1.3,0.26236426446749106,0.05,0.5,0.1,0.010000000000000002,126,0.007936507936507936,0.0890870806374748,call,0.0,0.0,5.380081307236975e-10,5.380081307236975e-10,5.380081307236975e-10,538.0081307236975,4.890983006579067e-12,4.890983006579067e-12
110,143.0,1.3,0.26236426446749106,0.05,0.5,0.2,0.04000000000000001,12,0.08333333333333333,0.2886751345948129,call,0.008095888811050889,7.702867072352248e-05,0.006689020179046279,-0.0014068686320046096,0.0014068686320046096,-0.1737756860104395,-1.2789714836405542e-05,1.2789714836405542e-05
110,143.0,1.3,0.26236426446749106,0.05,0.5,0.2,0.04000000000000001,26,0.038461538461538464,0.19611613513818404,call,0.005945720845077665,7.439928229337908e-05,0.00460343193679181,-0.001342288908285855,0.001342288908285855,-0.22575713580584722,-1.2202626438962318e-05,1.2202626438962318e-05
110,143.0,1.3,0.26236426446749106,0.05,0.5,0.2,0.04000000000000001,52,0.019230769230769232,0.1386750490563073,call,0.004781528434644413,6.15553266584088e-05,0.0038817508486915027,-0.0008997775859529099,0.0008997775859529099,-0.18817781766884412,-8.179796235935545e-06,8.179796235935545e-06
110,143.0,1.3,0.26236426446749106,0.05,0.5,0.2,0.04000000000000001,126,0.007936507936507936,0.0890870806374748,call,0.004496488716295101,7.08079435942618e-05,0.0035008919398135325,-0.0009955967764815688,0.0009955967764815688,-0.22141649613698897,-9.050879786196079e-06,9.050879786196079e-06
110,143.0,1.3,0.26236426446749106,0.05,0.5,0.3,0.09,12,0.08333333333333333,0.2886751345948129,call,0.19361176862255372,0.0003742399907414281,0.17582503758059131,-0.017786731041962406,0.017786731041962406,-0.09186802624915663,-0.00016169755492693097,0.00016169755492693097
110,143.0,1.3,0.26236426446749106,0.05,0.5,0.3,0.09,26,0.038461538461538464,0.19611613513818404,call,0.16111743538425163,0.0003608888372074094,0.14325907900248114,-0.017858356381770496,0.017858356381770496,-0.11084061969568847,-0.00016234869437973179,0.00016234869437973179
110,143.0,1.3,0.26236426446749106,0.05,0.5,0.3,0.09,52,0.019230769230769232,0.1386750490563073,call,0.14831517186997037,0.0003545529734800527,0.13054507197013746,-0.017770099899832914,0.017770099899832914,-0.11981309582685287,-0.00016154636272575377,0.00016154636272575377
110,143.0,1.3,0.26236426446749106,0.05,0.5,0.3,0.09,126,0.007936507936507936,0.0890870806374748,call,0.14141661247019566,0.0003491178789232673,0.12341970434692508,-0.01799690812327058,0.01799690812327058,-0.1272616265437947,-0.0001636082556660962,0.0001636082556660962
110,143.0,1.3,0.26236426446749106,0.05,0.5,0.4,0.16000000000000003,12,0.08333333333333333,0.2886751345948129,call,0.7885736931693784,0.0008426726886259865,0.7416709525115438,-0.04690274065783462,0.04690274065783462,-0.05947794234591635,-0.00042638855143486016,0.00042638855143486016
110,143.0,1.3,0.26236426446749106,0.05,0.5,0.4,0.16000000000000003,26,0.038461538461538464,0.19611613513818404,call,0.693234198854757,0.0008190335424123873,0.643511514770378,-0.049722684084378965,0.049722684084378965,-0.07172566524635149,-0.0004520244007670815,0.0004520244007670815
110,143.0,1.3,0.26236426446749106,0.05,0.5,0.4,0.16000000000000003,52,0.019230769230769232,0.1386750490563073,call,0.6535907357631731,0.000800730977305419,0.6035463286859383,-0.05004440707723479,0.05004440707723479,-0.07656841558318576,-0.000454949155247589,0.000454949155247589
110,143.0,1.3,0.26236426446749106,0.05,0.5,0.4,0.16000000000000003,126,0.007936507936507936,0.0890870806374748,call,0.6307876533832235,0.0007931430752196868,0.580672218509038,-0.05011543487418546,0.05011543487418546,-0.07944897875757682,-0.0004555948624925951,0.0004555948624925951
110,143.0,1.3,0.26236426446749106,0.05,0.5,0.5,0.25,12,0.08333333333333333,0.2886751345948129,call,1.7758951302346202,0.0014997418605464136,1.7014169692624757,-0.07447816097214455,0.07447816097214455,-0.04193837783783154,-0.0006770741906558595,0.0006770741906558595
110,143.0,1.3,0.26236426446749106,0.05,0.5,0.5,0.25,26,0.038461538461538464,0.19611613513818404,call,1.6032870190312107,0.001417019238208993,1.5231816212040732,-0.08010539782713755,0.08010539782713755,-0.04996322983737583,-0.000728230889337614,0.000728230889337614
110,143.0,1.3,0.26236426446749106,0.05,0.5,0.5,0.25,52,0.019230769230769232,0.1386750490563073,call,1.5343219832045591,0.001418914652664268,1.449187582311223,-0.08513440089333613,0.08513440089333613,-0.055486659140166816,-0.0007739490990303284,0.0007739490990303284
110,143.0,1.3,0.26236426446749106,0.05,0.5,0.5,0.25,126,0.007936507936507936,0.0890870806374748,call,1.4904775650682078,0.0014059431671380493,1.406421006705372,-0.08405655836283588,0.08405655836283588,-0.056395721970487526,-0.0007641505305712353,0.0007641505305712353
110,143.0,1.3,0.26236426446749106,0.05,0.5,0.6,0.36,12,0.08333333333333333,0.2886751345948129,call,3.049054277479162,0.002308011569522379,2.9610826945333653,-0.08797158294579654,0.08797158294579654,-0.028852088201764645,-0.000799741663143605,0.000799741663143605
110,143.0,1.3,0.26236426446749106,0.05,0.5,0.6,0.36,26,0.038461538461538464,0.19611613513818404,call,2.794316221005159,0.0022046411958470406,2.700112383094703,-0.09420383791045595,0.09420383791045595,-0.033712661867800114,-0.0008563985264586904,0.0008563985264586904
110,143.0,1.3,0.26236426446749106,0.05,0.5,0.6,0.36,52,0.019230769230769232,0.1386750490563073,call,2.692389341837857,0.0021695677367674555,2.5906127030085715,-0.10177663882928556,0.10177663882928556,-0.03780160515708015,-0.0009252421711753233,0.0009252421711753233
110,143.0,1.3,0.26236426446749106,0.05,0.5,0.6,0.36,126,0.007936507936507936,0.0890870806374748,call,2.6328911695709576,0.0021606774597083722,2.526985670091688,-0.10590549947926942,0.10590549947926942,-0.04022403231217766,-0.0009627772679933584,0.0009627772679933584
110,77.0,0.7,-0.35667494393873245,0.05,1.0,0.1,0.010000000000000002,12,0.08333333333333333,0.2886751345948129,call,34.27458184429305,0.00020084194956771935,34.27428744682632,-0.00029439746673176614,0.00029439746673176614,-8.589381719350875e-06,-2.6763406066524193e-06,2.6763406066524193e-06
110,77.0,0.7,-0.35667494393873245,0.05,1.0,0.1,0.010000000000000002,26,0.038461538461538464,0.19611613513818404,call,34.15390466227593,0.00019815874366503356,34.15380200386193,-0.0001026584140007003,0.0001026584140007003,-3.005759224774372e-06,-9.332583090972755e-07,9.332583090972755e-07
110,77.0,0.7,-0.35667494393873245,0.05,1.0,0.1,0.010000000000000002,52,0.019230769230769232,0.1386750490563073,call,34.101832919390674,0.00019565701652762225,34.10219294116441,0.0003600217737371736,0.0003600217737371736,1.0557255810506926e-05,3.272925215792487e-06,3.272925215792487e-06
110,77.0,0.7,-0.35667494393873245,0.05,1.0,0.1,0.010000000000000002,126,0.007936507936507936,0.0890870806374748,call,34.071791317872666,0.0001964689467405556,34.071890563157716,9.924528504967611e-05,9.924528504967611e-05,2.9128285074232683e-06,9.022298640879646e-07,9.022298640879646e-07
110,77.0,0.7,-0.35667494393873245,0.05,1.0,0.2,0.04000000000000001,12,0.08333333333333333,0.2886751345948129,call,34.27648186662764,0.0007677932811539482,34.277131638339604,0.0006497717119628987,0.0006497717119628987,1.8956779592818455e-05,5.907015563299079e-06,5.907015563299079e-06
110,77.0,0.7,-0.35667494393873245,0.05,1.0,0.2,0.04000000000000001,26,0.038461538461538464,0.19611613513818404,call,34.15434939700382,0.0007506662405405243,34.15578055275062,0.0014311557468005276,0.0014311557468005276,4.1902591384922566e-05,1.3010506789095706e-05,1.3010506789095706e-05
110,77.0,0.7,-0.35667494393873245,0.05,1.0,0.2,0.04000000000000001,52,0.019230769230769232,0.1386750490563073,call,34.102686593595884,0.000750786045410097,34.10387011331483,0.001183519718942705,0.001183519718942705,3.470458890957163e-05,1.0759270172206408e-05,1.0759270172206408e-05
110,77.0,0.7,-0.35667494393873245,0.05,1.0,0.2,0.04000000000000001,126,0.007936507936507936,0.0890870806374748,call,34.07287430046356,0.0007538776763322946,34.07340816573341,0.0005338652698512192,0.0005338652698512192,1.5668336787306376e-05,4.853320635011084e-06,4.853320635011084e-06
110,77.0,0.7,-0.35667494393873245,0.05,1.0,0.3,0.09,12,0.08333333333333333,0.2886751345948129,call,34.36555867522926,0.0016639728437772337,34.39024019434199,0.02468151911273253,0.02468151911273253,0.0007182050885883896,0.00022437744647938663,0.00022437744647938663
110,77.0,0.7,-0.35667494393873245,0.05,1.0,0.3,0.09,26,0.038461538461538464,0.19611613513818404,call,34.2227158748921,0.0016364261863028608,34.249041646485395,0.026325771593292302,0.026325771593292302,0.0007692484632000383,0.0002393251963026573,0.0002393251963026573
110,77.0,0.7,-0.35667494393873245,0.05,1.0,0.3,0.09,52,0.019230769230769232,0.1386750490563073,call,34.16359806186274,0.0016402332234541131,34.18931110884263,0.025713046979888077,0.025713046979888077,0.0007526445819122277,0.00023375497254443707,0.00023375497254443707
110,77.0,0.7,-0.35667494393873245,0.05,1.0,0.3,0.09,126,0.007936507936507936,0.0890870806374748,call,34.13325042238879,0.0016339384923494088,34.15444694758337,0.0211965251945756,0.0211965251945756,0.0006209934574725502,0.0001926956835870509,0.0001926956835870509
110,77.0,0.7,-0.35667494393873245,0.05,1.0,0.4,0.16000000000000003,12,0.08333333333333333,0.2886751345948129,call,34.755896506598006,0.002916359617888709,34.85031691500753,0.09442040840952615,0.09442040840952615,0.0027166730799650504,0.0008583673491775104,0.0008583673491775104
110,77.0,0.7,-0.35667494393873245,0.05,1.0,0.4,0.16000000000000003,26,0.038461538461538464,0.19611613513818404,call,34.560987612820234,0.002869741364692508,34.6569759511357,0.09598833831546472,0.09598833831546472,0.0027773609767985418,0.0008726212574133156,0.0008726212574133156
110,77.0,0.7,-0.35667494393873245,0.05,1.0,0.4,0.16000000000000003,52,0.019230769230769232,0.1386750490563073,call,34.47880308195417,0.002821815056451987,34.575601877083564,0.09679879512939493,0.09679879512939493,0.0028074871073485255,0.000879989046630863,0.000879989046630863
110,77.0,0.7,-0.35667494393873245,0.05,1.0,0.4,0.16000000000000003,126,0.007936507936507936,0.0890870806374748,call,34.43686816163051,0.0028480472130402302,34.5282333309851,0.09136516935459582,0.09136516935459582,0.002653120746223802,0.0008305924486781438,0.0008305924486781438
110,77.0,0.7,-0.35667494393873245,0.05,1.0,0.5,0.25,12,0.08333333333333333,0.2886751345948129,call,35.505390541860265,0.004584264249295541,35.70830497878538,0.2029144369251128,0.2029144369251128,0.0057150318255443505,0.0018446766993192073,0.0018446766993192073
110,77.0,0.7,-0.35667494393873245,0.05,1.0,0.5,0.25,26,0.038461538461538464,0.19611613513818404,call,35.22607923138179,0.004387376100126686,35.44538294147846,0.21930371009666771,0.21930371009666771,0.00622560656427801,0.0019936700917878884,0.0019936700917878884
110,77.0,0.7,-0.35667494393873245,0.05,1.0,0.5,0.25,52,0.019230769230769232,0.1386750490563073,call,35.11504247375765,0.004391288219536967,35.33446874797266,0.21942627421501015,0.21942627421501015,0.006248782822318752,0.001994784311045547,0.001994784311045547
110,77.0,0.7,-0.35667494393873245,0.05,1.0,0.5,0.25,126,0.007936507936507936,0.0890870806374748,call,35.05615888624005,0.00445129179864892,35.26983859331104,0.2136797070709946,0.2136797070709946,0.006095354250430054,0.0019425427915544962,0.0019425427915544962
110,77.0,0.7,-0.35667494393873245,0.05,1.0,0.6,0.36,12,0.08333333333333333,0.2886751345948129,call,36.54964707528178,0.006876902211426622,36.893820904051594,0.3441738287698115,0.3441738287698115,0.009416611549241836,0.003128852988816468,0.003128852988816468
110,77.0,0.7,-0.35667494393873245,0.05,1.0,0.6,0.36,26,0.038461538461538464,0.19611613513818404,call,36.19177817015398,0.006495196685959573,36.556092319301094,0.3643141491471127,0.3643141491471127,0.010066213034195404,0.003311946810428297,0.003311946810428297
110,77.0,0.7,-0.35667494393873245,0.05,1.0,0.6,0.36,52,0.019230769230769232,0.1386750490563073,call,36.046352857870176,0.00647288181618231,36.41309531656681,0.3667424586966348,0.3667424586966348,0.010174190441476582,0.003334022351787589,0.003334022351787589
110,77.0,0.7,-0.35667494393873245,0.05,1.0,0.6,0.36,126,0.007936507936507936,0.0890870806374748,call,35.95181853076297,0.006435711727204634,36.329620777156485,0.37780224639351445,0.37780224639351445,0.010508571244323554,0.003434565876304677,0.003434565876304677
110,88.0,0.8,-0.2231435513142097,0.05,1.0,0.1,0.010000000000000002,12,0.08333333333333333,0.2886751345948129,call,23.81116554405669,0.00020150755925089567,23.810796087906,-0.0003694561506897287,0.0003694561506897287,-1.5516088450443186e-05,-3.3586922789975336e-06,3.3586922789975336e-06
110,88.0,0.8,-0.2231435513142097,0.05,1.0,0.1,0.010000000000000002,26,0.038461538461538464,0.19611613513818404,call,23.690232678806176,0.00019686424535181898,23.69029719237727,6.451357109327205e-05,6.451357109327205e-05,2.723213907096293e-06,5.864870099388368e-07,5.864870099388368e-07
110,88.0,0.8,-0.2231435513142097,0.05,1.0,0.1,0.010000000000000002,52,0.019230769230769232,0.1386750490563073,call,23.638789680243825,0.0001976072286961689,23.63868402233635,-0.00010565790747563142,0.00010565790747563142,-4.46968346962092e-06,-9.605264315966492e-07,9.605264315966492e-07
110,88.0,0.8,-0.2231435513142097,0.05,1.0,0.1,0.010000000000000002,126,0.007936507936507936,0.0890870806374748,call,23.608287952320104,0.00019588065899938,23.60837960555792,9.165323781701318e-05,9.165323781701318e-05,3.882248386758005e-06,8.33211252881938e-07,8.33211252881938e-07
110,88.0,0.8,-0.2231435513142097,0.05,1.0,0.2,0.04000000000000001,12,0.08333333333333333,0.2886751345948129,call,23.89309236452113,0.0007329005723913742,23.90323973600564,0.010147371484510614,0.010147371484510614,0.00042469896025591286,9.224883167736923e-05,9.224883167736923e-05
110,88.0,0.8,-0.2231435513142097,0.05,1.0,0.2,0.04000000000000001,26,0.038461538461538464,0.19611613513818404,call,23.75561286895019,0.0007225146184698921,23.767255439173525,0.011642570223333593,0.011642570223333593,0.0004900976576592992,0.00010584154748485084,0.00010584154748485084
110,88.0,0.8,-0.2231435513142097,0.05,1.0,0.2,0.04000000000000001,52,0.019230769230769232,0.1386750490563073,call,23.69709960176899,0.000717587361429946,23.709514064987673,0.01241446321868267,0.01241446321868267,0.0005238811258469762,0.00011285875653347882,0.00011285875653347882
110,88.0,0.8,-0.2231435513142097,0.05,1.0,0.2,0.04000000000000001,126,0.007936507936507936,0.0890870806374748,call,23.664364845630598,0.0007149024706338206,23.67575154073267,0.011386695102071798,0.011386695102071798,0.00048117476113770463,0.00010351541001883452,0.00010351541001883452
110,88.0,0.8,-0.2231435513142097,0.05,1.0,0.3,0.09,12,0.08333333333333333,0.2886751345948129,call,24.46936138577915,0.0015600514893356527,24.530958262359434,0.06159687658028545,0.06159687658028545,0.0025173062594140154,0.0005599716052753223,0.0005599716052753223
110,88.0,0.8,-0.2231435513142097,0.05,1.0,0.3,0.09,26,0.038461538461538464,0.19611613513818404,call,24.268853768777976,0.0015296319931368705,24.334182365509097,0.06532859673112057,0.06532859673112057,0.0026918698902527564,0.0005938963339192779,0.0005938963339192779
110,88.0,0.8,-0.2231435513142097,0.05,1.0,0.3,0.09,52,0.019230769230769232,0.1386750490563073,call,24.182110244456624,0.0015080749057972596,24.250944166288978,0.06883392183235415,0.06883392183235415,0.00284648118532721,0.0006257629257486741,0.0006257629257486741
110,88.0,0.8,-0.2231435513142097,0.05,1.0,0.3,0.09,126,0.007936507936507936,0.0890870806374748,call,24.132420443846442,0.0015084284723986948,24.202372834903233,0.06995239105679119,0.06995239105679119,0.002898689388391973,0.0006359308277890108,0.0006359308277890108
110,88.0,0.8,-0.2231435513142097,0.05,1.0,0.4,0.16000000000000003,12,0.08333333333333333,0.2886751345948129,call,25.5779959033183,0.0026827754773168723,25.729771060066064,0.15177515674776387,0.15177515674776387,0.005933817384342989,0.001379774152252399,0.001379774152252399
110,88.0,0.8,-0.2231435513142097,0.05,1.0,0.4,0.16000000000000003,26,0.038461538461538464,0.19611613513818404,call,25.299617446158052,0.002682604779887846,25.45449758538929,0.15488013923123845,0.15488013923123845,0.006121837200141468,0.0014080012657385313,0.0014080012657385313
110,88.0,0.8,-0.2231435513142097,0.05,1.0,0.4,0.16000000000000003,52,0.019230769230769232,0.1386750490563073,call,25.176929356727783,0.0025735374686247257,25.337669829536665,0.16074047280888237,0.16074047280888237,0.006384435152173523,0.0014612770255352943,0.0014612770255352943
110,88.0,0.8,-0.2231435513142097,0.05,1.0,0.4,0.16000000000000003,126,0.007936507936507936,0.0890870806374748,call,25.11049986841551,0.0026333345565717455,25.269390594754555,0.15889072633904533,0.15889072633904533,0.006327660826015705,0.0014444611485367757,0.0014444611485367757
110,88.0,0.8,-0.2231435513142097,0.05,1.0,0.5,0.25,12,0.08333333333333333,0.2886751345948129,call,27.055004772043862,0.004287300497188172,27.307070353108784,0.2520655810649224,0.2520655810649224,0.009316781985024213,0.0022915052824083854,0.0022915052824083854
110,88.0,0.8,-0.2231435513142097,0.05,1.0,0.5,0.25,26,0.038461538461538464,0.19611613513818404,call,26.67842907160134,0.004159086222138042,26.95160666284206,0.27317759124072083,0.27317759124072083,0.010239643065472434,0.0024834326476429166,0.0024834326476429166
110,88.0,0.8,-0.2231435513142097,0.05,1.0,0.5,0.25,52,0.019230769230769232,0.1386750490563073,call,26.52575486094676,0.004103097829287238,26.80025020059804,0.27449533965128126,0.27449533965128126,0.010348257423407552,0.0024954121786480116,0.0024954121786480116
110,88.0,0.8,-0.2231435513142097,0.05,1.0,0.5,0.25,126,0.007936507936507936,0.0890870806374748,call,26.430931081650247,0.0041238114820695395,26.71164717174446,0.28071609009421294,0.28071609009421294,0.010620741631349526,0.0025519644554019357,0.0025519644554019357
110,88.0,0.8,-0.2231435513142097,0.05,1.0,0.6,0.36,12,0.08333333333333333,0.2886751345948129,call,28.73573374411115,0.006488188543978434,29.125540148615045,0.3898064045038936,0.3898064045038936,0.01356521493326326,0.0035436945863990326,0.0035436945863990326
110,88.0,0.8,-0.2231435513142097,0.05,1.0,0.6,0.36,26,0.038461538461538464,0.19611613513818404,call,28.27162557632505,0.006132501022583413,28.692412238706336,0.4207866623812855,0.4207866623812855,0.014883709507445393,0.0038253332943753225,0.0038253332943753225
110,88.0,0.8,-0.2231435513142097,0.05,1.0,0.6,0.36,52,0.019230769230769232,0.1386750490563073,call,28.08031556545593,0.006112953583046594,28.507544060120605,0.42722849466467494,0.42722849466467494,0.01521451899886219,0.0038838954060424996,0.0038838954060424996
110,88.0,0.8,-0.2231435513142097,0.05,1.0,0.6,0.36,126,0.007936507936507936,0.0890870806374748,call,27.958463256597547,0.006152047598473176,28.399194470568204,0.4407312139706576,0.4407312139706576,0.015763785367089347,0.004006647399733251,0.004006647399733251
110,99.0,0.9,-0.10536051565782628,0.05,1.0,0.1,0.010000000000000002,12,0.08333333333333333,0.2886751345948129,call,13.379753069424154,0.00019278914776996232,13.382308378224385,0.0025553088002308044,0.0025553088002308044,0.0001909832555931304,2.323008000209822e-05,2.323008000209822e-05
110,99.0,0.9,-0.10536051565782628,0.05,1.0,0.1,0.010000000000000002,26,0.038461538461538464,0.19611613513818404,call,13.253794922310183,0.00019007504816720183,13.256220713849347,0.0024257915391636686,0.0024257915391636686,0.00018302618634005879,2.205265035603335e-05,2.205265035603335e-05
110,99.0,0.9,-0.10536051565782628,0.05,1.0,0.1,0.010000000000000002,52,0.019230769230769232,0.1386750490563073,call,13.199826528483559,0.0001872388035083841,13.202381915476886,0.0025553869933272466,0.0025553869933272466,0.00019359246788683504,2.3230790848429515e-05,2.3230790848429515e-05
110,99.0,0.9,-0.10536051565782628,0.05,1.0,0.1,0.010000000000000002,126,0.007936507936507936,0.0890870806374748,call,13.168200950347924,0.00018694055381552192,13.17081764604565,0.002616695697726712,0.002616695697726712,0.0001987132264759048,2.3788142706606474e-05,2.3788142706606474e-05
110,99.0,0.9,-0.10536051565782628,0.05,1.0,0.2,0.04000000000000001,12,0.08333333333333333,0.2886751345948129,call,14.21255363214947,0.000657171468551914,14.245382338669204,0.032828706519733686,0.032828706519733686,0.00230983870804706,0.0002984427865430335,0.0002984427865430335
110,99.0,0.9,-0.10536051565782628,0.05,1.0,0.2,0.04000000000000001,26,0.038461538461538464,0.19611613513818404,call,14.019956550235428,0.0006372198892645212,14.054812105104281,0.03485555486885339,0.03485555486885339,0.0024861385799564467,0.0003168686806259399,0.0003168686806259399
110,99.0,0.9,-0.10536051565782628,0.05,1.0,0.2,0.04000000000000001,52,0.019230769230769232,0.1386750490563073,call,13.938059665113851,0.000629119293869877,13.973624599691757,0.03556493457790566,0.03556493457790566,0.002551641722909439,0.00032331758707186963,0.00032331758707186963
110,99.0,0.9,-0.10536051565782628,0.05,1.0,0.2,0.04000000000000001,126,0.007936507936507936,0.0890870806374748,call,13.889481450510402,0.0006285163680452639,13.92608427673998,0.036602826229577445,0.036602826229577445,0.0026352910553210313,0.0003327529657234313,0.0003327529657234313
110,99.0,0.9,-0.10536051565782628,0.05,1.0,0.3,0.09,12,0.08333333333333333,0.2886751345948129,call,15.868422440256747,0.001430232430042374,15.946534043507992,0.07811160325124433,0.07811160325124433,0.004922455495833177,0.0007101054841022212,0.0007101054841022212
110,99.0,0.9,-0.10536051565782628,0.05,1.0,0.3,0.09,26,0.038461538461538464,0.19611613513818404,call,15.585747097503859,0.0013685356699547591,15.674318405664092,0.08857130816023329,0.08857130816023329,0.005682840072159162,0.0008051937105475754,0.0008051937105475754
110,99.0,0.9,-0.10536051565782628,0.05,1.0,0.3,0.09,52,0.019230769230769232,0.1386750490563073,call,15.468366781523708,0.0013556837976902317,15.558011716105678,0.08964493458197076,0.08964493458197076,0.005795371667101128,0.0008149539507451887,0.0008149539507451887
110,99.0,0.9,-0.10536051565782628,0.05,1.0,0.3,0.09,126,0.007936507936507936,0.0890870806374748,call,15.397095062074664,0.0013387139248831313,15.489809172142603,0.09271411006793961,0.09271411006793961,0.006021532613402399,0.0008428555460721784,0.0008428555460721784
110,99.0,0.9,-0.10536051565782628,0.05,1.0,0.4,0.16000000000000003,12,0.08333333333333333,0.2886751345948129,call,17.85901995850397,0.002553149807559771,18.00900880020899,0.14998884170501725,0.14998884170501725,0.008398492305486041,0.0013635349245910658,0.0013635349245910658
110,99.0,0.9,-0.10536051565782628,0.05,1.0,0.4,0.16000000000000003,26,0.038461538461538464,0.19611613513818404,call,17.498100148629216,0.002465292568526746,17.656320721810804,0.15822057318158755,0.15822057318158755,0.009042157253510884,0.0014383688471053414,0.0014383688471053414
110,99.0,0.9,-0.10536051565782628,0.05,1.0,0.4,0.16000000000000003,52,0.019230769230769232,0.1386750490563073,call,17.34002357114727,0.0024144295887522393,17.5053521701695,0.16532859902222796,0.16532859902222796,0.009534508320814775,0.001502987263838436,0.001502987263838436
110,99.0,0.9,-0.10536051565782628,0.05,1.0,0.4,0.16000000000000003,126,0.007936507936507936,0.0890870806374748,call,17.247703096977364,0.0023955456575859404,17.416741879278558,0.16903878230119318,0.16903878230119318,0.00980065469301921,0.0015367162027381197,0.0015367162027381197
110,99.0,0.9,-0.10536051565782628,0.05,1.0,0.5,0.25,12,0.08333333333333333,0.2886751345948129,call,20.001014564562176,0.004065517191685513,20.246517786537087,0.2455032219749107,0.2455032219749107,0.012274538433159968,0.002231847472499188,0.002231847472499188
110,99.0,0.9,-0.10536051565782628,0.05,1.0,0.5,0.25,26,0.038461538461538464,0.19611613513818404,call,19.55698642003064,0.0039568581052805835,19.816038110358736,0.2590516903280964,0.2590516903280964,0.013245992238495942,0.002355015366619058,0.002355015366619058
110,99.0,0.9,-0.10536051565782628,0.05,1.0,0.5,0.25,52,0.019230769230769232,0.1386750490563073,call,19.369429855426073,0.0038801752742681876,19.631562501415576,0.26213264598950303,0.26213264598950303,0.013533317601295851,0.0023830240544500275,0.0023830240544500275
110,99.0,0.9,-0.10536051565782628,0.05,1.0,0.5,0.25,126,0.007936507936507936,0.0890870806374748,call,19.26285613975697,0.0038795385085578834,19.523224515278887,0.2603683755219173,0.2603683755219173,0.01351660281491373,0.00236698523201743,0.00236698523201743
110,99.0,0.9,-0.10536051565782628,0.05,1.0,0.6,0.36,12,0.08333333333333333,0.2886751345948129,call,22.21881108317764,0.006091768584752119,22.585637455222837,0.3668263720451961,0.3668263720451961,0.016509721004960905,0.0033347852004108735,0.0033347852004108735
110,99.0,0.9,-0.10536051565782628,0.05,1.0,0.6,0.36,26,0.038461538461538464,0.19611613513818404,call,21.698706091937083,0.005897677780897279,22.0801778445877,0.38147175265061506,0.38147175265061506,0.017580391707889175,0.0034679250240965006,0.0034679250240965006
110,99.0,0.9,-0.10536051565782628,0.05,1.0,0.6,0.36,52,0.019230769230769232,0.1386750490563073,call,21.45816592797954,0.005735557329988129,21.863405927847626,0.4052399998680869,0.4052399998680869,0.018885118198274813,0.0036839999988007898,0.0036839999988007898
110,99.0,0.9,-0.10536051565782628,0.05,1.0,0.6,0.36,126,0.007936507936507936,0.0890870806374748,call,21.341520515361996,0.00572875038813388,21.736053408718192,0.394532893356196,0.394532893356196,0.01848663468341932,0.003586662666874509,0.003586662666874509
110,110.0,1.0,0.0,0.05,1.0,0.1,0.010000000000000002,12,0.08333333333333333,0.2886751345948129,call,4.295344459932825,0.00016263424561348033,4.301504952033704,0.006160492100878656,0.006160492100878656,0.001434225394108439,5.600447364435142e-05,5.600447364435142e-05
110,110.0,1.0,0.0,0.05,1.0,0.1,0.010000000000000002,26,0.038461538461538464,0.19611613513818404,call,4.1392169280395406,0.00015622222089824517,4.145775481175628,0.00655855313608722,0.00655855313608722,0.0015844912818313078,5.9623210328065635e-05,5.9623210328065635e-05
110,110.0,1.0,0.0,0.05,1.0,0.1,0.010000000000000002,52,0.019230769230769232,0.1386750490563073,call,4.072351269169306,0.00015398701952342854,4.079009931591679,0.006658662422372785,0.006658662422372785,0.0016350903893737649,6.05332947488435e-05,6.05332947488435e-05
110,110.0,1.0,0.0,0.05,1.0,0.1,0.010000000000000002,126,0.007936507936507936,0.0890870806374748,call,4.033121573751888,0.0001525271176910427,4.039790513719766,0.006668939967878096,0.006668939967878096,0.001653543005318877,6.0626726980709964e-05,6.0626726980709964e-05
110,110.0,1.0,0.0,0.05,1.0,0.2,0.04000000000000001,12,0.08333333333333333,0.2886751345948129,call,6.7709386515251335,0.0005785609370177727,6.791588263879163,0.0206496123540294,0.0206496123540294,0.0030497414637449326,0.00018772374867299455,0.00018772374867299455
110,110.0,1.0,0.0,0.05,1.0,0.2,0.04000000000000001,26,0.038461538461538464,0.19611613513818404,call,6.538705364118227,0.000550853164027492,6.559947764946119,0.02124240082789175,0.02124240082789175,0.0032487166258417855,0.0001931127347990159,0.0001931127347990159
110,110.0,1.0,0.0,0.05,1.0,0.2,0.04000000000000001,52,0.019230769230769232,0.1386750490563073,call,6.438979332857106,0.0005483095221045962,6.460569247678553,0.021589914821446676,0.021589914821446676,0.003353002658554394,0.0001962719529222425,0.0001962719529222425
110,110.0,1.0,0.0,0.05,1.0,0.2,0.04000000000000001,126,0.007936507936507936,0.0890870806374748,call,6.381613657780337,0.000545393692133742,6.40217242047867,0.020558762698333233,0.020558762698333233,0.003221561786848127,0.0001868978427121203,0.0001868978427121203
110,110.0,1.0,0.0,0.05,1.0,0.3,0.09,12,0.08333333333333333,0.2886751345948129,call,9.321090939799253,0.0013138902413479382,9.369563874718553,0.048472934919299604,0.048472934919299604,0.005200349962505951,0.00044066304472090546,0.00044066304472090546
110,110.0,1.0,0.0,0.05,1.0,0.3,0.09,26,0.038461538461538464,0.19611613513818404,call,9.007859875302257,0.001239173988255272,9.058705848797038,0.050845973494780594,0.050845973494780594,0.00564462305127437,0.0004622361226798236,0.0004622361226798236
110,110.0,1.0,0.0,0.05,1.0,0.3,0.09,52,0.019230769230769232,0.1386750490563073,call,8.87222968647661,0.0012324495279152899,8.925298323374188,0.0530686368975779,0.0530686368975779,0.005981431812847129,0.0004824421536143446,0.0004824421536143446
110,110.0,1.0,0.0,0.05,1.0,0.3,0.09,126,0.007936507936507936,0.0890870806374748,call,8.79543319736585,0.0012167871104020282,8.846892923742681,0.05145972637683016,0.05145972637683016,0.005850732445133216,0.0004678156943348196,0.0004678156943348196
110,110.0,1.0,0.0,0.05,1.0,0.4,0.16000000000000003,12,0.08333333333333333,0.2886751345948129,call,11.881118728012574,0.002359378386662535,11.978134044247351,0.09701531623477777,0.09701531623477777,0.008165503472837201,0.0008819574203161616,0.0008819574203161616
110,110.0,1.0,0.0,0.05,1.0,0.4,0.16000000000000003,26,0.038461538461538464,0.19611613513818404,call,11.485079646236589,0.002286417910374484,11.588248015225652,0.10316836898906345,0.10316836898906345,0.008982817025815706,0.0009378942635369405,0.0009378942635369405
110,110.0,1.0,0.0,0.05,1.0,0.4,0.16000000000000003,52,0.019230769230769232,0.1386750490563073,call,11.322419127371157,0.0022768294544846966,11.420885483730775,0.09846635635961754,0.09846635635961754,0.008696582881442889,0.0008951486941783412,0.0008951486941783412
110,110.0,1.0,0.0,0.05,1.0,0.4,0.16000000000000003,126,0.007936507936507936,0.0890870806374748,call,11.217877060744136,0.0021941668368473145,11.322513136969235,0.1046360762250984,0.1046360762250984,0.009327618377211685,0.0009512370565918037,0.0009512370565918037
110,110.0,1.0,0.0,0.05,1.0,0.5,0.25,12,0.08333333333333333,0.2886751345948129,call,14.431033122425688,0.0038827448282884943,14.607979155827982,0.17694603340229342,0.17694603340229342,0.012261494509864367,0.0016086003036572128,0.0016086003036572128
110,110.0,1.0,0.0,0.05,1.0,0.5,0.25,26,0.038461538461538464,0.19611613513818404,call,13.96575383853947,0.003778299585201382,14.140311232457652,0.1745573939181817,0.1745573939181817,0.012498959664925384,0.0015868853992561972,0.0015868853992561972
110,110.0,1.0,0.0,0.05,1.0,0.5,0.25,52,0.019230769230769232,0.1386750490563073,call,13.762478194828956,0.0037716180069831133,13.939517310237566,0.1770391154086095,0.1770391154086095,0.012863897976974037,0.001609446503714632,0.001609446503714632
110,110.0,1.0,0.0,0.05,1.0,0.5,0.25,126,0.007936507936507936,0.0890870806374748,call,13.634560375050924,0.003633453449147583,13.82148285432094,0.1869224792700166,0.1869224792700166,0.013709461407501997,0.00169929526609106,0.00169929526609106
110,110.0,1.0,0.0,0.05,1.0,0.6,0.36,12,0.08333333333333333,0.2886751345948129,call,16.967570530878522,0.0058715775475216905,17.25795358055929,0.29038304968076645,0.29038304968076645,0.017114002806253928,0.002639845906188786,0.002639845906188786
110,110.0,1.0,0.0,0.05,1.0,0.6,0.36,26,0.038461538461538464,0.19611613513818404,call,16.418933041867238,0.00573829882325212,16.714376078106294,0.29544303623905677,0.29544303623905677,0.017994045988597173,0.0026858457839914252,0.0026858457839914252
110,110.0,1.0,0.0,0.05,1.0,0.6,0.36,52,0.019230769230769232,0.1386750490563073,call,16.179772390666617,0.005698803810128138,16.480941404018285,0.301169013351668,0.301169013351668,0.018613921511368037,0.0027379001213788,0.0027379001213788
110,110.0,1.0,0.0,0.05,1.0,0.6,0.36,126,0.007936507936507936,0.0890870806374748,call,16.04122297390966,0.005556010682251084,16.343706195306886,0.3024832213972246,0.3024832213972246,0.018856618469127957,0.0027498474672474965,0.0027498474672474965
110,121.00000000000001,1.1,0.09531017980432493,0.05,1.0,0.1,0.010000000000000002,12,0.08333333333333333,0.2886751345948129,call,0.4739223313158726,0.00013195841819998937,0.46683550082715153,-0.007086830488721052,0.007086830488721052,-0.014953569436249311,-6.442573171564593e-05,6.442573171564593e-05
110,121.00000000000001,1.1,0.09531017980432493,0.05,1.0,0.1,0.010000000000000002,26,0.038461538461538464,0.19611613513818404,call,0.4133028044360371,0.00012800497021932207,0.405586616901135,-0.007716187534902108,0.007716187534902108,-0.0186695745881305,-7.014715940820099e-05,7.014715940820099e-05
110,121.00000000000001,1.1,0.09531017980432493,0.05,1.0,0.1,0.010000000000000002,52,0.019230769230769232,0.1386750490563073,call,0.38834247760820717,0.00012545872946171052,0.38059921263923424,-0.007743264968972929,0.007743264968972929,-0.019939268597819967,-7.03933178997539e-05,7.03933178997539e-05
110,121.00000000000001,1.1,0.09531017980432493,0.05,1.0,0.1,0.010000000000000002,126,0.007936507936507936,0.0890870806374748,call,0.3742037102304294,0.0001236905680394759,0.36628400261004823,-0.007919707620381189,0.007919707620381189,-0.021164161134330665,-7.199734200346535e-05,7.199734200346535e-05
110,121.00000000000001,1.1,0.09531017980432493,0.05,1.0,0.2,0.04000000000000001,12,0.08333333333333333,0.2886751345948129,call,2.519864815095668,0.0005342689118439737,2.5033455985017303,-0.016519216593937625,0.016519216593937625,-0.006555596353810934,-0.00015017469630852385,0.00015017469630852385
110,121.00000000000001,1.1,0.09531017980432493,0.05,1.0,0.2,0.04000000000000001,26,0.038461538461538464,0.19611613513818404,call,2.3398743937505597,0.0005066094668663203,2.321532632370445,-0.018341761380114896,0.018341761380114896,-0.007838780333296045,-0.0001667432852737718,0.0001667432852737718
110,121.00000000000001,1.1,0.09531017980432493,0.05,1.0,0.2,0.04000000000000001,52,0.019230769230769232,0.1386750490563073,call,2.263896413306715,0.000497968435643501,2.2445583056449787,-0.01933810766173627,0.01933810766173627,-0.00854195781576881,-0.000175800978743057,0.000175800978743057
110,121.00000000000001,1.1,0.09531017980432493,0.05,1.0,0.2,0.04000000000000001,126,0.007936507936507936,0.0890870806374748,call,2.2195533455293837,0.0004943107528718457,2.1996277425822632,-0.019925602947120424,0.019925602947120424,-0.008977303017859203,-0.00018114184497382204,0.00018114184497382204
110,121.00000000000001,1.1,0.09531017980432493,0.05,1.0,0.3,0.09,12,0.08333333333333333,0.2886751345948129,call,4.998093300569981,0.0012343135761993368,4.9872682046588945,-0.010825095911086713,0.010825095911086713,-0.002165845105342916,-9.840996282806103e-05,9.840996282806103e-05
110,121.00000000000001,1.1,0.09531017980432493,0.05,1.0,0.3,0.09,26,0.038461538461538464,0.19611613513818404,call,4.717634238464039,0.0011788294588265882,4.704138358346798,-0.013495880117241121,0.013495880117241121,-0.002860730492246701,-0.00012268981924764655,0.00012268981924764655
110,121.00000000000001,1.1,0.09531017980432493,0.05,1.0,0.3,0.09,52,0.019230769230769232,0.1386750490563073,call,4.597503251535656,0.0011526755510270497,4.583369286084095,-0.014133965451560648,0.014133965451560648,-0.003074269810867372,-0.0001284905950141877,0.0001284905950141877
110,121.00000000000001,1.1,0.09531017980432493,0.05,1.0,0.3,0.09,126,0.007936507936507936,0.0890870806374748,call,4.527205678059188,0.0011312065140007647,4.512609255173549,-0.01459642288563856,0.01459642288563856,-0.0032241572227166945,-0.0001326947535058051,0.0001326947535058051
110,121.00000000000001,1.1,0.09531017980432493,0.05,1.0,0.4,0.16000000000000003,12,0.08333333333333333,0.2886751345948129,call,7.586650255357542,0.0022827579400108333,7.609773345354642,0.023123089997100443,0.023123089997100443,0.003047865555786149,0.0002102099090645495,0.0002102099090645495
110,121.00000000000001,1.1,0.09531017980432493,0.05,1.0,0.4,0.16000000000000003,26,0.038461538461538464,0.19611613513818404,call,7.217038798056925,0.0021674434305087396,7.23399796000722,0.0169591619502949,0.0169591619502949,0.0023498781736992864,0.00015417419954813545,0.00015417419954813545
110,121.00000000000001,1.1,0.09531017980432493,0.05,1.0,0.4,0.16000000000000003,52,0.019230769230769232,0.1386750490563073,call,7.056096684009027,0.0021363035097921356,7.073253793125493,0.017157109116465286,0.017157109116465286,0.002431529765649018,0.0001559737192405935,0.0001559737192405935
110,121.00000000000001,1.1,0.09531017980432493,0.05,1.0,0.4,0.16000000000000003,126,0.007936507936507936,0.0890870806374748,call,6.959963129576059,0.002085619334328058,6.978937166918518,0.01897403734245895,0.01897403734245895,0.0027261692323957303,0.00017249124856780863,0.00017249124856780863
110,121.00000000000001,1.1,0.09531017980432493,0.05,1.0,0.5,0.25,12,0.08333333333333333,0.2886751345948129,call,10.214836841106559,0.0037006103118437522,10.299177178761433,0.08434033765487392,0.08434033765487392,0.008256650494452485,0.0007667303423170357,0.0007667303423170357
110,121.00000000000001,1.1,0.09531017980432493,0.05,1.0,0.5,0.25,26,0.038461538461538464,0.19611613513818404,call,9.7601894712683,0.0036371481253053475,9.83579394576463,0.07560447449633045,0.07560447449633045,0.0077462097143597705,0.000687313404512095,0.000687313404512095
110,121.00000000000001,1.1,0.09531017980432493,0.05,1.0,0.5,0.25,52,0.019230769230769232,0.1386750490563073,call,9.565652623759103,0.003608836652787137,9.637284923067602,0.07163229930849901,0.07163229930849901,0.007488490553229917,0.0006512027209863546,0.0006512027209863546
110,121.00000000000001,1.1,0.09531017980432493,0.05,1.0,0.5,0.25,126,0.007936507936507936,0.0890870806374748,call,9.445952006213309,0.0034580546408793603,9.520725071424549,0.0747730652112395,0.0747730652112395,0.007915884514557735,0.0006797551382839955,0.0006797551382839955
110,121.00000000000001,1.1,0.09531017980432493,0.05,1.0,0.6,0.36,12,0.08333333333333333,0.2886751345948129,call,12.853505806153315,0.005791912838005889,13.032411545777451,0.17890573962413647,0.17890573962413647,0.013918828242057474,0.001626415814764877,0.001626415814764877
110,121.00000000000001,1.1,0.09531017980432493,0.05,1.0,0.6,0.36,26,0.038461538461538464,0.19611613513818404,call,12.304740275327086,0.005367219599837187,12.485324576345203,0.18058430101811673,0.18058430101811673,0.014675994533603954,0.0016416754638010611,0.0016416754638010611
110,121.00000000000001,1.1,0.09531017980432493,0.05,1.0,0.6,0.36,52,0.019230769230769232,0.1386750490563073,call,12.076452546276247,0.005499261815809979,12.250746649083306,0.1742941028070586,0.1742941028070586,0.014432558082696386,0.0015844918437005328,0.0015844918437005328
110,121.00000000000001,1.1,0.09531017980432493,0.05,1.0,0.6,0.36,126,0.007936507936507936,0.0890870806374748,call,11.93396094551363,0.0051961805196701055,12.112946779737843,0.17898583422421233,0.17898583422421233,0.01499802412974202,0.0016271439474928393,0.0016271439474928393
110,132.0,1.2,0.1823215567939546,0.05,1.0,0.1,0.010000000000000002,12,0.08333333333333333,0.2886751345948129,call,0.01505895337031599,5.785026343780931e-05,0.013720623013632938,-0.0013383303566830516,0.0013383303566830516,-0.08887273396577153,-1.2166639606209559e-05,1.2166639606209559e-05
110,132.0,1.2,0.1823215567939546,0.05,1.0,0.1,0.010000000000000002,26,0.038461538461538464,0.19611613513818404,call,0.011015934884780667,5.547542477903309e-05,0.009706709207464803,-0.0013092256773158638,0.0013092256773158638,-0.11884834932391043,-1.1902051611962399e-05,1.1902051611962399e-05
110,132.0,1.2,0.1823215567939546,0.05,1.0,0.1,0.010000000000000002,52,0.019230769230769232,0.1386750490563073,call,0.009441565991224893,5.3630467250738765e-05,0.008287894060319262,-0.0011536719309056306,0.0011536719309056306,-0.12219073954234577,-1.0487926644596641e-05,1.0487926644596641e-05
110,132.0,1.2,0.1823215567939546,0.05,1.0,0.1,0.010000000000000002,126,0.007936507936507936,0.0890870806374748,call,0.008657462183677257,5.0978809325912696e-05,0.007531292179834995,-0.0011261700038422617,0.0011261700038422617,-0.13008084585867877,-1.0237909125838742e-05,1.0237909125838742e-05
110,132.0,1.2,0.1823215567939546,0.05,1.0,0.2,0.04000000000000001,12,0.08333333333333333,0.2886751345948129,call,0.7424447460963863,0.0004646784945132962,0.7161087976528915,-0.02633594844349485,0.02633594844349485,-0.03547193051329889,-0.00023941771312268044,0.00023941771312268044
110,132.0,1.2,0.1823215567939546,0.05,1.0,0.2,0.04000000000000001,26,0.038461538461538464,0.19611613513818404,call,0.6523602462558479,0.00044733957419015175,0.6245379772552265,-0.027822269000621347,0.027822269000621347,-0.04264862728883971,-0.0002529297181874668,0.0002529297181874668
110,132.0,1.2,0.1823215567939546,0.05,1.0,0.2,0.04000000000000001,52,0.019230769230769232,0.1386750490563073,call,0.615206672410683,0.000440182718310059,0.5871213845359956,-0.028085287874687448,0.028085287874687448,-0.0456517933471616,-0.00025532079886079497,0.00025532079886079497
110,132.0,1.2,0.1823215567939546,0.05,1.0,0.2,0.04000000000000001,126,0.007936507936507936,0.0890870806374748,call,0.5939605134965001,0.00042839908851117185,0.5656676000077883,-0.02829291348871188,0.02829291348871188,-0.04763433401011529,-0.0002572083044428353,0.0002572083044428353
110,132.0,1.2,0.1823215567939546,0.05,1.0,0.3,0.09,12,0.08333333333333333,0.2886751345948129,call,2.473708172610849,0.0011610974187808833,2.4268662326499344,-0.04684193996091457,0.04684193996091457,-0.018935919959982887,-0.0004258358178264961,0.0004258358178264961
110,132.0,1.2,0.1823215567939546,0.05,1.0,0.3,0.09,26,0.038461538461538464,0.19611613513818404,call,2.2670900755366445,0.001095991620665644,2.215638343549847,-0.05145173198679753,0.05145173198679753,-0.022695054132164712,-0.0004677430180617958,0.0004677430180617958
110,132.0,1.2,0.1823215567939546,0.05,1.0,0.3,0.09,52,0.019230769230769232,0.1386750490563073,call,2.1806428896840826,0.001083986383089818,2.126950363911428,-0.0536925257726546,0.0536925257726546,-0.02462233776408627,-0.00048811387066049637,0.00048811387066049637
110,132.0,1.2,0.1823215567939546,0.05,1.0,0.3,0.09,126,0.007936507936507936,0.0890870806374748,call,2.13066624842228,0.0010606493898209586,2.075398475035649,-0.055267773386630914,0.055267773386630914,-0.025939197857738495,-0.0005024343035148265,0.0005024343035148265
110,132.0,1.2,0.1823215567939546,0.05,1.0,0.4,0.16000000000000003,12,0.08333333333333333,0.2886751345948129,call,4.689429059168654,0.0021815188177764268,4.647169843275343,-0.04225921589331083,0.04225921589331083,-0.009011590826965742,-0.00038417468993918937,0.00038417468993918937
110,132.0,1.2,0.1823215567939546,0.05,1.0,0.4,0.16000000000000003,26,0.038461538461538464,0.19611613513818404,call,4.374777067253943,0.002101972591326231,4.324054444228259,-0.050722623025683866,0.050722623025683866,-0.011594333207365597,-0.00046111475477894425,0.00046111475477894425
110,132.0,1.2,0.1823215567939546,0.05,1.0,0.4,0.16000000000000003,52,0.019230769230769232,0.1386750490563073,call,4.243051342600888,0.0020535512224433322,4.1870565484918565,-0.055994794109031076,0.055994794109031076,-0.01319682218945473,-0.0005090435828093734,0.0005090435828093734
110,132.0,1.2,0.1823215567939546,0.05,1.0,0.4,0.16000000000000003,126,0.007936507936507936,0.0890870806374748,call,4.168835268865076,0.0020388973295219276,4.107031073356579,-0.06180419550849692,0.06180419550849692,-0.014825290884022506,-0.0005618563228045174,0.0005618563228045174
110,132.0,1.2,0.1823215567939546,0.05,1.0,0.5,0.25,12,0.08333333333333333,0.2886751345948129,call,7.131646144963876,0.0036372596533456353,7.1245929245901225,-0.007053220373753888,0.007053220373753888,-0.0009890031320096595,-6.412018521594443e-05,6.412018521594443e-05
110,132.0,1.2,0.1823215567939546,0.05,1.0,0.5,0.25,26,0.038461538461538464,0.19611613513818404,call,6.711485533778712,0.003393460234845321,6.698365844346184,-0.013119689432527615,0.013119689432527615,-0.0019548115490224333,-0.00011926990393206922,0.00011926990393206922
110,132.0,1.2,0.1823215567939546,0.05,1.0,0.5,0.25,52,0.019230769230769232,0.1386750490563073,call,6.5360511948818605,0.0033429348502444435,6.5168012374530555,-0.019249957428804976,0.019249957428804976,-0.0029451968558445356,-0.00017499961298913613,0.00017499961298913613
110,132.0,1.2,0.1823215567939546,0.05,1.0,0.5,0.25,126,0.007936507936507936,0.0890870806374748,call,6.4394889344552855,0.0033593560045074235,6.410492991071812,-0.028995943383473666,0.028995943383473666,-0.004502833016503417,-0.00026359948530430607,0.00026359948530430607
110,132.0,1.2,0.1823215567939546,0.05,1.0,0.6,0.36,12,0.08333333333333333,0.2886751345948129,call,9.675751579508038,0.0055784913847908586,9.75146958381177,0.07571800430373266,0.07571800430373266,0.007825542406865156,0.0006883454936702968,0.0006883454936702968
110,132.0,1.2,0.1823215567939546,0.05,1.0,0.6,0.36,26,0.038461538461538464,0.19611613513818404,call,9.16936699033225,0.005263095080447727,9.229094560458616,0.0597275701263662,0.0597275701263662,0.00651381607796265,0.0005429779102396928,0.0005429779102396928
110,132.0,1.2,0.1823215567939546,0.05,1.0,0.6,0.36,52,0.019230769230769232,0.1386750490563073,call,8.948647350384698,0.005212067816311543,9.005979109960354,0.05733175957565528,0.05733175957565528,0.006406751471013172,0.000521197814324139,0.000521197814324139
110,132.0,1.2,0.1823215567939546,0.05,1.0,0.6,0.36,126,0.007936507936507936,0.0890870806374748,call,8.828846088065282,0.005239993736084263,8.875168086375492,0.04632199831021033,0.04632199831021033,0.00524666506224724,0.00042110907554736667,0.00042110907554736667
110,143.0,1.3,0.26236426446749106,0.05,1.0,0.1,0.010000000000000002,12,0.08333333333333333,0.2886751345948129,call,0.0001581966901171464,1.2289421338549217e-05,0.0001205725200804191,-3.7624170036727284e-05,3.7624170036727284e-05,-0.23783158806209012,-3.420379094247935e-07,3.420379094247935e-07
110,143.0,1.3,0.26236426446749106,0.05,1.0,0.1,0.010000000000000002,26,0.038461538461538464,0.19611613513818404,call,8.534361121658513e-05,8.677815537836914e-06,6.33875844000886e-05,-2.1956026816496524e-05,2.1956026816496524e-05,-0.2572662030995676,-1.9960024378633205e-07,1.9960024378633205e-07
110,143.0,1.3,0.26236426446749106,0.05,1.0,0.1,0.010000000000000002,52,0.019230769230769232,0.1386750490563073,call,7.062204908372644e-05,7.86465865074025e-06,4.720873876845774e-05,-2.34133103152687e-05,2.34133103152687e-05,-0.3315297505388281,-2.1284827559335184e-07,2.1284827559335184e-07
110,143.0,1.3,0.26236426446749106,0.05,1.0,0.1,0.010000000000000002,126,0.007936507936507936,0.0890870806374748,call,8.266282457609328e-05,1.3547569816380687e-05,3.9477708382125895e-05,-4.3185116193967385e-05,4.3185116193967385e-05,-0.5224248798105654,-3.925919653997035e-07,3.925919653997035e-07
110,143.0,1.3,0.26236426446749106,0.05,1.0,0.2,0.04000000000000001,12,0.08333333333333333,0.2886751345948129,call,0.1796556660880681,0.00035810615143571864,0.1631949438749779,-0.016460722213090195,0.016460722213090195,-0.09162372983561269,-0.00014964292920991085,0.00014964292920991085
110,143.0,1.3,0.26236426446749106,0.05,1.0,0.2,0.04000000000000001,26,0.038461538461538464,0.19611613513818404,call,0.1470763050568097,0.0003390825640833899,0.13134432981580732,-0.015731975241002366,0.015731975241002366,-0.10696471627381265,-0.00014301795673638513,0.00014301795673638513
110,143.0,1.3,0.26236426446749106,0.05,1.0,0.2,0.04000000000000001,52,0.019230769230769232,0.1386750490563073,call,0.13425128634463598,0.00032847718270422174,0.11901199818942758,-0.015239288155208405,0.015239288155208405,-0.11351316304029806,-0.0001385389832291673,0.0001385389832291673
110,143.0,1.3,0.26236426446749106,0.05,1.0,0.2,0.04000000000000001,126,0.007936507936507936,0.0890870806374748,call,0.12753115126033557,0.0003347433119858771,0.11212918711745044,-0.015401964142885124,0.015401964142885124,-0.120770211753553,-0.00014001785584441022,0.00014001785584441022
110,143.0,1.3,0.26236426446749106,0.05,1.0,0.3,0.09,12,0.08333333333333333,0.2886751345948129,call,1.148510563520535,0.001060000453341684,1.0926761297693728,-0.05583443375116226,0.05583443375116226,-0.04861464537166528,-0.0005075857613742024,0.0005075857613742024
110,143.0,1.3,0.26236426446749106,0.05,1.0,0.3,0.09,26,0.038461538461538464,0.19611613513818404,call,1.0180016879127871,0.0010183807666051777,0.9587719497193301,-0.059229738193457004,0.059229738193457004,-0.058182357550797356,-0.0005384521653950637,0.0005384521653950637
110,143.0,1.3,0.26236426446749106,0.05,1.0,0.3,0.09,52,0.019230769230769232,0.1386750490563073,call,0.9636079737872785,0.001007983853328117,0.9038644029656417,-0.05974357082163673,0.05974357082163673,-0.061999871780664025,-0.0005431233711057884,0.0005431233711057884
110,143.0,1.3,0.26236426446749106,0.05,1.0,0.3,0.09,126,0.007936507936507936,0.0890870806374748,call,0.9330667187129235,0.0009855861571292203,0.8723255175947472,-0.06074120111817627,0.06074120111817627,-0.06509845426912554,-0.0005521927374379661,0.0005521927374379661
110,143.0,1.3,0.26236426446749106,0.05,1.0,0.4,0.16000000000000003,12,0.08333333333333333,0.2886751345948129,call,2.8268673870162373,0.002103117005791401,2.745593533027597,-0.08127385398864018,0.08127385398864018,-0.02875050112429393,-0.000738853218078547,0.000738853218078547
110,143.0,1.3,0.26236426446749106,0.05,1.0,0.4,0.16000000000000003,26,0.038461538461538464,0.19611613513818404,call,2.5801077939578225,0.001977498741021567,2.4921134234926083,-0.08799437046521419,0.08799437046521419,-0.03410492021739641,-0.0007999488224110381,0.0007999488224110381
110,143.0,1.3,0.26236426446749106,0.05,1.0,0.4,0.16000000000000003,52,0.019230769230769232,0.1386750490563073,call,2.478536616983586,0.0019682853527908297,2.3860478146880477,-0.09248880229553835,0.09248880229553835,-0.03731589102286434,-0.0008408072935958032,0.0008408072935958032
110,143.0,1.3,0.26236426446749106,0.05,1.0,0.4,0.16000000000000003,126,0.007936507936507936,0.0890870806374748,call,2.4209044978913523,0.0019437565783212056,2.3245005519117568,-0.09640394597959556,0.09640394597959556,-0.03982145766739869,-0.0008763995089054142,0.0008763995089054142
110,143.0,1.3,0.26236426446749106,0.05,1.0,0.5,0.25,12,0.08333333333333333,0.2886751345948129,call,4.927509892033101,0.0035453401439534175,4.853724582020688,-0.07378531001241306,0.07378531001241306,-0.014974157663632632,-0.0006707755455673915,0.0006707755455673915
110,143.0,1.3,0.26236426446749106,0.05,1.0,0.5,0.25,26,0.038461538461538464,0.19611613513818404,call,4.566519368527273,0.0033362194039056096,4.48421722246721,-0.08230214606006303,0.08230214606006303,-0.018022949081809306,-0.0007482013278187549,0.0007482013278187549
110,143.0,1.3,0.26236426446749106,0.05,1.0,0.5,0.25,52,0.019230769230769232,0.1386750490563073,call,4.4225904059784655,0.0033217658573051526,4.3281217815129915,-0.094468624465474,0.094468624465474,-0.021360473341092392,-0.0008588056769588545,0.0008588056769588545
110,143.0,1.3,0.26236426446749106,0.05,1.0,0.5,0.25,126,0.007936507936507936,0.0890870806374748,call,4.328662325456131,0.0032694955532109006,4.237108793528818,-0.09155353192731308,0.09155353192731308,-0.021150536827255442,-0.0008323048357028462,0.0008323048357028462
110,143.0,1.3,0.26236426446749106,0.05,1.0,0.6,0.36,12,0.08333333333333333,0.2886751345948129,call,7.256940518237361,0.005441131076179029,7.24586028969226,-0.011080228545100823,0.011080228545100823,-0.001526845716491018,-0.00010072935041000748,0.00010072935041000748
110,143.0,1.3,0.26236426446749106,0.05,1.0,0.6,0.36,26,0.038461538461538464,0.19611613513818404,call,6.810134846899674,0.005218521658318557,6.76744044084312,-0.042694406056553724,0.042694406056553724,-0.006269245325735427,-0.0003881309641504884,0.0003881309641504884
110,143.0,1.3,0.26236426446749106,0.05,1.0,0.6,0.36,52,0.019230769230769232,0.1386750490563073,call,6.608014497242832,0.0050917582806697895,6.564262718199677,-0.04375177904315475,0.04375177904315475,-0.006621017411721782,-0.00039774344584686137,0.00039774344584686137
110,143.0,1.3,0.26236426446749106,0.05,1.0,0.6,0.36,126,0.007936507936507936,0.0890870806374748,call,6.493839218924475,0.004978292151989849,6.445482712618989,-0.04835650630548649,0.04835650630548649,-0.007446520413465889,-0.00043960460277714993,0.00043960460277714993
110,77.0,0.7,-0.35667494393873245,0.05,2.0,0.1,0.010000000000000002,12,0.08333333333333333,0.2886751345948129,call,35.442687352190006,0.00042622470666818155,35.44312864397439,0.00044129178438367944,0.00044129178438367944,1.2450855658844729e-05,4.011743494397086e-06,4.011743494397086e-06
110,77.0,0.7,-0.35667494393873245,0.05,2.0,0.1,0.010000000000000002,26,0.038461538461538464,0.19611613513818404,call,35.20755530986848,0.0004191916483132473,35.20779454090244,0.00023923103395873113,0.00023923103395873113,6.794877742950701e-06,2.1748275814430104e-06,2.1748275814430104e-06
110,77.0,0.7,-0.35667494393873245,0.05,2.0,0.1,0.010000000000000002,52,0.019230769230769232,0.1386750490563073,call,35.10656672255038,0.00041434421258058126,35.107044752031435,0.0004780294810515784,0.0004780294810515784,1.3616526071303933e-05,4.345722555014349e-06,4.345722555014349e-06
110,77.0,0.7,-0.35667494393873245,0.05,2.0,0.1,0.010000000000000002,126,0.007936507936507936,0.0890870806374748,call,35.04755178047264,0.00041358598901124915,35.047904346280035,0.00035256580739684296,0.00035256580739684296,1.0059641529462872e-05,3.2051437036076634e-06,3.2051437036076634e-06
110,77.0,0.7,-0.35667494393873245,0.05,2.0,0.2,0.04000000000000001,12,0.08333333333333333,0.2886751345948129,call,35.480096130118575,0.0015442545048578943,35.492250312504304,0.012154182385728518,0.012154182385728518,0.0003425634006501746,0.00011049256714298653,0.00011049256714298653
110,77.0,0.7,-0.35667494393873245,0.05,2.0,0.2,0.04000000000000001,26,0.038461538461538464,0.19611613513818404,call,35.23299503474708,0.0015046314614771254,35.24749070298148,0.01449566823440307,0.01449566823440307,0.00041142310553239425,0.000131778802130937,0.000131778802130937
110,77.0,0.7,-0.35667494393873245,0.05,2.0,0.2,0.04000000000000001,52,0.019230769230769232,0.1386750490563073,call,35.1326660433637,0.0015201548681357006,35.14309000217479,0.010423958811088596,0.010423958811088596,0.0002967027551573361,9.476326191898723e-05,9.476326191898723e-05
110,77.0,0.7,-0.35667494393873245,0.05,2.0,0.2,0.04000000000000001,126,0.007936507936507936,0.0890870806374748,call,35.07236917357534,0.0015211949680646489,35.081911185422626,0.009542011847287313,0.009542011847287313,0.0002720663608455791,8.674556224806647e-05,8.674556224806647e-05
110,77.0,0.7,-0.35667494393873245,0.05,2.0,0.3,0.09,12,0.08333333333333333,0.2886751345948129,call,35.92307011908594,0.0033284552256881064,36.02737060451016,0.10430048542421844,0.10430048542421844,0.002903440187001265,0.0009481862311292585,0.0009481862311292585
110,77.0,0.7,-0.35667494393873245,0.05,2.0,0.3,0.09,26,0.038461538461538464,0.19611613513818404,call,35.62456481457423,0.0033587650373344126,35.723499415444294,0.09893460087006645,0.09893460087006645,0.0027771455282337007,0.0008994054624551495,0.0008994054624551495
110,77.0,0.7,-0.35667494393873245,0.05,2.0,0.3,0.09,52,0.019230769230769232,0.1386750490563073,call,35.49167685983363,0.0032523056318299126,35.59458171958951,0.10290485975588126,0.10290485975588126,0.002899408223575369,0.000935498725053466,0.000935498725053466
110,77.0,0.7,-0.35667494393873245,0.05,2.0,0.3,0.09,126,0.007936507936507936,0.0890870806374748,call,35.41334396858329,0.0032603580025357725,35.519242035679895,0.10589806709660365,0.10589806709660365,0.0029903436170995432,0.000962709700878215,0.000962709700878215
110,77.0,0.7,-0.35667494393873245,0.05,2.0,0.4,0.16000000000000003,12,0.08333333333333333,0.2886751345948129,call,37.00286804378618,0.006150046993247913,37.277137457229514,0.274269413443335,0.274269413443335,0.007412112302181196,0.002493358304030318,0.002493358304030318
110,77.0,0.7,-0.35667494393873245,0.05,2.0,0.4,0.16000000000000003,26,0.038461538461538464,0.19611613513818404,call,36.60360238356115,0.005891971730332205,36.882787397408286,0.27918501384713323,0.27918501384713323,0.007627255124280241,0.002538045580428484,0.002538045580428484
110,77.0,0.7,-0.35667494393873245,0.05,2.0,0.4,0.16000000000000003,52,0.019230769230769232,0.1386750490563073,call,36.41736981640641,0.005845183373396614,36.71533201767684,0.2979622012704297,0.2979622012704297,0.008181870430856721,0.002708747284276634,0.002708747284276634
110,77.0,0.7,-0.35667494393873245,0.05,2.0,0.4,0.16000000000000003,126,0.007936507936507936,0.0890870806374748,call,36.3136965617628,0.005753857469352809,36.6174340657287,0.3037375039659054,0.3037375039659054,0.008364268381471569,0.002761250036053685,0.002761250036053685
110,77.0,0.7,-0.35667494393873245,0.05,2.0,0.5,0.25,12,0.08333333333333333,0.2886751345948129,call,38.55948106606718,0.009817075175597084,39.08054067323109,0.5210596071639131,0.5210596071639131,0.013513138474844569,0.004736905519671937,0.004736905519671937
110,77.0,0.7,-0.35667494393873245,0.05,2.0,0.5,0.25,26,0.038461538461538464,0.19611613513818404,call,38.04699984648609,0.009592423484822416,38.589309599752504,0.5423097532664158,0.5423097532664158,0.014253679802732252,0.004930088666058326,0.004930088666058326
110,77.0,0.7,-0.35667494393873245,0.05,2.0,0.5,0.25,52,0.019230769230769232,0.1386750490563073,call,37.837302242440096,0.009728730438726777,38.380194837361785,0.542892594921689,0.542892594921689,0.014348078820290605,0.004935387226560809,0.004935387226560809
110,77.0,0.7,-0.35667494393873245,0.05,2.0,0.5,0.25,126,0.007936507936507936,0.0890870806374748,call,37.70948956235804,0.009645285373063073,38.257793472630986,0.5483039102729492,0.5483039102729492,0.01454021034589318,0.004984581002481356,0.004984581002481356
110,77.0,0.7,-0.35667494393873245,0.05,2.0,0.6,0.36,12,0.08333333333333333,0.2886751345948129,call,40.423594368606246,0.014871544806977234,41.266839440645064,0.8432450720388189,0.8432450720388189,0.020860220007889736,0.00766586429126199,0.00766586429126199
110,77.0,0.7,-0.35667494393873245,0.05,2.0,0.6,0.36,26,0.038461538461538464,0.19611613513818404,call,39.80113749350096,0.014446477088636783,40.68172305617996,0.880585562679002,0.880585562679002,0.02212463306665019,0.008005323297081837,0.008005323297081837
110,77.0,0.7,-0.35667494393873245,0.05,2.0,0.6,0.36,52,0.019230769230769232,0.1386750490563073,call,39.55049300155281,0.014944102702761516,40.43208450615774,0.8815915046049341,0.8815915046049341,0.02229027851992443,0.00801446822368122,0.00801446822368122
110,77.0,0.7,-0.35667494393873245,0.05,2.0,0.6,0.36,126,0.007936507936507936,0.0890870806374748,call,39.40767216212818,0.014531288672151576,40.285802453239256,0.8781302911110771,0.8781302911110771,0.022283231739706352,0.007983002646464338,0.007983002646464338
110,88.0,0.8,-0.2231435513142097,0.05,2.0,0.1,0.010000000000000002,12,0.08333333333333333,0.2886751345948129,call,25.491218120785177,0.0004265062090447017,25.491607696308982,0.0003895755238048082,0.0003895755238048082,1.52827347033351e-05,3.541595670952802e-06,3.541595670952802e-06
110,88.0,0.8,-0.2231435513142097,0.05,2.0,0.1,0.010000000000000002,26,0.038461538461538464,0.19611613513818404,call,25.254939861191293,0.00041506256764518027,25.25582735034628,0.0008874891549872643,0.0008874891549872643,3.514121038755865e-05,8.068083227156949e-06,8.068083227156949e-06
110,88.0,0.8,-0.2231435513142097,0.05,2.0,0.1,0.010000000000000002,52,0.019230769230769232,0.1386750490563073,call,25.1556679757006,0.00041833390385342007,25.154915907430304,-0.0007520682702946146,0.0007520682702946146,-2.9896573250254516e-05,-6.836984275405588e-06,6.836984275405588e-06
110,88.0,0.8,-0.2231435513142097,0.05,2.0,0.1,0.010000000000000002,126,0.007936507936507936,0.0890870806374748,call,25.09492931711145,0.0004124453893967438,25.095688196731178,0.0007588796197275371,0.0007588796197275371,3.0240356931791827e-05,6.898905633886702e-06,6.898905633886702e-06
110,88.0,0.8,-0.2231435513142097,0.05,2.0,0.2,0.04000000000000001,12,0.08333333333333333,0.2886751345948129,call,25.835896754485155,0.0014576792475704658,25.881843048541516,0.045946294056360415,0.045946294056360415,0.0017783897533335691,0.00041769358233054925,0.00041769358233054925
110,88.0,0.8,-0.2231435513142097,0.05,2.0,0.2,0.04000000000000001,26,0.038461538461538464,0.19611613513818404,call,25.555415383313065,0.0014224582177024634,25.6027427585097,0.04732737519663388,0.04732737519663388,0.0018519509265162353,0.00043024886542394436,0.00043024886542394436
110,88.0,0.8,-0.2231435513142097,0.05,2.0,0.2,0.04000000000000001,52,0.019230769230769232,0.1386750490563073,call,25.43827840910157,0.0014193314331659027,25.48393264571898,0.04565423661740908,0.04565423661740908,0.0017947062251301737,0.00041503851470371894,0.00041503851470371894
110,88.0,0.8,-0.2231435513142097,0.05,2.0,0.2,0.04000000000000001,126,0.007936507936507936,0.0890870806374748,call,25.367861706840554,0.0014178219314568555,25.414384648341997,0.04652294150144343,0.04652294150144343,0.0018339323211028983,0.00042293583183130386,0.00042293583183130386
110,88.0,0.8,-0.2231435513142097,0.05,2.0,0.3,0.09,12,0.08333333333333333,0.2886751345948129,call,27.158403781536958,0.0031593731859110297,27.317641772142558,0.1592379906056003,0.1592379906056003,0.005863304481607816,0.0014476180964145481,0.0014476180964145481
110,88.0,0.8,-0.2231435513142097,0.05,2.0,0.3,0.09,26,0.038461538461538464,0.19611613513818404,call,26.775409274811288,0.0030823067271473297,26.944163041560586,0.16875376674929754,0.16875376674929754,0.0063025653508143025,0.0015341251522663414,0.0015341251522663414
110,88.0,0.8,-0.2231435513142097,0.05,2.0,0.3,0.09,52,0.019230769230769232,0.1386750490563073,call,26.608735828994167,0.0030112730100270288,26.785064556053147,0.17632872705897995,0.17632872705897995,0.006626723200688235,0.0016029884278089086,0.0016029884278089086
110,88.0,0.8,-0.2231435513142097,0.05,2.0,0.3,0.09,126,0.007936507936507936,0.0890870806374748,call,26.517003352617753,0.003084727968851667,26.69190519259561,0.17490183997785635,0.17490183997785635,0.0065958373068045065,0.0015900167270714214,0.0015900167270714214
110,88.0,0.8,-0.2231435513142097,0.05,2.0,0.4,0.16000000000000003,12,0.08333333333333333,0.2886751345948129,call,29.142802915085976,0.005747264291774361,29.47797185649165,0.3351689414056729,0.3351689414056729,0.01150091644864298,0.003046990376415208,0.003046990376415208
110,88.0,0.8,-0.2231435513142097,0.05,2.0,0.4,0.16000000000000003,26,0.038461538461538464,0.19611613513818404,call,28.653245686113134,0.005612560274357089,29.002026803427402,0.3487811173142674,0.3487811173142674,0.012172481998550868,0.003170737430129704,0.003170737430129704
110,88.0,0.8,-0.2231435513142097,0.05,2.0,0.4,0.16000000000000003,52,0.019230769230769232,0.1386750490563073,call,28.443815387356683,0.005575667985180957,28.79883431882145,0.35501893146476604,0.35501893146476604,0.012481410339295496,0.003227444831497873,0.003227444831497873
110,88.0,0.8,-0.2231435513142097,0.05,2.0,0.4,0.16000000000000003,126,0.007936507936507936,0.0890870806374748,call,28.31742185522032,0.005552837691362173,28.679727523099608,0.3623056678792871,0.3623056678792871,0.012794443990405009,0.003293687889811701,0.003293687889811701
110,88.0,0.8,-0.2231435513142097,0.05,2.0,0.5,0.25,12,0.08333333333333333,0.2886751345948129,call,31.491911973488257,0.009531671467633824,32.05021015434958,0.5582981808613212,0.5582981808613212,0.017728303741332996,0.005075438007830193,0.005075438007830193
110,88.0,0.8,-0.2231435513142097,0.05,2.0,0.5,0.25,26,0.038461538461538464,0.19611613513818404,call,30.8888168607448,0.009189729961136577,31.475059816992946,0.5862429562481459,0.5862429562481459,0.01897913276805288,0.00532948142043769,0.00532948142043769
110,88.0,0.8,-0.2231435513142097,0.05,2.0,0.5,0.25,52,0.019230769230769232,0.1386750490563073,call,30.607879584062797,0.008754499268202608,31.22909053177312,0.621210947710324,0.621210947710324,0.02029578514265268,0.005647372251912037,0.005647372251912037
110,88.0,0.8,-0.2231435513142097,0.05,2.0,0.5,0.25,126,0.007936507936507936,0.0890870806374748,call,30.465463120605975,0.009190724444565656,31.08478596916842,0.6193228485624438,0.6193228485624438,0.020328686490360667,0.005630207714204034,0.005630207714204034
110,88.0,0.8,-0.2231435513142097,0.05,2.0,0.6,0.36,12,0.08333333333333333,0.2886751345948129,call,33.99096248380096,0.015043856448613216,34.8768935560126,0.8859310722116334,0.8859310722116334,0.026063724221808682,0.008053918838287577,0.008053918838287577
110,88.0,0.8,-0.2231435513142097,0.05,2.0,0.6,0.36,26,0.038461538461538464,0.19611613513818404,call,33.28252774313848,0.014295577242304578,34.208443109041994,0.9259153659035135,0.9259153659035135,0.027819863114044878,0.008417412417304669,0.008417412417304669
110,88.0,0.8,-0.2231435513142097,0.05,2.0,0.6,0.36,52,0.019230769230769232,0.1386750490563073,call,32.97620996569459,0.01381467552554914,33.92221633429129,0.9460063685966986,0.9460063685966986,0.028687540793221427,0.008600057896333623,0.008600057896333623
110,88.0,0.8,-0.2231435513142097,0.05,2.0,0.6,0.36,126,0.007936507936507936,0.0890870806374748,call,32.808953669668604,0.013838334505605763,33.75419091176094,0.9452372420923396,0.9452372420923396,0.028810344017956218,0.008593065837203087,0.008593065837203087
110,99.0,0.9,-0.10536051565782628,0.05,2.0,0.1,0.010000000000000002,12,0.08333333333333333,0.2886751345948129,call,15.643351439617188,0.00040497620255282795,15.651446158270906,0.008094718653717692,0.008094718653717692,0.0005174542478933005,7.358835139743356e-05,7.358835139743356e-05
110,99.0,0.9,-0.10536051565782628,0.05,2.0,0.1,0.010000000000000002,26,0.038461538461538464,0.19611613513818404,call,15.396162759546376,0.0003983279576961101,15.403917777538874,0.00775501799249767,0.00775501799249767,0.000503698104106439,7.050016356816064e-05,7.050016356816064e-05
110,99.0,0.9,-0.10536051565782628,0.05,2.0,0.1,0.010000000000000002,52,0.019230769230769232,0.1386750490563073,call,15.289663006139646,0.0003916193904878524,15.298117404184095,0.008454398044449363,0.008454398044449363,0.0005529486190149811,7.685816404044875e-05,7.685816404044875e-05
110,99.0,0.9,-0.10536051565782628,0.05,2.0,0.1,0.010000000000000002,126,0.007936507936507936,0.0890870806374748,call,15.227454411901906,0.00038981996709651384,15.236061104140246,0.008606692238339875,0.008606692238339875,0.0005652088658766768,7.824265671218068e-05,7.824265671218068e-05
110,99.0,0.9,-0.10536051565782628,0.05,2.0,0.2,0.04000000000000001,12,0.08333333333333333,0.2886751345948129,call,17.14642019414541,0.001360574643464966,17.21796761336937,0.07154741922396113,0.07154741922396113,0.00417273217463729,0.0006504310838541921,0.0006504310838541921
110,99.0,0.9,-0.10536051565782628,0.05,2.0,0.2,0.04000000000000001,26,0.038461538461538464,0.19611613513818404,call,16.808429873915074,0.0013199308181552714,16.883570181990756,0.07514030807568162,0.07514030807568162,0.0044703942390414185,0.0006830937097789237,0.0006830937097789237
110,99.0,0.9,-0.10536051565782628,0.05,2.0,0.2,0.04000000000000001,52,0.019230769230769232,0.1386750490563073,call,16.664109255603243,0.0012973571904224977,16.74060081841539,0.07649156281214786,0.07649156281214786,0.004590198110134682,0.0006953778437467987,0.0006953778437467987
110,99.0,0.9,-0.10536051565782628,0.05,2.0,0.2,0.04000000000000001,126,0.007936507936507936,0.0890870806374748,call,16.578113349066623,0.0012881112221195992,16.656733693519016,0.07862034445239274,0.07862034445239274,0.004742418078400894,0.0007147304041126613,0.0007147304041126613
110,99.0,0.9,-0.10536051565782628,0.05,2.0,0.3,0.09,12,0.08333333333333333,0.2886751345948129,call,19.6473793468241,0.0029562166371226942,19.822974107362686,0.17559476053858702,0.17559476053858702,0.008937312067879986,0.0015963160048962457,0.0015963160048962457
110,99.0,0.9,-0.10536051565782628,0.05,2.0,0.3,0.09,26,0.038461538461538464,0.19611613513818404,call,19.203725729591437,0.002915705088780049,19.38558456283139,0.18185883323995355,0.18185883323995355,0.009469976597287232,0.0016532621203632141,0.0016532621203632141
110,99.0,0.9,-0.10536051565782628,0.05,2.0,0.3,0.09,52,0.019230769230769232,0.1386750490563073,call,19.011796681376403,0.002853182754164721,19.198316288199795,0.18651960682339208,0.18651960682339208,0.009810730145568155,0.0016956327893035644,0.0016956327893035644
110,99.0,0.9,-0.10536051565782628,0.05,2.0,0.3,0.09,126,0.007936507936507936,0.0890870806374748,call,18.899519712563183,0.002846593236668882,19.088385331468814,0.18886561890563058,0.18886561890563058,0.009993143835294654,0.001716960171869369,0.001716960171869369
110,99.0,0.9,-0.10536051565782628,0.05,2.0,0.4,0.16000000000000003,12,0.08333333333333333,0.2886751345948129,call,22.517296396680212,0.005595676494034379,22.831156954859733,0.3138605581795204,0.3138605581795204,0.013938643105741316,0.002853277801632004,0.002853277801632004
110,99.0,0.9,-0.10536051565782628,0.05,2.0,0.4,0.16000000000000003,26,0.038461538461538464,0.19611613513818404,call,21.94928573589678,0.0053783565101385745,22.291884226953567,0.34259849105678697,0.34259849105678697,0.015608639624044216,0.0031145317368798816,0.0031145317368798816
110,99.0,0.9,-0.10536051565782628,0.05,2.0,0.4,0.16000000000000003,52,0.019230769230769232,0.1386750490563073,call,21.713076058735858,0.005315556758521545,22.06077868795359,0.3477026292177321,0.3477026292177321,0.016013513160326277,0.0031609329928884737,0.0031609329928884737
110,99.0,0.9,-0.10536051565782628,0.05,2.0,0.4,0.16000000000000003,126,0.007936507936507936,0.0890870806374748,call,21.564749646391117,0.005132251940526296,21.925051448188047,0.36030180179692906,0.36030180179692906,0.016707905619355333,0.0032754709254266276,0.0032754709254266276
110,99.0,0.9,-0.10536051565782628,0.05,2.0,0.5,0.25,12,0.08333333333333333,0.2886751345948129,call,25.486270326276742,0.009101984276816856,26.03987685293355,0.5536065266568073,0.5536065266568073,0.02172175526546269,0.005032786605970976,0.005032786605970976
110,99.0,0.9,-0.10536051565782628,0.05,2.0,0.5,0.25,26,0.038461538461538464,0.19611613513818404,call,24.841329747872994,0.008767707924544893,25.402665172659933,0.5613354247869395,0.5613354247869395,0.022596834810544034,0.0051030493162449045,0.0051030493162449045
110,99.0,0.9,-0.10536051565782628,0.05,2.0,0.5,0.25,52,0.019230769230769232,0.1386750490563073,call,24.549083434346795,0.008800726523787179,25.12940931299593,0.5803258786491341,0.5803258786491341,0.02363941123101957,0.005275689805901219,0.005275689805901219
110,99.0,0.9,-0.10536051565782628,0.05,2.0,0.5,0.25,126,0.007936507936507936,0.0890870806374748,call,24.376520035501425,0.008816418611036004,24.968876493626038,0.5923564581246126,0.5923564581246126,0.02430028803380949,0.00538505871022375,0.00538505871022375
110,99.0,0.9,-0.10536051565782628,0.05,2.0,0.6,0.36,12,0.08333333333333333,0.2886751345948129,call,28.52250094418903,0.014452687556536264,29.375701309198718,0.8532003650096875,0.8532003650096875,0.02991323820723766,0.007756366954633523,0.007756366954633523
110,99.0,0.9,-0.10536051565782628,0.05,2.0,0.6,0.36,26,0.038461538461538464,0.19611613513818404,call,27.77479059540852,0.014282006479258766,28.645805112385386,0.8710145169768673,0.8710145169768673,0.03135989500928427,0.007918313790698793,0.007918313790698793
110,99.0,0.9,-0.10536051565782628,0.05,2.0,0.6,0.36,52,0.019230769230769232,0.1386750490563073,call,27.413924781069838,0.01349211807079003,28.332646382402334,0.9187216013324964,0.9187216013324964,0.033512954043227766,0.00835201455756815,0.00835201455756815
110,99.0,0.9,-0.10536051565782628,0.05,2.0,0.6,0.36,126,0.007936507936507936,0.0890870806374748,call,27.21500828872069,0.01314966138492631,28.148627855777647,0.933619567056958,0.933619567056958,0.0343053199599391,0.00848745060960871,0.00848745060960871
110,110.0,1.0,0.0,0.05,2.0,0.1,0.010000000000000002,12,0.08333333333333333,0.2886751345948129,call,7.028084074498629,0.00036844765535292627,7.043421441744355,0.015337367245725986,0.015337367245725986,0.002182297064626411,0.0001394306113247817,0.0001394306113247817
110,110.0,1.0,0.0,0.05,2.0,0.1,0.010000000000000002,26,0.038461538461538464,0.19611613513818404,call,6.761446499772158,0.0003572841348782446,6.77713323434522,0.015686734573061578,0.015686734573061578,0.0023200264283079336,0.00014260667793692343,0.00014260667793692343
110,110.0,1.0,0.0,0.05,2.0,0.1,0.010000000000000002,52,0.019230769230769232,0.1386750490563073,call,6.646803312596192,0.000348624558589364,6.663080146537846,0.016276833941653912,0.016276833941653912,0.0024488213621137378,0.0001479712176513992,0.0001479712176513992
110,110.0,1.0,0.0,0.05,2.0,0.1,0.010000000000000002,126,0.007936507936507936,0.0890870806374748,call,6.57933329109696,0.00034442263858391816,6.596115104676788,0.01678181357982833,0.01678181357982833,0.0025506860402614334,0.00015256194163480301,0.00015256194163480301
110,110.0,1.0,0.0,0.05,2.0,0.2,0.04000000000000001,12,0.08333333333333333,0.2886751345948129,call,10.248648726086575,0.001262310644201192,10.304414450983662,0.05576572489708731,0.05576572489708731,0.005441275858654718,0.0005069611354280664,0.0005069611354280664
110,110.0,1.0,0.0,0.05,2.0,0.2,0.04000000000000001,26,0.038461538461538464,0.19611613513818404,call,9.888467902050316,0.00122848111710499,9.942159146559682,0.05369124450936624,0.05369124450936624,0.005429682842802541,0.0004881022228124204,0.0004881022228124204
110,110.0,1.0,0.0,0.05,2.0,0.2,0.04000000000000001,52,0.019230769230769232,0.1386750490563073,call,9.730489596918659,0.001204819370560684,9.786876976176838,0.05638737925817949,0.05638737925817949,0.0057949169665661646,0.0005126125387107227,0.0005126125387107227
110,110.0,1.0,0.0,0.05,2.0,0.2,0.04000000000000001,126,0.007936507936507936,0.0890870806374748,call,9.639769897071659,0.0011982585879495463,9.695667788674976,0.05589789160331726,0.05589789160331726,0.005798674885413786,0.0005081626509392479,0.0005081626509392479
110,110.0,1.0,0.0,0.05,2.0,0.3,0.09,12,0.08333333333333333,0.2886751345948129,call,13.668837792578731,0.0029017394253289326,13.797267795962115,0.12843000338338406,0.12843000338338406,0.009395824673046673,0.0011675454853034915,0.0011675454853034915
110,110.0,1.0,0.0,0.05,2.0,0.3,0.09,26,0.038461538461538464,0.19611613513818404,call,13.200429095222079,0.002764594893769032,13.33044009980493,0.1300110045828511,0.1300110045828511,0.009848998365508347,0.0011819182234804645,0.0011819182234804645
110,110.0,1.0,0.0,0.05,2.0,0.3,0.09,52,0.019230769230769232,0.1386750490563073,call,12.996406855874469,0.0026993756982739326,13.130243825365541,0.13383696949107282,0.13383696949107282,0.010297997821650032,0.0012166997226461165,0.0012166997226461165
110,110.0,1.0,0.0,0.05,2.0,0.3,0.09,126,0.007936507936507936,0.0890870806374748,call,12.875908947026403,0.0026643290215190643,13.012627625613707,0.1367186785873038,0.1367186785873038,0.01061817687200079,0.0012428970780663981,0.0012428970780663981
110,110.0,1.0,0.0,0.05,2.0,0.4,0.16000000000000003,12,0.08333333333333333,0.2886751345948129,call,17.10370306191048,0.005295321648037953,17.372507993734345,0.26880493182386545,0.26880493182386545,0.015716183264575453,0.0024436811983987766,0.0024436811983987766
110,110.0,1.0,0.0,0.05,2.0,0.4,0.16000000000000003,26,0.038461538461538464,0.19611613513818404,call,16.528071141136834,0.0051134423213881185,16.80159530470803,0.2735241635711958,0.2735241635711958,0.016549067416004735,0.002486583305192689,0.002486583305192689
110,110.0,1.0,0.0,0.05,2.0,0.4,0.16000000000000003,52,0.019230769230769232,0.1386750490563073,call,16.284082030983,0.005075861922186354,16.556678082280445,0.2725960512974446,0.2725960512974446,0.016740031816272368,0.00247814592088586,0.00247814592088586
110,110.0,1.0,0.0,0.05,2.0,0.4,0.16000000000000003,126,0.007936507936507936,0.0890870806374748,call,16.144782976426644,0.00505513940955768,16.41276447183799,0.26798149541134464,0.26798149541134464,0.016598643400944465,0.0024361954128304057,0.0024361954128304057
110,110.0,1.0,0.0,0.05,2.0,0.5,0.25,12,0.08333333333333333,0.2886751345948129,call,20.515509512439632,0.008923609551137954,21.00463436976281,0.4891248573231799,0.4891248573231799,0.023841711414800484,0.004446589612028908,0.004446589612028908
110,110.0,1.0,0.0,0.05,2.0,0.5,0.25,26,0.038461538461538464,0.19611613513818404,call,19.854626802994705,0.008542084208040509,20.332953373440997,0.478326570446292,0.478326570446292,0.024091441012335988,0.004348423367693564,0.004348423367693564
110,110.0,1.0,0.0,0.05,2.0,0.5,0.25,52,0.019230769230769232,0.1386750490563073,call,19.550900793728378,0.008376066665778118,20.044716345469187,0.49381555174080916,0.49381555174080916,0.02525794371066613,0.00448923228855281,0.00448923228855281
110,110.0,1.0,0.0,0.05,2.0,0.5,0.25,126,0.007936507936507936,0.0890870806374748,call,19.38558010892049,0.008428082757869843,19.87532329913304,0.4897431902125504,0.4897431902125504,0.02526327236331657,0.0044522108201140945,0.0044522108201140945
110,110.0,1.0,0.0,0.05,2.0,0.6,0.36,12,0.08333333333333333,0.2886751345948129,call,23.93316377287655,0.01435291929791626,24.689512149312606,0.7563483764360548,0.7563483764360548,0.03160252374544916,0.006875894331236862,0.006875894331236862
110,110.0,1.0,0.0,0.05,2.0,0.6,0.36,26,0.038461538461538464,0.19611613513818404,call,23.137090734115382,0.013567988724260788,23.922033700207553,0.7849429660921707,0.7849429660921707,0.03392574179323164,0.007135845146292461,0.007135845146292461
110,110.0,1.0,0.0,0.05,2.0,0.6,0.36,52,0.019230769230769232,0.1386750490563073,call,22.75744972803233,0.01312207214755812,23.59258994298535,0.835140214953018,0.835140214953018,0.03669744303221741,0.007592183772300164,0.007592183772300164
110,110.0,1.0,0.0,0.05,2.0,0.6,0.36,126,0.007936507936507936,0.0890870806374748,call,22.57670120406422,0.013066454335595232,23.39895468490393,0.8222534808397093,0.8222534808397093,0.03642044395271035,0.007475031643997357,0.007475031643997357
110,121.00000000000001,1.1,0.09531017980432493,0.05,2.0,0.1,0.010000000000000002,12,0.08333333333333333,0.2886751345948129,call,1.9750713233095618,0.00033905860702171294,1.9675100062618096,-0.007561317047752203,0.007561317047752203,-0.0038283767064583537,-6.87392458886564e-05,6.87392458886564e-05
110,121.00000000000001,1.1,0.09531017980432493,0.05,2.0,0.1,0.010000000000000002,26,0.038461538461538464,0.19611613513818404,call,1.79583389235684,0.0003244695677518085,1.7874878810963684,-0.00834601126047163,0.00834601126047163,-0.004647429417605201,-7.587282964065119e-05,7.587282964065119e-05
110,121.00000000000001,1.1,0.09531017980432493,0.05,2.0,0.1,0.010000000000000002,52,0.019230769230769232,0.1386750490563073,call,1.7212677693035803,0.0003157190515237647,1.7120500173869655,-0.00921775191661478,0.00921775191661478,-0.005355210898037238,-8.3797744696498e-05,8.3797744696498e-05
110,121.00000000000001,1.1,0.09531017980432493,0.05,2.0,0.1,0.010000000000000002,126,0.007936507936507936,0.0890870806374748,call,1.677895147134791,0.0003112451098053433,1.6682440805648948,-0.009651066569896116,0.009651066569896116,-0.005751888958244191,-8.773696881723741e-05,8.773696881723741e-05
110,121.00000000000001,1.1,0.09531017980432493,0.05,2.0,0.2,0.04000000000000001,12,0.08333333333333333,0.2886751345948129,call,5.531639729216075,0.0012025957437168133,5.53523548439681,0.0035957551807346277,0.0035957551807346277,0.0006500342315757078,3.268868346122389e-05,3.268868346122389e-05
110,121.00000000000001,1.1,0.09531017980432493,0.05,2.0,0.2,0.04000000000000001,26,0.038461538461538464,0.19611613513818404,call,5.208252253007674,0.0011484504488457527,5.209408006371832,0.001155753364157519,0.001155753364157519,0.0002219081004554055,1.0506848765068354e-05,1.0506848765068354e-05
110,121.00000000000001,1.1,0.09531017980432493,0.05,2.0,0.2,0.04000000000000001,52,0.019230769230769232,0.1386750490563073,call,5.071753161418827,0.0011253487832566767,5.070626618780819,-0.0011265426380075994,0.0011265426380075994,-0.00022212095150396638,-1.0241296709159994e-05,1.0241296709159994e-05
110,121.00000000000001,1.1,0.09531017980432493,0.05,2.0,0.2,0.04000000000000001,126,0.007936507936507936,0.0890870806374748,call,4.989330777897337,0.0011135938950414227,4.989370426777569,3.9648880232334704e-05,3.9648880232334704e-05,7.946733138636283e-06,3.604443657484973e-07,3.604443657484973e-07
110,121.00000000000001,1.1,0.09531017980432493,0.05,2.0,0.3,0.09,12,0.08333333333333333,0.2886751345948129,call,9.193258189848999,0.0027681871048076535,9.25079269593371,0.05753450608471056,0.05753450608471056,0.006258336804707491,0.0005230409644064596,0.0005230409644064596
110,121.00000000000001,1.1,0.09531017980432493,0.05,2.0,0.3,0.09,26,0.038461538461538464,0.19611613513818404,call,8.746321463439477,0.0026590920307007337,8.79944167545509,0.05312021201561379,0.05312021201561379,0.006073434670525402,0.0004829110183237617,0.0004829110183237617
110,121.00000000000001,1.1,0.09531017980432493,0.05,2.0,0.3,0.09,52,0.019230769230769232,0.1386750490563073,call,8.55316856139251,0.0025339999664490383,8.606465086039075,0.05329652464656398,0.05329652464656398,0.006231202420952518,0.00048451386042330894,0.00048451386042330894
110,121.00000000000001,1.1,0.09531017980432493,0.05,2.0,0.3,0.09,126,0.007936507936507936,0.0890870806374748,call,8.444710892759575,0.0025411152271544893,8.493262262716499,0.04855136995692355,0.04855136995692355,0.0057493229281006045,0.00044137609051748684,0.00044137609051748684
110,121.00000000000001,1.1,0.09531017980432493,0.05,2.0,0.4,0.16000000000000003,12,0.08333333333333333,0.2886751345948129,call,12.857657408257726,0.005147743524534724,13.026961615619957,0.16930420736223084,0.16930420736223084,0.013167578042132044,0.0015391291578384621,0.0015391291578384621
110,121.00000000000001,1.1,0.09531017980432493,0.05,2.0,0.4,0.16000000000000003,26,0.038461538461538464,0.19611613513818404,call,12.283492588724494,0.0049316587054405,12.458450837542662,0.17495824881816802,0.17495824881816802,0.014243363404539288,0.0015905295347106183,0.0015905295347106183
110,121.00000000000001,1.1,0.09531017980432493,0.05,2.0,0.4,0.16000000000000003,52,0.019230769230769232,0.1386750490563073,call,12.0411858241679,0.004747169328312686,12.214987715381413,0.17380189121351286,0.17380189121351286,0.014433951419026734,0.001580017192850117,0.001580017192850117
110,121.00000000000001,1.1,0.09531017980432493,0.05,2.0,0.4,0.16000000000000003,126,0.007936507936507936,0.0890870806374748,call,11.905729119848642,0.004851774042427312,12.072053532877666,0.1663244130290238,0.1663244130290238,0.013970115677479673,0.0015120401184456709,0.0015120401184456709
110,121.00000000000001,1.1,0.09531017980432493,0.05,2.0,0.5,0.25,12,0.08333333333333333,0.2886751345948129,call,16.48380503871647,0.008798962716095971,16.852267780017822,0.3684627413013537,0.3684627413013537,0.02235301500084015,0.003349661284557761,0.003349661284557761
110,121.00000000000001,1.1,0.09531017980432493,0.05,2.0,0.5,0.25,26,0.038461538461538464,0.19611613513818404,call,15.806937956086061,0.008380020217836556,16.17327186849508,0.3663339124090168,0.3663339124090168,0.02317551403230309,0.0033303082946274255,0.0033303082946274255
110,121.00000000000001,1.1,0.09531017980432493,0.05,2.0,0.5,0.25,52,0.019230769230769232,0.1386750490563073,call,15.510762210897798,0.008131798813322568,15.882220765877507,0.3714585549797089,0.3714585549797089,0.023948439794836365,0.0033768959543609904,0.0033768959543609904
110,121.00000000000001,1.1,0.09531017980432493,0.05,2.0,0.5,0.25,126,0.007936507936507936,0.0890870806374748,call,15.343216684337216,0.008012220337332922,15.711269840138044,0.368053155800828,0.368053155800828,0.023988004821475728,0.003345937780007527,0.003345937780007527
110,121.00000000000001,1.1,0.09531017980432493,0.05,2.0,0.6,0.36,12,0.08333333333333333,0.2886751345948129,call,20.07062456435257,0.013388660900580997,20.727590200285242,0.6569656359326714,0.6569656359326714,0.032732695179775714,0.005972414872115195,0.005972414872115195
110,121.00000000000001,1.1,0.09531017980432493,0.05,2.0,0.6,0.36,26,0.038461538461538464,0.19611613513818404,call,19.28489867557604,0.013026980067019946,19.944932989291104,0.6600343137150624,0.6600343137150624,0.03422544887679308,0.006000311942864204,0.006000311942864204
110,121.00000000000001,1.1,0.09531017980432493,0.05,2.0,0.6,0.36,52,0.019230769230769232,0.1386750490563073,call,18.956179868361495,0.012963765582030481,19.609230660318516,0.6530507919570212,0.6530507919570212,0.03445054839593419,0.005936825381427466,0.005936825381427466
110,121.00000000000001,1.1,0.09531017980432493,0.05,2.0,0.6,0.36,126,0.007936507936507936,0.0890870806374748,call,18.76566031028042,0.013243149800561106,19.411992741239022,0.6463324309586014,0.6463324309586014,0.034442296208704155,0.005875749372350921,0.005875749372350921
110,132.0,1.2,0.1823215567939546,0.05,2.0,0.1,0.010000000000000002,12,0.08333333333333333,0.2886751345948129,call,0.3304782758009589,0.0002695275001235205,0.3183687163028457,-0.01210955949811321,0.01210955949811321,-0.0366425280716684,-0.0001100869045283019,0.0001100869045283019
110,132.0,1.2,0.1823215567939546,0.05,2.0,0.1,0.010000000000000002,26,0.038461538461538464,0.19611613513818404,call,0.273634445576173,0.0002540509249264567,0.2614129231485167,-0.012221522427656284,0.012221522427656284,-0.04466368406916854,-0.00011110474934232986,0.00011110474934232986
110,132.0,1.2,0.1823215567939546,0.05,2.0,0.1,0.010000000000000002,52,0.019230769230769232,0.1386750490563073,call,0.2515615577789376,0.0002585430617209955,0.23902182283303286,-0.012539734945904712,0.012539734945904712,-0.049847580276649976,-0.00011399759041731557,0.00011399759041731557
110,132.0,1.2,0.1823215567939546,0.05,2.0,0.1,0.010000000000000002,126,0.007936507936507936,0.0890870806374748,call,0.23832074269920697,0.00024733751797838396,0.22643087377169585,-0.011889868927511121,0.011889868927511121,-0.04989019752476076,-0.00010808971752282837,0.00010808971752282837
110,132.0,1.2,0.1823215567939546,0.05,2.0,0.2,0.04000000000000001,12,0.08333333333333333,0.2886751345948129,call,2.7241982548590866,0.0011404955434363546,2.6871487741030182,-0.0370494807560684,0.0370494807560684,-0.013600141138767759,-0.0003368134614188036,0.0003368134614188036
110,132.0,1.2,0.1823215567939546,0.05,2.0,0.2,0.04000000000000001,26,0.038461538461538464,0.19611613513818404,call,2.486943407959422,0.0010901379005262167,2.445479924543301,-0.04146348341612072,0.04146348341612072,-0.016672467609603624,-0.00037694075832837013,0.00037694075832837013
110,132.0,1.2,0.1823215567939546,0.05,2.0,0.2,0.04000000000000001,52,0.019230769230769232,0.1386750490563073,call,2.3886672506765976,0.001072335295147057,2.344205334446273,-0.04446191623032458,0.04446191623032458,-0.01861369188937078,-0.0004041992384574962,0.0004041992384574962
110,132.0,1.2,0.1823215567939546,0.05,2.0,0.2,0.04000000000000001,126,0.007936507936507936,0.0890870806374748,call,2.330377803413477,0.0010461038841741521,2.2853933794304417,-0.04498442398303526,0.04498442398303526,-0.019303489724774775,-0.00040894930893668415,0.00040894930893668415
110,132.0,1.2,0.1823215567939546,0.05,2.0,0.3,0.09,12,0.08333333333333333,0.2886751345948129,call,6.02107739685681,0.002656431893109347,6.0055721832318225,-0.015505213624987135,0.015505213624987135,-0.002575156006644482,-0.00014095648749988304,0.00014095648749988304
110,132.0,1.2,0.1823215567939546,0.05,2.0,0.3,0.09,26,0.038461538461538464,0.19611613513818404,call,5.634059886547929,0.0025260293845226728,5.60621187658692,-0.027848009961008557,0.027848009961008557,-0.004942796228967925,-0.0002531637269182596,0.0002531637269182596
110,132.0,1.2,0.1823215567939546,0.05,2.0,0.3,0.09,52,0.019230769230769232,0.1386750490563073,call,5.468495795216006,0.002506347917780993,5.436711405656586,-0.031784389559419424,0.031784389559419424,-0.005812272835104912,-0.00028894899599472205,0.00028894899599472205
110,132.0,1.2,0.1823215567939546,0.05,2.0,0.3,0.09,126,0.007936507936507936,0.0890870806374748,call,5.369379376163471,0.0024557739732609207,5.337646486852448,-0.031732889311023804,0.031732889311023804,-0.005909973404356015,-0.0002884808119183982,0.0002884808119183982
110,132.0,1.2,0.1823215567939546,0.05,2.0,0.4,0.16000000000000003,12,0.08333333333333333,0.2886751345948129,call,9.586739984599436,0.00502250962220135,9.654067107718232,0.06732712311879574,0.06732712311879574,0.007022942442055695,0.0006120647556254158,0.0006120647556254158
110,132.0,1.2,0.1823215567939546,0.05,2.0,0.4,0.16000000000000003,26,0.038461538461538464,0.19611613513818404,call,9.04395674298365,0.004761676495576486,9.116446593403047,0.07248985041939804,0.07248985041939804,0.008015280532565136,0.0006589986401763458,0.0006589986401763458
110,132.0,1.2,0.1823215567939546,0.05,2.0,0.4,0.16000000000000003,52,0.019230769230769232,0.1386750490563073,call,8.828725920871126,0.004641122359981822,8.887160704205485,0.05843478333435925,0.05843478333435925,0.0066187107696048545,0.0005312253030396296,0.0005312253030396296
110,132.0,1.2,0.1823215567939546,0.05,2.0,0.4,0.16000000000000003,126,0.007936507936507936,0.0890870806374748,call,8.702986439431836,0.0047057234673199425,8.752829186752933,0.04984274732109739,0.04984274732109739,0.005727085485881938,0.00045311588473724904,0.00045311588473724904
110,132.0,1.2,0.1823215567939546,0.05,2.0,0.5,0.25,12,0.08333333333333333,0.2886751345948129,call,13.219486345863563,0.008550052513967022,13.468950402414363,0.24946405655079928,0.24946405655079928,0.01887093416673165,0.002267855059552721,0.002267855059552721
110,132.0,1.2,0.1823215567939546,0.05,2.0,0.5,0.25,26,0.038461538461538464,0.19611613513818404,call,12.560234797906805,0.00828923797067328,12.805660154487219,0.2454253565804141,0.2454253565804141,0.019539870116227036,0.0022311396052764917,0.0022311396052764917
110,132.0,1.2,0.1823215567939546,0.05,2.0,0.5,0.25,52,0.019230769230769232,0.1386750490563073,call,12.269680417990783,0.007983334968382105,12.522083462347869,0.25240304435708616,0.25240304435708616,0.020571281056920823,0.0022945731305189653,0.0022945731305189653
110,132.0,1.2,0.1823215567939546,0.05,2.0,0.5,0.25,126,0.007936507936507936,0.0890870806374748,call,12.122939809010932,0.007832129551153378,12.355741483123927,0.23280167411299502,0.23280167411299502,0.01920340097209379,0.002116378855572682,0.002116378855572682
110,132.0,1.2,0.1823215567939546,0.05,2.0,0.6,0.36,12,0.08333333333333333,0.2886751345948129,call,16.896859609757904,0.013711779547714405,17.395470580817612,0.4986109710597084,0.4986109710597084,0.029509091190635304,0.004532827009633713,0.004532827009633713
110,132.0,1.2,0.1823215567939546,0.05,2.0,0.6,0.36,26,0.038461538461538464,0.19611613513818404,call,16.09508226481422,0.012885651114576586,16.61675931783515,0.5216770530209303,0.5216770530209303,0.03241220171712815,0.004742518663826639,0.004742518663826639
110,132.0,1.2,0.1823215567939546,0.05,2.0,0.6,0.36,52,0.019230769230769232,0.1386750490563073,call,15.78733840878005,0.012734785013649394,16.283342623194265,0.4960042144142154,0.4960042144142154,0.03141784901110152,0.0045091292219474124,0.0045091292219474124
110,132.0,1.2,0.1823215567939546,0.05,2.0,0.6,0.36,126,0.007936507936507936,0.0890870806374748,call,15.567314834930398,0.012324644288737505,16.08762250460878,0.5203076696783828,0.5203076696783828,0.03342308389054362,0.004730069724348935,0.004730069724348935
110,143.0,1.3,0.26236426446749106,0.05,2.0,0.1,0.010000000000000002,12,0.08333333333333333,0.2886751345948129,call,0.03425239957355665,0.00015482867848567124,0.030645535202755463,-0.003606864370801186,0.003606864370801186,-0.10530253108415032,-3.27896760981926e-05,3.27896760981926e-05
110,143.0,1.3,0.26236426446749106,0.05,2.0,0.1,0.010000000000000002,26,0.038461538461538464,0.19611613513818404,call,0.025293482888070838,0.00014924830812614785,0.02182405579332539,-0.0034694270947454482,0.0034694270947454482,-0.13716683898767196,-3.154024631586771e-05,3.154024631586771e-05
110,143.0,1.3,0.26236426446749106,0.05,2.0,0.1,0.010000000000000002,52,0.019230769230769232,0.1386750490563073,call,0.02194767206732544,0.00014345449581432994,0.018689633169274446,-0.0032580388980509925,0.0032580388980509925,-0.14844576172164486,-2.9618535436827204e-05,2.9618535436827204e-05
110,143.0,1.3,0.26236426446749106,0.05,2.0,0.1,0.010000000000000002,126,0.007936507936507936,0.0890870806374748,call,0.02012187246340527,0.00013839179329472377,0.01701392277709936,-0.00310794968630591,0.00310794968630591,-0.15445628591266525,-2.8254088057326456e-05,2.8254088057326456e-05
110,143.0,1.3,0.26236426446749106,0.05,2.0,0.2,0.04000000000000001,12,0.08333333333333333,0.2886751345948129,call,1.2419462108787658,0.0010501517905343919,1.1927046600936067,-0.04924155078515913,0.04924155078515913,-0.039648698433016036,-0.0004476504616832648,0.0004476504616832648
110,143.0,1.3,0.26236426446749106,0.05,2.0,0.2,0.04000000000000001,26,0.038461538461538464,0.19611613513818404,call,1.0936795963854855,0.00101175749420539,1.0413476350720783,-0.05233196131340723,0.05233196131340723,-0.047849444651212054,-0.0004757451028491566,0.0004757451028491566
110,143.0,1.3,0.26236426446749106,0.05,2.0,0.2,0.04000000000000001,52,0.019230769230769232,0.1386750490563073,call,1.0318387699195088,0.0009875008001696823,0.9794737874459173,-0.05236498247359156,0.05236498247359156,-0.0507491906683022,-0.00047604529521446873,0.00047604529521446873
110,143.0,1.3,0.26236426446749106,0.05,2.0,0.2,0.04000000000000001,126,0.007936507936507936,0.0890870806374748,call,0.9996098481483896,0.0009794623331143642,0.9439882361511032,-0.055621611997286435,0.055621611997286435,-0.05564332134213782,-0.0005056510181571494,0.0005056510181571494
110,143.0,1.3,0.26236426446749106,0.05,2.0,0.3,0.09,12,0.08333333333333333,0.2886751345948129,call,3.865109104804921,0.0025936929467801745,3.7946452331806775,-0.07046387162424361,0.07046387162424361,-0.018230758747960377,-0.0006405806511294874,0.0006405806511294874
110,143.0,1.3,0.26236426446749106,0.05,2.0,0.3,0.09,26,0.038461538461538464,0.19611613513818404,call,3.545925715926193,0.0024900813558055863,3.4666752744919047,-0.07925044143428828,0.07925044143428828,-0.022349718460920473,-0.0007204585584935297,0.0007204585584935297
110,143.0,1.3,0.26236426446749106,0.05,2.0,0.3,0.09,52,0.019230769230769232,0.1386750490563073,call,3.413723477789273,0.0024132629291968655,3.328990575061878,-0.08473290272739531,0.08473290272739531,-0.02482125552309478,-0.0007702991157035937,0.0007702991157035937
110,143.0,1.3,0.26236426446749106,0.05,2.0,0.3,0.09,126,0.007936507936507936,0.0890870806374748,call,3.3361201718265696,0.0023951819427873292,3.2489626405758023,-0.0871575312507673,0.0871575312507673,-0.026125417179755674,-0.0007923411931887936,0.0007923411931887936
110,143.0,1.3,0.26236426446749106,0.05,2.0,0.4,0.16000000000000003,12,0.08333333333333333,0.2886751345948129,call,7.100151429430055,0.004968220017405907,7.088526674521444,-0.011624754908611479,0.011624754908611479,-0.001637254504238739,-0.00010567959007828618,0.00010567959007828618
110,143.0,1.3,0.26236426446749106,0.05,2.0,0.4,0.16000000000000003,26,0.038461538461538464,0.19611613513818404,call,6.63416176653421,0.004724449595660058,6.601229030075425,-0.03293273645878525,0.03293273645878525,-0.004964114174139264,-0.0002993885132616841,0.0002993885132616841
110,143.0,1.3,0.26236426446749106,0.05,2.0,0.4,0.16000000000000003,52,0.019230769230769232,0.1386750490563073,call,6.425737572357524,0.004554495646642327,6.394666052597112,-0.031071519760411448,0.031071519760411448,-0.004835479104231717,-0.0002824683614582859,0.0002824683614582859
110,143.0,1.3,0.26236426446749106,0.05,2.0,0.4,0.16000000000000003,126,0.007936507936507936,0.0890870806374748,call,6.3118923278069845,0.004516262993180294,6.274017224332492,-0.03787510347449263,0.03787510347449263,-0.0060005940385950834,-0.0003443191224953876,0.0003443191224953876
110,143.0,1.3,0.26236426446749106,0.05,2.0,0.5,0.25,12,0.08333333333333333,0.2886751345948129,call,10.598138918991088,0.008382706127455196,10.737057086903507,0.1389181679124185,0.1389181679124185,0.013107788921646171,0.001262892435567441,0.001262892435567441
110,143.0,1.3,0.26236426446749106,0.05,2.0,0.5,0.25,26,0.038461538461538464,0.19611613513818404,call,9.99946256302703,0.008027869510880163,10.10683050861779,0.10736794559075946,0.10736794559075946,0.010737371625126332,0.0009760722326432679,0.0009760722326432679
110,143.0,1.3,0.26236426446749106,0.05,2.0,0.5,0.25,52,0.019230769230769232,0.1386750490563073,call,9.731127159150775,0.007778313927839356,9.838417512423515,0.10729035327273984,0.10729035327273984,0.011025480555132623,0.0009753668479339985,0.0009753668479339985
110,143.0,1.3,0.26236426446749106,0.05,2.0,0.5,0.25,126,0.007936507936507936,0.0890870806374748,call,9.59245421671148,0.0076802744993152185,9.681272665773152,0.08881844906167125,0.08881844906167125,0.009259199684991596,0.0008074404460151932,0.0008074404460151932
110,143.0,1.3,0.26236426446749106,0.05,2.0,0.6,0.36,12,0.08333333333333333,0.2886751345948129,call,14.209117907679174,0.013060352846239824,14.60275955379285,0.3936416461136769,0.3936416461136769,0.02770345412511056,0.0035785604192152447,0.0035785604192152447
110,143.0,1.3,0.26236426446749106,0.05,2.0,0.6,0.36,26,0.038461538461538464,0.19611613513818404,call,13.474186112838975,0.012843543508393835,13.843172136893045,0.3689860240540703,0.3689860240540703,0.027384661378729164,0.0033544184004915484,0.0033544184004915484
110,143.0,1.3,0.26236426446749106,0.05,2.0,0.6,0.36,52,0.019230769230769232,0.1386750490563073,call,13.154819977122168,0.01270843011474925,13.51878327808388,0.3639633009617125,0.3639633009617125,0.02766767630379503,0.0033087572814701136,0.0033087572814701136
110,143.0,1.3,0.26236426446749106,0.05,2.0,0.6,0.36,126,0.007936507936507936,0.0890870806374748,call,12.966077117157571,0.01198186971984457,13.328609794764896,0.36253267760732477,0.36253267760732477,0.027960089573090503,0.0032957516146120435,0.0032957516146120435
120,84.0,0.7,-0.35667494393873245,0.05,0.25,0.1,0.010000000000000002,12,0.08333333333333333,0.2886751345948129,call,36.358716481851005,5.1666744576794585e-05,36.35870179794194,-1.4683909064672207e-05,1.4683909064672207e-05,-4.0386214051318063e-07,-1.223659088722684e-07,1.223659088722684e-07
120,84.0,0.7,-0.35667494393873245,0.05,0.25,0.1,0.010000000000000002,26,0.038461538461538464,0.19611613513818404,call,36.325297514235174,5.113104779757664e-05,36.32524892850147,-4.858573370114527e-05,4.858573370114527e-05,-1.3375178464018215e-06,-4.048811141762106e-07,4.048811141762106e-07
120,84.0,0.7,-0.35667494393873245,0.05,0.25,0.1,0.010000000000000002,52,0.019230769230769232,0.1386750490563073,call,36.31090627233824,5.089629439999492e-05,36.31091389862577,7.6262875339239145e-06,7.6262875339239145e-06,2.100274632840449e-07,6.355239611603261e-08,6.355239611603261e-08
120,84.0,0.7,-0.35667494393873245,0.05,0.25,0.1,0.010000000000000002,126,0.007936507936507936,0.0890870806374748,call,36.302538951252004,5.073350842177368e-05,36.30249544815683,-4.350309517064943e-05,4.350309517064943e-05,-1.1983485570820962e-06,-3.6252579308874527e-07,3.6252579308874527e-07
120,84.0,0.7,-0.35667494393873245,0.05,0.25,0.2,0.04000000000000001,12,0.08333333333333333,0.2886751345948129,call,36.35901476679746,0.00020395163442811813,36.35870179956255,-0.00031296723490470413,0.00031296723490470413,-8.607692945258281e-06,-2.6080602908725344e-06,2.6080602908725344e-06
120,84.0,0.7,-0.35667494393873245,0.05,0.25,0.2,0.04000000000000001,26,0.038461538461538464,0.19611613513818404,call,36.32517646821549,0.00020282328202911662,36.325248928982596,7.246076710742955e-05,7.246076710742955e-05,1.9947808697043133e-06,6.038397258952462e-07,6.038397258952462e-07
120,84.0,0.7,-0.35667494393873245,0.05,0.25,0.2,0.04000000000000001,52,0.019230769230769232,0.1386750490563073,call,36.31047358750018,0.00020118450479187286,36.31091389890145,0.0004403114012703213,0.0004403114012703213,1.21262918868097e-05,3.6692616772526775e-06,3.6692616772526775e-06
120,84.0,0.7,-0.35667494393873245,0.05,0.25,0.2,0.04000000000000001,126,0.007936507936507936,0.0890870806374748,call,36.30289009842036,0.00020279437955198545,36.30249544835344,-0.00039465006692296356,0.00039465006692296356,-1.0871037150293878e-05,-3.288750557691363e-06,3.288750557691363e-06
120,84.0,0.7,-0.35667494393873245,0.05,0.25,0.3,0.09,12,0.08333333333333333,0.2886751345948129,call,36.358244821582886,0.00045745109433485145,36.35878634818824,0.0005415266053532264,0.0005415266053532264,1.4894189970132078e-05,4.512721711276886e-06,4.512721711276886e-06
120,84.0,0.7,-0.35667494393873245,0.05,0.25,0.3,0.09,26,0.038461538461538464,0.19611613513818404,call,36.325211812787344,0.00045668833889659835,36.32529605137129,8.423858394479566e-05,8.423858394479566e-05,2.319011500302984e-06,7.019881995399639e-07,7.019881995399639e-07
120,84.0,0.7,-0.35667494393873245,0.05,0.25,0.3,0.09,52,0.019230769230769232,0.1386750490563073,call,36.31086842928405,0.0004555834623531567,36.310949968987885,8.153970383517617e-05,8.153970383517617e-05,2.245600487192311e-06,6.794975319598014e-07,6.794975319598014e-07
120,84.0,0.7,-0.35667494393873245,0.05,0.25,0.3,0.09,126,0.007936507936507936,0.0890870806374748,call,36.30296494043253,0.00045352397061306713,36.302526123070976,-0.00043881736155526596,0.00043881736155526596,-1.2087645245375864e-05,-3.656811346293883e-06,3.656811346293883e-06
120,84.0,0.7,-0.35667494393873245,0.05,0.25,0.4,0.16000000000000003,12,0.08333333333333333,0.2886751345948129,call,36.362487509219555,0.0008186814300662311,36.36417864322395,0.0016911340043961332,0.0016911340043961332,4.650765446031032e-05,1.4092783369967776e-05,1.4092783369967776e-05
120,84.0,0.7,-0.35667494393873245,0.05,0.25,0.4,0.16000000000000003,26,0.038461538461538464,0.19611613513818404,call,36.327469351404936,0.0008059166365182439,36.32906502184,0.0015956704350656992,0.0015956704350656992,4.3924624080757444e-05,1.3297253625547493e-05,1.3297253625547493e-05
120,84.0,0.7,-0.35667494393873245,0.05,0.25,0.4,0.16000000000000003,52,0.019230769230769232,0.1386750490563073,call,36.31204244426249,0.0008027124167537719,36.31415054605773,0.0021081017952440106,0.0021081017952440106,5.8055169947541824e-05,1.7567514960366754e-05,1.7567514960366754e-05
120,84.0,0.7,-0.35667494393873245,0.05,0.25,0.4,0.16000000000000003,126,0.007936507936507936,0.0890870806374748,call,36.304199585377106,0.0008055329915220436,36.30542500988255,0.001225424505442163,0.001225424505442163,3.375434576268001e-05,1.0211870878684692e-05,1.0211870878684692e-05
120,84.0,0.7,-0.35667494393873245,0.05,0.25,0.5,0.25,12,0.08333333333333333,0.2886751345948129,call,36.39519719130613,0.0012546155427761352,36.40530511551565,0.010107924209521002,0.010107924209521002,0.00027772687028978436,8.423270174600835e-05,8.423270174600835e-05
120,84.0,0.7,-0.35667494393873245,0.05,0.25,0.5,0.25,26,0.038461538461538464,0.19611613513818404,call,36.35298821738324,0.0012517585499806226,36.36133157878062,0.008343361397379567,0.008343361397379567,0.00022950964436507988,6.952801164482973e-05,6.952801164482973e-05
120,84.0,0.7,-0.35667494393873245,0.05,0.25,0.5,0.25,52,0.019230769230769232,0.1386750490563073,call,36.33443939020178,0.0012480415654817527,36.3430354122102,0.008596022008418913,0.008596022008418913,0.00023658055973025364,7.163351673682428e-05,7.163351673682428e-05
120,84.0,0.7,-0.35667494393873245,0.05,0.25,0.5,0.25,126,0.007936507936507936,0.0890870806374748,call,36.323696749878415,0.0012447672908716826,36.332436731488,0.008739981609586778,0.008739981609586778,0.00024061376984202559,7.283318007988981e-05,7.283318007988981e-05
120,84.0,0.7,-0.35667494393873245,0.05,0.25,0.6,0.36,12,0.08333333333333333,0.2886751345948129,call,36.49759994459874,0.00177176929889743,36.52905517549905,0.031455230900313325,0.031455230900313325,0.0008618438184445158,0.00026212692416927773,0.00026212692416927773
120,84.0,0.7,-0.35667494393873245,0.05,0.25,0.6,0.36,26,0.038461538461538464,0.19611613513818404,call,36.431881324746556,0.001745790958401603,36.46513264383374,0.03325131908718504,0.03325131908718504,0.0009126983805966369,0.000277094325726542,0.000277094325726542
120,84.0,0.7,-0.35667494393873245,0.05,0.25,0.6,0.36,52,0.019230769230769232,0.1386750490563073,call,36.40801460134837,0.001748229556158345,36.438844318714644,0.030829717366273712,0.030829717366273712,0.0008467838113076327,0.00025691431138561425,0.00025691431138561425
120,84.0,0.7,-0.35667494393873245,0.05,0.25,0.6,0.36,126,0.007936507936507936,0.0890870806374748,call,36.391805034673084,0.0017461684788685468,36.42371036655731,0.03190533188422506,0.03190533188422506,0.0008767174877373234,0.0002658777657018755,0.0002658777657018755
120,96.0,0.8,-0.2231435513142097,0.05,0.25,0.1,0.010000000000000002,12,0.08333333333333333,0.2886751345948129,call,24.50771141515472,5.139608932620846e-05,24.507768192015376,5.677686065652665e-05,5.677686065652665e-05,2.3166937008005493e-06,4.7314050547105545e-07,4.7314050547105545e-07
120,96.0,0.8,-0.2231435513142097,0.05,0.25,0.1,0.010000000000000002,26,0.038461538461538464,0.19611613513818404,call,24.47435992222351,5.122675757753715e-05,24.47431532257491,-4.4599648600041064e-05,4.4599648600041064e-05,-1.8223009198922151e-06,-3.7166373833367554e-07,3.7166373833367554e-07
120,96.0,0.8,-0.2231435513142097,0.05,0.25,0.1,0.010000000000000002,52,0.019230769230769232,0.1386750490563073,call,24.45999109672614,5.074741590714529e-05,24.459980292699207,-1.080402693176552e-05,1.080402693176552e-05,-4.4170199772524e-07,-9.003355776471267e-08,9.003355776471267e-08
120,96.0,0.8,-0.2231435513142097,0.05,0.25,0.1,0.010000000000000002,126,0.007936507936507936,0.0890870806374748,call,24.451645980615407,5.1277578193199106e-05,24.45156184223027,-8.41383851373223e-05,8.41383851373223e-05,-3.441011096104733e-06,-7.011532094776859e-07,7.011532094776859e-07
120,96.0,0.8,-0.2231435513142097,0.05,0.25,0.2,0.04000000000000001,12,0.08333333333333333,0.2886751345948129,call,24.508012162740737,0.00020301192546483282,24.50791008362451,-0.00010207911622828192,0.00010207911622828192,-4.165132428956098e-06,-8.506593019023493e-07,8.506593019023493e-07
120,96.0,0.8,-0.2231435513142097,0.05,0.25,0.2,0.04000000000000001,26,0.038461538461538464,0.19611613513818404,call,24.474483026585578,0.000201836080917933,24.474399024567866,-8.400201771152638e-05,8.400201771152638e-05,-3.4322284814056583e-06,-7.000168142627198e-07,7.000168142627198e-07
120,96.0,0.8,-0.2231435513142097,0.05,0.25,0.2,0.04000000000000001,52,0.019230769230769232,0.1386750490563073,call,24.45961121932671,0.00020014928648629863,24.460046058584343,0.0004348392576325466,0.0004348392576325466,1.7777848295845328e-05,3.6236604802712216e-06,3.6236604802712216e-06
120,96.0,0.8,-0.2231435513142097,0.05,0.25,0.2,0.04000000000000001,126,0.007936507936507936,0.0890870806374748,call,24.451790040481015,0.0002007186848620062,24.451618666216163,-0.0001713742648519201,0.0001713742648519201,-7.008659266589581e-06,-1.4281188737660008e-06,1.4281188737660008e-06
120,96.0,0.8,-0.2231435513142097,0.05,0.25,0.3,0.09,12,0.08333333333333333,0.2886751345948129,call,24.52363222398055,0.0004446151183583556,24.52778995432749,0.004157730346939559,0.004157730346939559,0.0001695397447232104,3.464775289116299e-05,3.464775289116299e-05
120,96.0,0.8,-0.2231435513142097,0.05,0.25,0.3,0.09,26,0.038461538461538464,0.19611613513818404,call,24.486787479531962,0.00044559925981782695,24.489527609455067,0.002740129923104462,0.002740129923104462,0.00011190238512891427,2.2834416025870514e-05,2.2834416025870514e-05
120,96.0,0.8,-0.2231435513142097,0.05,0.25,0.3,0.09,52,0.019230769230769232,0.1386750490563073,call,24.470813506445324,0.0004448993983255056,24.473405900595367,0.0025923941500423098,0.0025923941500423098,0.0001059382087710122,2.1603284583685915e-05,2.1603284583685915e-05
120,96.0,0.8,-0.2231435513142097,0.05,0.25,0.3,0.09,126,0.007936507936507936,0.0890870806374748,call,24.461979291622313,0.00044586520073248466,24.46401060295583,0.002031311333517749,0.002031311333517749,8.303953287269065e-05,1.692759444598124e-05,1.692759444598124e-05
120,96.0,0.8,-0.2231435513142097,0.05,0.25,0.4,0.16000000000000003,12,0.08333333333333333,0.2886751345948129,call,24.64555954295712,0.0007627297757986153,24.6642042345866,0.018644691629479127,0.018644691629479127,0.0007565132208494393,0.0001553724302456594,0.0001553724302456594
120,96.0,0.8,-0.2231435513142097,0.05,0.25,0.4,0.16000000000000003,26,0.038461538461538464,0.19611613513818404,call,24.587977260924315,0.0007549847901313438,24.60461974267673,0.01664248175241312,0.01664248175241312,0.0006768544470252813,0.00013868734793677598,0.00013868734793677598
120,96.0,0.8,-0.2231435513142097,0.05,0.25,0.4,0.16000000000000003,52,0.019230769230769232,0.1386750490563073,call,24.564166569219893,0.0007598210155713404,24.579931833539657,0.015765264319764327,0.015765264319764327,0.0006417992760038917,0.00013137720266470271,0.00013137720266470271
120,96.0,0.8,-0.2231435513142097,0.05,0.25,0.4,0.16000000000000003,126,0.007936507936507936,0.0890870806374748,call,24.548550884775658,0.000751360159527584,24.565668313304272,0.017117428528614198,0.017117428528614198,0.0006972887568377798,0.00014264523773845165,0.00014264523773845165
120,96.0,0.8,-0.2231435513142097,0.05,0.25,0.5,0.25,12,0.08333333333333333,0.2886751345948129,call,24.951021929143,0.001157701531396249,24.992989301240645,0.041967372097644784,0.041967372097644784,0.0016819901091356321,0.00034972810081370655,0.00034972810081370655
120,96.0,0.8,-0.2231435513142097,0.05,0.25,0.5,0.25,26,0.038461538461538464,0.19611613513818404,call,24.852462057181626,0.0011334302610746603,24.89694015641525,0.044478099233625557,0.044478099233625557,0.001789685831982699,0.00037065082694687966,0.00037065082694687966
120,96.0,0.8,-0.2231435513142097,0.05,0.25,0.5,0.25,52,0.019230769230769232,0.1386750490563073,call,24.811760074009896,0.0011306019723841708,24.857060541913057,0.04530046790316078,0.04530046790316078,0.0018257659983828647,0.0003775038991930065,0.0003775038991930065
120,96.0,0.8,-0.2231435513142097,0.05,0.25,0.5,0.25,126,0.007936507936507936,0.0890870806374748,call,24.78857371200741,0.0011296074372808245,24.834004575185737,0.04543086317832845,0.04543086317832845,0.001832734053445038,0.00037859052648607044,0.00037859052648607044
120,96.0,0.8,-0.2231435513142097,0.05,0.25,0.6,0.36,12,0.08333333333333333,0.2886751345948129,call,25.436397855817596,0.0016522895686506317,25.51247217469084,0.07607431887324267,0.07607431887324267,0.0029907661967098695,0.0006339526572770223,0.0006339526572770223
120,96.0,0.8,-0.2231435513142097,0.05,0.25,0.6,0.36,26,0.038461538461538464,0.19611613513818404,call,25.290976532783652,0.0015990012953034012,25.37211417314415,0.08113764036049886,0.08113764036049886,0.003208165578554212,0.0006761470030041572,0.0006761470030041572
120,96.0,0.8,-0.2231435513142097,0.05,0.25,0.6,0.36,52,0.019230769230769232,0.1386750490563073,call,25.228809660683808,0.0015935449663619268,25.313447566035602,0.08463790535179427,0.08463790535179427,0.003354811681174665,0.000705315877931619,0.000705315877931619
120,96.0,0.8,-0.2231435513142097,0.05,0.25,0.6,0.36,126,0.007936507936507936,0.0890870806374748,call,25.197351693472918,0.0015951903625396153,25.279421070419616,0.08206937694669847,0.08206937694669847,0.003257063597201669,0.0006839114745558206,0.0006839114745558206
120,108.0,0.9,-0.10536051565782628,0.05,0.25,0.1,0.010000000000000002,12,0.08333333333333333,0.2886751345948129,call,12.656964040021755,5.151054494223873e-05,12.656944371083412,-1.9668938342931597e-05,1.9668938342931597e-05,-1.5540012818822695e-06,-1.6390781952442996e-07,1.6390781952442996e-07
120,108.0,0.9,-0.10536051565782628,0.05,0.25,0.1,0.010000000000000002,26,0.038461538461538464,0.19611613513818404,call,12.6233780448465,5.07807279861749e-05,12.623449230776925,7.118593042498844e-05,7.118593042498844e-05,5.639214017998148e-06,5.932160868749037e-07,5.932160868749037e-07
120,108.0,0.9,-0.10536051565782628,0.05,0.25,0.1,0.010000000000000002,52,0.019230769230769232,0.1386750490563073,call,12.60914330977166,5.094679980214883e-05,12.609100762735673,-4.254703598682852e-05,4.254703598682852e-05,-3.374300294759597e-06,-3.54558633223571e-07,3.54558633223571e-07
120,108.0,0.9,-0.10536051565782628,0.05,0.25,0.1,0.010000000000000002,126,0.007936507936507936,0.0890870806374748,call,12.600738824494929,5.0966937762350574e-05,12.60067550978227,-6.331471265852429e-05,6.331471265852429e-05,-5.024682563489455e-06,-5.276226054877024e-07,5.276226054877024e-07
120,108.0,0.9,-0.10536051565782628,0.05,0.25,0.2,0.04000000000000001,12,0.08333333333333333,0.2886751345948129,call,12.74458753323664,0.00018655355375701862,12.749638478744789,0.005050945508148885,0.005050945508148885,0.0003963208299190941,4.2091212567907375e-05,4.2091212567907375e-05
120,108.0,0.9,-0.10536051565782628,0.05,0.25,0.2,0.04000000000000001,26,0.038461538461538464,0.19611613513818404,call,12.696886204409077,0.0001853333897574563,12.70156349154452,0.004677287135443464,0.004677287135443464,0.0003683806454703237,3.8977392795362205e-05,3.8977392795362205e-05
120,108.0,0.9,-0.10536051565782628,0.05,0.25,0.2,0.04000000000000001,52,0.019230769230769232,0.1386750490563073,call,12.676737529318332,0.00018412759089411808,12.681391469174725,0.004653939856392952,0.004653939856392952,0.0003671244155390515,3.8782832136607934e-05,3.8782832136607934e-05
120,108.0,0.9,-0.10536051565782628,0.05,0.25,0.2,0.04000000000000001,126,0.007936507936507936,0.0890870806374748,call,12.6645479628778,0.0001826981664032163,12.669665020745239,0.005117057867439101,0.005117057867439101,0.0004040458358591378,4.264214889532584e-05,4.264214889532584e-05
120,108.0,0.9,-0.10536051565782628,0.05,0.25,0.3,0.09,12,0.08333333333333333,0.2886751345948129,call,13.201579788624228,0.00038490718441595015,13.220780972820657,0.019201184196429466,0.019201184196429466,0.0014544610951012912,0.00016000986830357888,0.00016000986830357888
120,108.0,0.9,-0.10536051565782628,0.05,0.25,0.3,0.09,26,0.038461538461538464,0.19611613513818404,call,13.109612638472496,0.00037987938145724975,13.129954596713647,0.020341958241150593,0.020341958241150593,0.0015516826318310495,0.00016951631867625493,0.00016951631867625493
120,108.0,0.9,-0.10536051565782628,0.05,0.25,0.3,0.09,52,0.019230769230769232,0.1386750490563073,call,13.070719081740535,0.00037684534853925096,13.091751749150928,0.021032667410393557,0.021032667410393557,0.0016091438641486575,0.0001752722284199463,0.0001752722284199463
120,108.0,0.9,-0.10536051565782628,0.05,0.25,0.3,0.09,126,0.007936507936507936,0.0890870806374748,call,13.049301883531143,0.0003754906102862936,13.069523928314041,0.020222044782897797,0.020222044782897797,0.0015496648758213652,0.00016851703985748163,0.00016851703985748163
120,108.0,0.9,-0.10536051565782628,0.05,0.25,0.4,0.16000000000000003,12,0.08333333333333333,0.2886751345948129,call,13.981145178453307,0.0006602597873328289,14.019567473145178,0.03842229469187153,0.03842229469187153,0.00274815075599709,0.0003201857890989294,0.0003201857890989294
120,108.0,0.9,-0.10536051565782628,0.05,0.25,0.4,0.16000000000000003,26,0.038461538461538464,0.19611613513818404,call,13.837762469455717,0.0006455969454960606,13.878657594159787,0.040895124704070085,0.040895124704070085,0.002955327842513445,0.0003407927058672507,0.0003407927058672507
120,108.0,0.9,-0.10536051565782628,0.05,0.25,0.4,0.16000000000000003,52,0.019230769230769232,0.1386750490563073,call,13.776792914107805,0.0006407483644386578,13.818975260649774,0.04218234654196884,0.04218234654196884,0.003061840793060988,0.00035151955451640703,0.00035151955451640703
120,108.0,0.9,-0.10536051565782628,0.05,0.25,0.4,0.16000000000000003,126,0.007936507936507936,0.0890870806374748,call,13.741129310991331,0.0006386915981516988,13.784130542998186,0.043001232006854906,0.043001232006854906,0.0031293812199597627,0.0003583436000571242,0.0003583436000571242
120,108.0,0.9,-0.10536051565782628,0.05,0.25,0.5,0.25,12,0.08333333333333333,0.2886751345948129,call,14.953938287524153,0.0010191275633335843,15.015092287270468,0.06115399974631508,0.06115399974631508,0.004089491247756114,0.0005096166645526257,0.0005096166645526257
120,108.0,0.9,-0.10536051565782628,0.05,0.25,0.5,0.25,26,0.038461538461538464,0.19611613513818404,call,14.760249000273763,0.0009919168017580161,14.824229048977346,0.06398004870358243,0.06398004870358243,0.004334618521841723,0.0005331670725298535,0.0005331670725298535
120,108.0,0.9,-0.10536051565782628,0.05,0.25,0.5,0.25,52,0.019230769230769232,0.1386750490563073,call,14.673135362976371,0.0009659013184753205,14.743026735642841,0.06989137266647028,0.06989137266647028,0.0047632200574406185,0.000582428105553919,0.000582428105553919
120,108.0,0.9,-0.10536051565782628,0.05,0.25,0.5,0.25,126,0.007936507936507936,0.0890870806374748,call,14.62743578817967,0.000977350323675365,14.695511781508761,0.0680759933290922,0.0680759933290922,0.004653993653768348,0.0005672999444091017,0.0005672999444091017
120,108.0,0.9,-0.10536051565782628,0.05,0.25,0.6,0.36,12,0.08333333333333333,0.2886751345948129,call,16.04106369983106,0.0014731665777620274,16.12864042817956,0.08757672834849828,0.08757672834849828,0.00545953373088473,0.000729806069570819,0.000729806069570819
120,108.0,0.9,-0.10536051565782628,0.05,0.25,0.6,0.36,26,0.038461538461538464,0.19611613513818404,call,15.795268431058595,0.0014267904956329317,15.889241672284376,0.09397324122578077,0.09397324122578077,0.005949455157153205,0.000783110343548173,0.000783110343548173
120,108.0,0.9,-0.10536051565782628,0.05,0.25,0.6,0.36,52,0.019230769230769232,0.1386750490563073,call,15.687423301740568,0.0014085328461454175,15.787107621729856,0.09968431998928828,0.09968431998928828,0.006354410031010511,0.0008307026665774023,0.0008307026665774023
120,108.0,0.9,-0.10536051565782628,0.05,0.25,0.6,0.36,126,0.007936507936507936,0.0890870806374748,call,15.629928860912026,0.0014082235977725044,15.727261571917815,0.09733271100578911,0.09733271100578911,0.006227329111471697,0.0008111059250482425,0.0008111059250482425
120,120.0,1.0,0.0,0.05,0.25,0.1,0.010000000000000002,12,0.08333333333333333,0.2886751345948129,call,1.8941726462622417,3.7635768500368446e-05,1.8951165934749206,0.000943947212678875,0.000943947212678875,0.0004983427537830618,7.866226772323959e-06,7.866226772323959e-06
120,120.0,1.0,0.0,0.05,0.25,0.1,0.010000000000000002,26,0.038461538461538464,0.19611613513818404,call,1.8296760371750873,3.6250250410063826e-05,1.8305977493125278,0.0009217121374405224,0.0009217121374405224,0.0005037570141999521,7.68093447867102e-06,7.68093447867102e-06
120,120.0,1.0,0.0,0.05,0.25,0.1,0.010000000000000002,52,0.019230769230769232,0.1386750490563073,call,1.801847202906844,3.5444032011955954e-05,1.8029065557742896,0.0010593528674456287,0.0010593528674456287,0.000587926027099645,8.827940562046906e-06,8.827940562046906e-06
120,120.0,1.0,0.0,0.05,0.25,0.1,0.010000000000000002,126,0.007936507936507936,0.0890870806374748,call,1.7856588818625232,3.5231086853892854e-05,1.7866315016286431,0.0009726197661199532,0.0009726197661199532,0.0005446839684774881,8.105164717666276e-06,8.105164717666276e-06
120,120.0,1.0,0.0,0.05,0.25,0.2,0.04000000000000001,12,0.08333333333333333,0.2886751345948129,call,3.331654034880128,0.00014157810886867233,3.3347936467637336,0.003139611883605564,0.003139611883605564,0.000942358315340064,2.61634323633797e-05,2.61634323633797e-05
120,120.0,1.0,0.0,0.05,0.25,0.2,0.04000000000000001,26,0.038461538461538464,0.19611613513818404,call,3.2223321782258973,0.0001365281846070675,3.225255658431486,0.0029234802055886355,0.0029234802055886355,0.0009072560009000068,2.4362335046571963e-05,2.4362335046571963e-05
120,120.0,1.0,0.0,0.05,0.25,0.2,0.04000000000000001,52,0.019230769230769232,0.1386750490563073,call,3.175152295324858,0.00013410820869032655,3.1782236472476675,0.0030713519228093844,0.0030713519228093844,0.0009673085373988798,2.559459935674487e-05,2.559459935674487e-05
120,120.0,1.0,0.0,0.05,0.25,0.2,0.04000000000000001,126,0.007936507936507936,0.0890870806374748,call,3.147561336952747,0.00013271455606423302,3.150575815671437,0.0030144787186898725,0.0030144787186898725,0.0009577188165642815,2.512065598908227e-05,2.512065598908227e-05
120,120.0,1.0,0.0,0.05,0.25,0.3,0.09,12,0.08333333333333333,0.2886751345948129,call,4.7807864691254185,0.0003201885840961523,4.787104191327903,0.00631772220248461,0.00631772220248461,0.0013214817777963536,5.264768502070508e-05,5.264768502070508e-05
120,120.0,1.0,0.0,0.05,0.25,0.3,0.09,26,0.038461538461538464,0.19611613513818404,call,4.625134208106294,0.00030442424013325077,4.632067025506298,0.006932817400003621,0.006932817400003621,0.0014989440496348712,5.777347833336351e-05,5.777347833336351e-05
120,120.0,1.0,0.0,0.05,0.25,0.3,0.09,52,0.019230769230769232,0.1386750490563073,call,4.5582875836320165,0.0003009843950699297,4.56548860691603,0.007201023284013175,0.007201023284013175,0.0015797650218188828,6.000852736677646e-05,6.000852736677646e-05
120,120.0,1.0,0.0,0.05,0.25,0.3,0.09,126,0.007936507936507936,0.0890870806374748,call,4.519428462525186,0.000297592740575837,4.526347320265049,0.006918857739862894,0.006918857739862894,0.0015309143174261134,5.765714783219078e-05,5.765714783219078e-05
120,120.0,1.0,0.0,0.05,0.25,0.4,0.16000000000000003,12,0.08333333333333333,0.2886751345948129,call,6.23021631119722,0.000572625988815147,6.243740206422813,0.013523895225592497,0.013523895225592497,0.0021706943306746434,0.00011269912687993748,0.00011269912687993748
120,120.0,1.0,0.0,0.05,0.25,0.4,0.16000000000000003,26,0.038461538461538464,0.19611613513818404,call,6.028597928060633,0.0005489547780605333,6.043231511115831,0.014633583055197796,0.014633583055197796,0.002427360927005019,0.00012194652545998164,0.00012194652545998164
120,120.0,1.0,0.0,0.05,0.25,0.4,0.16000000000000003,52,0.019230769230769232,0.1386750490563073,call,5.941476651126437,0.0005320343163700608,5.9571173663144865,0.015640715188049548,0.015640715188049548,0.0026324626193867553,0.00013033929323374622,0.00013033929323374622
120,120.0,1.0,0.0,0.05,0.25,0.4,0.16000000000000003,126,0.007936507936507936,0.0890870806374748,call,5.89148019565871,0.000536726071898791,5.9064885944326395,0.015008398773929343,0.015008398773929343,0.0025474750445547913,0.00012506998978274454,0.00012506998978274454
120,120.0,1.0,0.0,0.05,0.25,0.5,0.25,12,0.08333333333333333,0.2886751345948129,call,7.679481176224806,0.0009048663364386848,7.703392048135416,0.023910871910609366,0.023910871910609366,0.0031136051201786823,0.00019925726592174471,0.00019925726592174471
120,120.0,1.0,0.0,0.05,0.25,0.5,0.25,26,0.038461538461538464,0.19611613513818404,call,7.4319939005410856,0.0008722355482283873,7.457589433201022,0.025595532659936637,0.025595532659936637,0.0034439657785608727,0.00021329610549947198,0.00021329610549947198
120,120.0,1.0,0.0,0.05,0.25,0.5,0.25,52,0.019230769230769232,0.1386750490563073,call,7.326667309996015,0.0008607803474049454,7.352013896157451,0.025346586161435702,0.025346586161435702,0.003459497352480372,0.00021122155134529753,0.00021122155134529753
120,120.0,1.0,0.0,0.05,0.25,0.5,0.25,126,0.007936507936507936,0.0890870806374748,call,7.264615207171184,0.0008538270526114142,7.289940824840008,0.02532561766882413,0.02532561766882413,0.0034861609247829432,0.00021104681390686774,0.00021104681390686774
120,120.0,1.0,0.0,0.05,0.25,0.6,0.36,12,0.08333333333333333,0.2886751345948129,call,9.125849828748574,0.0013237517406300913,9.165923944167762,0.040074115419187706,0.040074115419187706,0.004391274913701167,0.0003339509618265642,0.0003339509618265642
120,120.0,1.0,0.0,0.05,0.25,0.6,0.36,26,0.038461538461538464,0.19611613513818404,call,8.834319714558196,0.0012939483385531049,8.87509453519273,0.040774820634533526,0.040774820634533526,0.004615502036601657,0.00033979017195444604,0.00033979017195444604
120,120.0,1.0,0.0,0.05,0.25,0.6,0.36,52,0.019230769230769232,0.1386750490563073,call,8.705653199265159,0.001255380792631403,8.75016983890388,0.044516639638720434,0.044516639638720434,0.005113532393235934,0.00037097199698933695,0.00037097199698933695
120,120.0,1.0,0.0,0.05,0.25,0.6,0.36,126,0.007936507936507936,0.0890870806374748,call,8.634746538280439,0.0012579186684663296,8.67671778889618,0.041971250615741695,0.041971250615741695,0.004860739157735605,0.0003497604217978475,0.0003497604217978475
120,132.0,1.1,0.09531017980432493,0.05,0.25,0.1,0.010000000000000002,12,0.08333333333333333,0.2886751345948129,call,0.0023508039605014365,8.449789285312098e-06,0.0022008730234215094,-0.00014993093707992705,0.00014993093707992705,-0.06377857941329405,-1.2494244756660589e-06,1.2494244756660589e-06
120,132.0,1.1,0.09531017980432493,0.05,0.25,0.1,0.010000000000000002,26,0.038461538461538464,0.19611613513818404,call,0.0016203046876113898,8.221243663084696e-06,0.001490352537488048,-0.00012995215012334194,0.00012995215012334194,-0.0802022922706679,-1.0829345843611828e-06,1.0829345843611828e-06
120,132.0,1.1,0.09531017980432493,0.05,0.25,0.1,0.010000000000000002,52,0.019230769230769232,0.1386750490563073,call,0.0013768721947622499,8.23730552770307e-06,0.0012472863671705268,-0.000129585827591723,0.000129585827591723,-0.09411609013870682,-1.0798818965976916e-06,1.0798818965976916e-06
120,132.0,1.1,0.09531017980432493,0.05,0.25,0.1,0.010000000000000002,126,0.007936507936507936,0.0890870806374748,call,0.0012193087788409877,7.019321856219288e-06,0.001119744632234061,-9.956414660692659e-05,9.956414660692659e-05,-0.08165622058554123,-8.297012217243882e-07,8.297012217243882e-07
120,132.0,1.1,0.09531017980432493,0.05,0.25,0.2,0.04000000000000001,12,0.08333333333333333,0.2886751345948129,call,0.263562609431672,0.00010331219595564249,0.25645499827732404,-0.007107611154347937,0.007107611154347937,-0.02696744871996181,-5.9230092952899474e-05,5.9230092952899474e-05
120,132.0,1.1,0.09531017980432493,0.05,0.25,0.2,0.04000000000000001,26,0.038461538461538464,0.19611613513818404,call,0.22833589541947577,9.761194935715785e-05,0.22118026023006299,-0.0071556351894127845,0.0071556351894127845,-0.03133819663468668,-5.963029324510654e-05,5.963029324510654e-05
120,132.0,1.1,0.09531017980432493,0.05,0.25,0.2,0.04000000000000001,52,0.019230769230769232,0.1386750490563073,call,0.2142431355812803,9.873181966803268e-05,0.20686873691539856,-0.007374398665881743,0.007374398665881743,-0.03442069985520735,-6.145332221568119e-05,6.145332221568119e-05
120,132.0,1.1,0.09531017980432493,0.05,0.25,0.2,0.04000000000000001,126,0.007936507936507936,0.0890870806374748,call,0.2058437169278233,9.562500306253526e-05,0.1986921023800842,-0.007151614547739105,0.007151614547739105,-0.03474293339857799,-5.959678789782587e-05,5.959678789782587e-05
120,132.0,1.1,0.09531017980432493,0.05,0.25,0.3,0.09,12,0.08333333333333333,0.2886751345948129,call,1.0489346828470154,0.0002687393549771453,1.032139061617468,-0.016795621229547475,0.016795621229547475,-0.016012075398213404,-0.00013996351024622895,0.00013996351024622895
120,132.0,1.1,0.09531017980432493,0.05,0.25,0.3,0.09,26,0.038461538461538464,0.19611613513818404,call,0.9545472174073675,0.0002563594785745455,0.9370557560823264,-0.01749146132504109,0.01749146132504109,-0.018324354213246158,-0.00014576217770867576,0.00014576217770867576
120,132.0,1.1,0.09531017980432493,0.05,0.25,0.3,0.09,52,0.019230769230769232,0.1386750490563073,call,0.9165962696130722,0.00025730037772356734,0.8972443892372697,-0.019351880375802488,0.019351880375802488,-0.021112763620532302,-0.00016126566979835408,0.00016126566979835408
120,132.0,1.1,0.09531017980432493,0.05,0.25,0.3,0.09,126,0.007936507936507936,0.0890870806374748,call,0.8937731735533313,0.00025465567625991017,0.8741358444327291,-0.01963732912060223,0.01963732912060223,-0.021971267097367714,-0.00016364440933835193,0.00016364440933835193
120,132.0,1.1,0.09531017980432493,0.05,0.25,0.4,0.16000000000000003,12,0.08333333333333333,0.2886751345948129,call,2.1413567930943933,0.0005158855513191684,2.11750118844021,-0.02385560465418335,0.02385560465418335,-0.011140415614583557,-0.0001987967054515279,0.0001987967054515279
120,132.0,1.1,0.09531017980432493,0.05,0.25,0.4,0.16000000000000003,26,0.038461538461538464,0.19611613513818404,call,1.9895368239772613,0.0004952524387121193,1.9627145412649156,-0.026822282712345658,0.026822282712345658,-0.013481671909306773,-0.0002235190226028805,0.0002235190226028805
120,132.0,1.1,0.09531017980432493,0.05,0.25,0.4,0.16000000000000003,52,0.019230769230769232,0.1386750490563073,call,1.9246998989154147,0.0004810762434676601,1.8971805629746197,-0.02751933594079503,0.02751933594079503,-0.014297987938952155,-0.00022932779950662525,0.00022932779950662525
120,132.0,1.1,0.09531017980432493,0.05,0.25,0.4,0.16000000000000003,126,0.007936507936507936,0.0890870806374748,call,1.8867070168987918,0.0004721620580136486,1.8589277936581987,-0.02777922324059312,0.02777922324059312,-0.014723655019979858,-0.00023149352700494268,0.00023149352700494268
120,132.0,1.1,0.09531017980432493,0.05,0.25,0.5,0.25,12,0.08333333333333333,0.2886751345948129,call,3.3906037341220565,0.0008466298681956944,3.3640755402121565,-0.026528193909900022,0.026528193909900022,-0.007824032529348076,-0.00022106828258250017,0.00022106828258250017
120,132.0,1.1,0.09531017980432493,0.05,0.25,0.5,0.25,26,0.038461538461538464,0.19611613513818404,call,3.1809770761080745,0.0007886023910390191,3.1526604122187147,-0.028316663889359717,0.028316663889359717,-0.008901876125434124,-0.00023597219907799764,0.00023597219907799764
120,132.0,1.1,0.09531017980432493,0.05,0.25,0.5,0.25,52,0.019230769230769232,0.1386750490563073,call,3.0938197907639005,0.0007804059423132899,3.0626832205155052,-0.031136570248395223,0.031136570248395223,-0.010064118906132938,-0.00025947141873662686,0.00025947141873662686
120,132.0,1.1,0.09531017980432493,0.05,0.25,0.5,0.25,126,0.007936507936507936,0.0890870806374748,call,3.0420479916813017,0.0007751428656743526,3.0100248056432437,-0.03202318603805798,0.03202318603805798,-0.010526851031156536,-0.0002668598836504832,0.0002668598836504832
120,132.0,1.1,0.09531017980432493,0.05,0.25,0.6,0.36,12,0.08333333333333333,0.2886751345948129,call,4.722071018878588,0.0012335353093680746,4.701806082651433,-0.020264936227155417,0.020264936227155417,-0.0042915356728302646,-0.00016887446855962847,0.00016887446855962847
120,132.0,1.1,0.09531017980432493,0.05,0.25,0.6,0.36,26,0.038461538461538464,0.19611613513818404,call,4.46341898633689,0.0011932316560965156,4.4363536751955595,-0.027065311141330817,0.027065311141330817,-0.0060638069659562045,-0.00022554425951109013,0.00022554425951109013
120,132.0,1.1,0.09531017980432493,0.05,0.25,0.6,0.36,52,0.019230769230769232,0.1386750490563073,call,4.3541984978623365,0.0011726675666529258,4.323052988478257,-0.03114550938407934,0.03114550938407934,-0.007152983356034414,-0.0002595459115339945,0.0002595459115339945
120,132.0,1.1,0.09531017980432493,0.05,0.25,0.6,0.36,126,0.007936507936507936,0.0890870806374748,call,4.287305374510228,0.0011523378567124857,4.2566486840261355,-0.030656690484092586,0.030656690484092586,-0.0071505731003812,-0.00025547242070077155,0.00025547242070077155
120,144.0,1.2,0.1823215567939546,0.05,0.25,0.1,0.010000000000000002,12,0.08333333333333333,0.2886751345948129,call,0.0,0.0,3.61098217980856e-09,3.61098217980856e-09,3.61098217980856e-09,3610.98217980856,3.009151816507133e-11,3.009151816507133e-11
120,144.0,1.2,0.1823215567939546,0.05,0.25,0.1,0.010000000000000002,26,0.038461538461538464,0.19611613513818404,call,0.0,0.0,1.0584226132668706e-09,1.0584226132668706e-09,1.0584226132668706e-09,1058.4226132668707,8.820188443890588e-12,8.820188443890588e-12
120,144.0,1.2,0.1823215567939546,0.05,0.25,0.1,0.010000000000000002,52,0.019230769230769232,0.1386750490563073,call,0.0,0.0,6.024859432347225e-10,6.024859432347225e-10,6.024859432347225e-10,602.4859432347225,5.020716193622688e-12,5.020716193622688e-12
120,144.0,1.2,0.1823215567939546,0.05,0.25,0.1,0.010000000000000002,126,0.007936507936507936,0.0890870806374748,call,0.0,0.0,4.278712582110835e-10,4.278712582110835e-10,4.278712582110835e-10,427.8712582110835,3.565593818425696e-12,3.565593818425696e-12
120,144.0,1.2,0.1823215567939546,0.05,0.25,0.2,0.04000000000000001,12,0.08333333333333333,0.2886751345948129,call,0.0057437290229636825,3.758400440842953e-05,0.005017095671828394,-0.0007266333511352883,0.0007266333511352883,-0.12650898888686707,-6.055277926127403e-06,6.055277926127403e-06
120,144.0,1.2,0.1823215567939546,0.05,0.25,0.2,0.04000000000000001,26,0.038461538461538464,0.19611613513818404,call,0.00410838512732929,3.667412878674204e-05,0.0034726751866471454,-0.000635709940682145,0.000635709940682145,-0.15473474880759208,-5.297582839017875e-06,5.297582839017875e-06
120,144.0,1.2,0.1823215567939546,0.05,0.25,0.2,0.04000000000000001,52,0.019230769230769232,0.1386750490563073,call,0.003528456370346359,3.299649542103331e-05,0.0029360161660833047,-0.0005924402042630545,0.0005924402042630545,-0.1679035085262793,-4.9370017021921206e-06,4.9370017021921206e-06
120,144.0,1.2,0.1823215567939546,0.05,0.25,0.2,0.04000000000000001,126,0.007936507936507936,0.0890870806374748,call,0.0031202068807260315,3.0449488578923903e-05,0.002652211092711367,-0.0004679957880146645,0.0004679957880146645,-0.1499887045649255,-3.899964900122204e-06,3.899964900122204e-06
120,144.0,1.2,0.1823215567939546,0.05,0.25,0.3,0.09,12,0.08333333333333333,0.2886751345948129,call,0.14122357595980772,0.00019515530919207063,0.13130164594007432,-0.009921930019733405,0.009921930019733405,-0.07025689550983463,-8.268275016444504e-05,8.268275016444504e-05
120,144.0,1.2,0.1823215567939546,0.05,0.25,0.3,0.09,26,0.038461538461538464,0.19611613513818404,call,0.11688084502615728,0.00018217244070173477,0.10725533914545474,-0.009625505880702545,0.009625505880702545,-0.0823531510107444,-8.021254900585454e-05,8.021254900585454e-05
120,144.0,1.2,0.1823215567939546,0.05,0.25,0.3,0.09,52,0.019230769230769232,0.1386750490563073,call,0.10754437369098364,0.00018044908324481456,0.09785030129191775,-0.00969407239906589,0.00969407239906589,-0.09014020972329699,-8.078393665888242e-05,8.078393665888242e-05
120,144.0,1.2,0.1823215567939546,0.05,0.25,0.3,0.09,126,0.007936507936507936,0.0890870806374748,call,0.10253000763406542,0.00017799823164293697,0.09257459376454752,-0.009955413869517898,0.009955413869517898,-0.09709756294029798,-8.296178224598249e-05,8.296178224598249e-05
120,144.0,1.2,0.1823215567939546,0.05,0.25,0.4,0.16000000000000003,12,0.08333333333333333,0.2886751345948129,call,0.5797866667126753,0.0004365731849312183,0.5526957421553205,-0.027090924557354845,0.027090924557354845,-0.0467256770683557,-0.0002257577046446237,0.0002257577046446237
120,144.0,1.2,0.1823215567939546,0.05,0.25,0.4,0.16000000000000003,26,0.038461538461538464,0.19611613513818404,call,0.508687279784693,0.00041417565451446874,0.48016390593947733,-0.028523373845215638,0.028523373845215638,-0.05607251248210579,-0.00023769478204346364,0.00023769478204346364
120,144.0,1.2,0.1823215567939546,0.05,0.25,0.4,0.16000000000000003,52,0.019230769230769232,0.1386750490563073,call,0.47893263902567124,0.00040780135023454976,0.45060421484492263,-0.0283284241807486,0.0283284241807486,-0.059149078330470964,-0.00023607020150623835,0.00023607020150623835
120,144.0,1.2,0.1823215567939546,0.05,0.25,0.4,0.16000000000000003,126,0.007936507936507936,0.0890870806374748,call,0.46253449454467266,0.00040734516758928857,0.43367754865491703,-0.028856945889755625,0.028856945889755625,-0.062388743391264094,-0.00024047454908129688,0.00024047454908129688
120,144.0,1.2,0.1823215567939546,0.05,0.25,0.5,0.25,12,0.08333333333333333,0.2886751345948129,call,1.3104497458610675,0.000753912757265746,1.2659972471173537,-0.04445249874371382,0.04445249874371382,-0.03392155928459894,-0.0003704374895309485,0.0003704374895309485
120,144.0,1.2,0.1823215567939546,0.05,0.25,0.5,0.25,26,0.038461538461538464,0.19611613513818404,call,1.1816107936400468,0.0007152715870200413,1.1340330961795833,-0.047577697460463586,0.047577697460463586,-0.04026511751293053,-0.0003964808121705299,0.0003964808121705299
120,144.0,1.2,0.1823215567939546,0.05,0.25,0.5,0.25,52,0.019230769230769232,0.1386750490563073,call,1.1288763916278042,0.0007092749336713698,1.0792188821356181,-0.04965750949218606,0.04965750949218606,-0.04398843829179694,-0.00041381257910155046,0.00041381257910155046
120,144.0,1.2,0.1823215567939546,0.05,0.25,0.5,0.25,126,0.007936507936507936,0.0890870806374748,call,1.0967608224484826,0.0006973260309520498,1.0475292839186474,-0.049231538529835195,0.049231538529835195,-0.04488812649227149,-0.00041026282108195996,0.00041026282108195996
120,144.0,1.2,0.1823215567939546,0.05,0.25,0.6,0.36,12,0.08333333333333333,0.2886751345948129,call,2.257899312390807,0.0011632007752516943,2.200401912574922,-0.057497399815884975,0.057497399815884975,-0.025464997265534875,-0.00047914499846570815,0.00047914499846570815
120,144.0,1.2,0.1823215567939546,0.05,0.25,0.6,0.36,26,0.038461538461538464,0.19611613513818404,call,2.070507264278066,0.0011190640949276852,2.0066601933552026,-0.06384707092286357,0.06384707092286357,-0.030836438984977642,-0.0005320589243571964,0.0005320589243571964
120,144.0,1.2,0.1823215567939546,0.05,0.25,0.6,0.36,52,0.019230769230769232,0.1386750490563073,call,1.988840765366653,0.0010818935628617563,1.9253463234566675,-0.06349444190998565,0.06349444190998565,-0.03192535220298551,-0.0005291203492498804,0.0005291203492498804
120,144.0,1.2,0.1823215567939546,0.05,0.25,0.6,0.36,126,0.007936507936507936,0.0890870806374748,call,1.9450083624495926,0.0010730856969785527,1.8780908049142369,-0.06691755753535578,0.06691755753535578,-0.03440476597801262,-0.0005576463127946314,0.0005576463127946314
120,156.0,1.3,0.26236426446749106,0.05,0.25,0.1,0.010000000000000002,12,0.08333333333333333,0.2886751345948129,call,0.0,0.0,6.623326167489062e-15,6.623326167489062e-15,6.623326167489062e-15,0.006623326167489062,5.519438472907552e-17,5.519438472907552e-17
120,156.0,1.3,0.26236426446749106,0.05,0.25,0.1,0.010000000000000002,26,0.038461538461538464,0.19611613513818404,call,0.0,0.0,0.0,0.0,0.0,0.0,0.0,0.0
120,156.0,1.3,0.26236426446749106,0.05,0.25,0.1,0.010000000000000002,52,0.019230769230769232,0.1386750490563073,call,0.0,0.0,0.0,0.0,0.0,0.0,0.0,0.0
120,156.0,1.3,0.26236426446749106,0.05,0.25,0.1,0.010000000000000002,126,0.007936507936507936,0.0890870806374748,call,0.0,0.0,0.0,0.0,0.0,0.0,0.0,0.0
120,156.0,1.3,0.26236426446749106,0.05,0.25,0.2,0.04000000000000001,12,0.08333333333333333,0.2886751345948129,call,3.892720025485895e-05,4.407801316671799e-06,2.8925861717314365e-05,-1.0001338537544584e-05,1.0001338537544584e-05,-0.2569241679870415,-8.334448781287153e-08,8.334448781287153e-08
120,156.0,1.3,0.26236426446749106,0.05,0.25,0.2,0.04000000000000001,26,0.038461538461538464,0.19611613513818404,call,1.986694695468737e-05,3.235636829137588e-06,1.4648356146704673e-05,-5.218590807982696e-06,5.218590807982696e-06,-0.26267703940043147,-4.348825673318913e-08,4.348825673318913e-08
120,156.0,1.3,0.26236426446749106,0.05,0.25,0.2,0.04000000000000001,52,0.019230769230769232,0.1386750490563073,call,1.778335596297535e-05,5.176470080624337e-19,1.072669695762914e-05,-7.056659005346209e-06,7.056659005346209e-06,-0.39681256001612153,-5.8805491711218405e-08,5.8805491711218405e-08
120,156.0,1.3,0.26236426446749106,0.05,0.25,0.2,0.04000000000000001,126,0.007936507936507936,0.0890870806374748,call,1.3919317983351342e-05,2.8387544881935745e-06,8.87916092450215e-06,-5.0401570588491915e-06,5.0401570588491915e-06,-0.3620979896340925,-4.2001308823743266e-08,4.2001308823743266e-08
120,156.0,1.3,0.26236426446749106,0.05,0.25,0.3,0.09,12,0.08333333333333333,0.2886751345948129,call,0.012461075996706612,9.772663356895513e-05,0.010435792845982728,-0.002025283150723884,0.002025283150723884,-0.16252875363725847,-1.68773595893657e-05,1.68773595893657e-05
120,156.0,1.3,0.26236426446749106,0.05,0.25,0.3,0.09,26,0.038461538461538464,0.19611613513818404,call,0.00933936214107386,9.764471215917862e-05,0.007387069160258031,-0.0019522929808158283,0.0019522929808158283,-0.2090392203799209,-1.6269108173465234e-05,1.6269108173465234e-05
120,156.0,1.3,0.26236426446749106,0.05,0.25,0.3,0.09,52,0.019230769230769232,0.1386750490563073,call,0.008003193165752917,8.983221014998005e-05,0.00631037976633731,-0.001692813399415607,0.001692813399415607,-0.21151724872260433,-1.4106778328463392e-05,1.4106778328463392e-05
120,156.0,1.3,0.26236426446749106,0.05,0.25,0.3,0.09,126,0.007936507936507936,0.0890870806374748,call,0.007371438784486593,8.81822337850398e-05,0.005736375044892981,-0.001635063739593612,0.001635063739593612,-0.22181066510850653,-1.36255311632801e-05,1.36255311632801e-05
120,156.0,1.3,0.26236426446749106,0.05,0.25,0.4,0.16000000000000003,12,0.08333333333333333,0.2886751345948129,call,0.12868779098694424,0.0003178861845355062,0.11452899598625382,-0.014158795000690422,0.014158795000690422,-0.1100243845364233,-0.00011798995833908685,0.00011798995833908685
120,156.0,1.3,0.26236426446749106,0.05,0.25,0.4,0.16000000000000003,26,0.038461538461538464,0.19611613513818404,call,0.10446689694197608,0.00029871831952624705,0.09147555842187201,-0.012991338520104076,0.012991338520104076,-0.1243584226237699,-0.00010826115433420064,0.00010826115433420064
120,156.0,1.3,0.26236426446749106,0.05,0.25,0.4,0.16000000000000003,52,0.019230769230769232,0.1386750490563073,call,0.09576352310661711,0.0002998058781955972,0.08259942907710102,-0.013164094029516085,0.013164094029516085,-0.1374645961475332,-0.00010970078357930071,0.00010970078357930071
120,156.0,1.3,0.26236426446749106,0.05,0.25,0.4,0.16000000000000003,126,0.007936507936507936,0.0890870806374748,call,0.09067780134557503,0.00029549925365711475,0.07765933123262378,-0.01301847011295125,0.01301847011295125,-0.14356843593215923,-0.00010848725094126041,0.00010848725094126041
120,156.0,1.3,0.26236426446749106,0.05,0.25,0.5,0.25,12,0.08333333333333333,0.2886751345948129,call,0.45331240661057354,0.0006290480775405802,0.4186372235142484,-0.03467518309632511,0.03467518309632511,-0.07649290553415952,-0.0002889598591360426,0.0002889598591360426
120,156.0,1.3,0.26236426446749106,0.05,0.25,0.5,0.25,26,0.038461538461538464,0.19611613513818404,call,0.3900623085645589,0.0006136650463972373,0.3544006673807806,-0.03566164118377835,0.03566164118377835,-0.09142549895429339,-0.0002971803431981529,0.0002971803431981529
120,156.0,1.3,0.26236426446749106,0.05,0.25,0.5,0.25,52,0.019230769230769232,0.1386750490563073,call,0.3651492507534743,0.0006114946695041826,0.3286652229705859,-0.036484027782888395,0.036484027782888395,-0.09991538448348099,-0.0003040335648574033,0.0003040335648574033
120,156.0,1.3,0.26236426446749106,0.05,0.25,0.5,0.25,126,0.007936507936507936,0.0890870806374748,call,0.350468393250334,0.000611930867376634,0.31405412956714907,-0.036414263683184955,0.036414263683184955,-0.10390170521646676,-0.00030345219735987465,0.00030345219735987465
120,156.0,1.3,0.26236426446749106,0.05,0.25,0.6,0.36,12,0.08333333333333333,0.2886751345948129,call,1.0104223246556805,0.0010472178705491315,0.9519414462706478,-0.058480878385032686,0.058480878385032686,-0.05787765863641334,-0.0004873406532086057,0.0004873406532086057
120,156.0,1.3,0.26236426446749106,0.05,0.25,0.6,0.36,26,0.038461538461538464,0.19611613513818404,call,0.8948081297534489,0.001013857944759988,0.8330110752032456,-0.061797054550203345,0.061797054550203345,-0.06906179380291348,-0.0005149754545850279,0.0005149754545850279
120,156.0,1.3,0.26236426446749106,0.05,0.25,0.6,0.36,52,0.019230769230769232,0.1386750490563073,call,0.850223624089963,0.0010050392254631112,0.784324961548336,-0.06589866254162702,0.06589866254162702,-0.07750744706977727,-0.0005491555211802251,0.0005491555211802251
120,156.0,1.3,0.26236426446749106,0.05,0.25,0.6,0.36,126,0.007936507936507936,0.0890870806374748,call,0.8210092214059056,0.000978448070014921,0.7563832740249735,-0.06462594738093208,0.06462594738093208,-0.07871525154159154,-0.0005385495615077673,0.0005385495615077673
120,84.0,0.7,-0.35667494393873245,0.05,0.5,0.1,0.010000000000000002,12,0.08333333333333333,0.2886751345948129,call,36.70973533522348,0.00010513447994486242,36.70988295821453,0.0001476229910508664,0.0001476229910508664,4.021358086698604e-06,1.2301915920905534e-06,1.2301915920905534e-06
120,84.0,0.7,-0.35667494393873245,0.05,0.5,0.1,0.010000000000000002,26,0.038461538461538464,0.19611613513818404,call,36.64347506419835,0.0001044459569610075,36.64337591066126,-9.915353708578323e-05,9.915353708578323e-05,-2.705898851352635e-06,-8.262794757148602e-07,8.262794757148602e-07
120,84.0,0.7,-0.35667494393873245,0.05,0.5,0.1,0.010000000000000002,52,0.019230769230769232,0.1386750490563073,call,36.61478786971978,0.00010302694896480471,36.61488049940488,9.262968510626024e-05,9.262968510626024e-05,2.5298435549005177e-06,7.719140425521687e-07,7.719140425521687e-07
120,84.0,0.7,-0.35667494393873245,0.05,0.5,0.1,0.010000000000000002,126,0.007936507936507936,0.0890870806374748,call,36.59824825126635,0.00010422359215242979,36.59814722716744,-0.00010102409891032949,0.00010102409891032949,-2.7603533977021404e-06,-8.418674909194124e-07,8.418674909194124e-07
120,84.0,0.7,-0.35667494393873245,0.05,0.5,0.2,0.04000000000000001,12,0.08333333333333333,0.2886751345948129,call,36.70973244666826,0.0004126214293066801,36.70990226946666,0.000169822798397945,0.000169822798397945,4.626097415573999e-06,1.4151899866495418e-06,1.4151899866495418e-06
120,84.0,0.7,-0.35667494393873245,0.05,0.5,0.2,0.04000000000000001,26,0.038461538461538464,0.19611613513818404,call,36.643196076336935,0.0004062737437486034,36.64338599182166,0.00018991548472513387,0.00018991548472513387,5.182830786088977e-06,1.5826290393761155e-06,1.5826290393761155e-06
120,84.0,0.7,-0.35667494393873245,0.05,0.5,0.2,0.04000000000000001,52,0.019230769230769232,0.1386750490563073,call,36.61515835171475,0.0004057414176358714,36.61488798841611,-0.00027036329863960873,0.00027036329863960873,-7.3839172301967435e-06,-2.253027488663406e-06,2.253027488663406e-06
120,84.0,0.7,-0.35667494393873245,0.05,0.5,0.2,0.04000000000000001,126,0.007936507936507936,0.0890870806374748,call,36.59803732990973,0.00040513523628939196,36.598153481351765,0.00011615144203602767,0.00011615144203602767,3.173706857255511e-06,9.67928683633564e-07,9.67928683633564e-07
120,84.0,0.7,-0.35667494393873245,0.05,0.5,0.3,0.09,12,0.08333333333333333,0.2886751345948129,call,36.714873458417806,0.0009171848848369761,36.71863263983299,0.003759181415183832,0.003759181415183832,0.0001023885161810886,3.13265117931986e-05,3.13265117931986e-05
120,84.0,0.7,-0.35667494393873245,0.05,0.5,0.3,0.09,26,0.038461538461538464,0.19611613513818404,call,36.64802431325217,0.0009170451371622618,36.64966955544204,0.0016452421898662806,0.0016452421898662806,4.489306642572134e-05,1.3710351582219005e-05,1.3710351582219005e-05
120,84.0,0.7,-0.35667494393873245,0.05,0.5,0.3,0.09,52,0.019230769230769232,0.1386750490563073,call,36.6171713553195,0.000907394580861551,36.62029736359544,0.003126008275941672,0.003126008275941672,8.537000975875616e-05,2.60500689661806e-05,2.60500689661806e-05
120,84.0,0.7,-0.35667494393873245,0.05,0.5,0.3,0.09,126,0.007936507936507936,0.0890870806374748,call,36.601240668578086,0.0009057876514877192,36.60309410063879,0.001853432060705984,0.001853432060705984,5.063850369141019e-05,1.5445267172549867e-05,1.5445267172549867e-05
120,84.0,0.7,-0.35667494393873245,0.05,0.5,0.4,0.16000000000000003,12,0.08333333333333333,0.2886751345948129,call,36.792632691235184,0.001602376420819063,36.81418297678474,0.021550285549558623,0.021550285549558623,0.0005857228464842195,0.00017958571291298853,0.00017958571291298853
120,84.0,0.7,-0.35667494393873245,0.05,0.5,0.4,0.16000000000000003,26,0.038461538461538464,0.19611613513818404,call,36.70678724346178,0.0015786274907208574,36.72758676619963,0.020799522737846132,0.020799522737846132,0.0005666396952664645,0.00017332935614871776,0.00017332935614871776
120,84.0,0.7,-0.35667494393873245,0.05,0.5,0.4,0.16000000000000003,52,0.019230769230769232,0.1386750490563073,call,36.67051442083363,0.0015637904091109886,36.69130366198313,0.020789241149493876,0.020789241149493876,0.0005669198122206564,0.0001732436762457823,0.0001732436762457823
120,84.0,0.7,-0.35667494393873245,0.05,0.5,0.4,0.16000000000000003,126,0.007936507936507936,0.0890870806374748,call,36.647535161735306,0.0015701895935782873,36.670221049695485,0.02268588796017923,0.02268588796017923,0.0006190290250097416,0.00018904906633482693,0.00018904906633482693
120,84.0,0.7,-0.35667494393873245,0.05,0.5,0.5,0.25,12,0.08333333333333333,0.2886751345948129,call,37.0392895700557,0.002455899021646522,37.10681583659835,0.06752626654265015,0.06752626654265015,0.0018230983187442545,0.0005627188878554179,0.0005627188878554179
120,84.0,0.7,-0.35667494393873245,0.05,0.5,0.5,0.25,26,0.038461538461538464,0.19611613513818404,call,36.91220946479855,0.0024124789540981846,36.982207284511404,0.06999781971285302,0.06999781971285302,0.001896332425714225,0.0005833151642737751,0.0005833151642737751
120,84.0,0.7,-0.35667494393873245,0.05,0.5,0.5,0.25,52,0.019230769230769232,0.1386750490563073,call,36.86250434885145,0.0024207975523619844,36.93031923709198,0.06781488824052673,0.06781488824052673,0.001839671217092435,0.0005651240686710561,0.0005651240686710561
120,84.0,0.7,-0.35667494393873245,0.05,0.5,0.5,0.25,126,0.007936507936507936,0.0890870806374748,call,36.83484341311657,0.002434307603838096,36.90027169202214,0.06542827890556424,0.06542827890556424,0.00177626054145966,0.0005452356575463686,0.0005452356575463686
120,84.0,0.7,-0.35667494393873245,0.05,0.5,0.6,0.36,12,0.08333333333333333,0.2886751345948129,call,37.500151850264125,0.003534026137633523,37.63384938745818,0.13369753719405253,0.13369753719405253,0.0035652532215842444,0.001114146143283771,0.001114146143283771
120,84.0,0.7,-0.35667494393873245,0.05,0.5,0.6,0.36,26,0.038461538461538464,0.19611613513818404,call,37.320519248143256,0.003484348107778157,37.457539711027735,0.1370204628844789,0.1370204628844789,0.0036714511385394465,0.0011418371907039907,0.0011418371907039907
120,84.0,0.7,-0.35667494393873245,0.05,0.5,0.6,0.36,52,0.019230769230769232,0.1386750490563073,call,37.24235710323295,0.0034399750621810013,37.383919909725016,0.1415628064920682,0.1415628064920682,0.0038011237070647006,0.0011796900541005684,0.0011796900541005684
120,84.0,0.7,-0.35667494393873245,0.05,0.5,0.6,0.36,126,0.007936507936507936,0.0890870806374748,call,37.19455454330791,0.0034011469851539396,37.34123808346093,0.14668354015302043,0.14668354015302043,0.003943683207234752,0.0012223628346085037,0.0012223628346085037
120,96.0,0.8,-0.2231435513142097,0.05,0.5,0.1,0.010000000000000002,12,0.08333333333333333,0.2886751345948129,call,25.006448088526035,0.00010588255727020772,25.00616403473997,-0.00028405378606422005,0.00028405378606422005,-1.1359221631902027e-05,-2.3671148838685e-06,2.3671148838685e-06
120,96.0,0.8,-0.2231435513142097,0.05,0.5,0.1,0.010000000000000002,26,0.038461538461538464,0.19611613513818404,call,24.939810928384073,0.00010441536065613706,24.9396569741142,-0.000153954269872969,0.000153954269872969,-6.173032759352365e-06,-1.2829522489414083e-06,1.2829522489414083e-06
120,96.0,0.8,-0.2231435513142097,0.05,0.5,0.1,0.010000000000000002,52,0.019230769230769232,0.1386750490563073,call,24.911186568697364,0.00010359784834789498,24.91116156002919,-2.5008668174564264e-05,2.5008668174564264e-05,-1.0039131659023176e-06,-2.0840556812136885e-07,2.0840556812136885e-07
120,96.0,0.8,-0.2231435513142097,0.05,0.5,0.1,0.010000000000000002,126,0.007936507936507936,0.0890870806374748,call,24.894386038835375,0.000103638474726633,24.89442828660368,4.224776830596966e-05,4.224776830596966e-05,1.6970801465062409e-06,3.5206473588308046e-07,3.5206473588308046e-07
120,96.0,0.8,-0.2231435513142097,0.05,0.5,0.2,0.04000000000000001,12,0.08333333333333333,0.2886751345948129,call,25.013997062156832,0.0004044538536425465,25.015275865542097,0.0012788033852650926,0.0012788033852650926,5.1123512251457335e-05,1.0656694877209105e-05,1.0656694877209105e-05
120,96.0,0.8,-0.2231435513142097,0.05,0.5,0.2,0.04000000000000001,26,0.038461538461538464,0.19611613513818404,call,24.944146663998822,0.0003989257445210247,24.946394993534508,0.002248329535685656,0.002248329535685656,9.013455404873024e-05,1.8736079464047133e-05,1.8736079464047133e-05
120,96.0,0.8,-0.2231435513142097,0.05,0.5,0.2,0.04000000000000001,52,0.019230769230769232,0.1386750490563073,call,24.915779385196053,0.00040118042354009157,24.91703508552632,0.0012557003302653413,0.0012557003302653413,5.0397794540251374e-05,1.0464169418877844e-05,1.0464169418877844e-05
120,96.0,0.8,-0.2231435513142097,0.05,0.5,0.2,0.04000000000000001,126,0.007936507936507936,0.0890870806374748,call,24.898070724872454,0.0003984109956725177,24.899833789095386,0.0017630642229313764,0.0017630642229313764,7.081127860923481e-05,1.469220185776147e-05,1.469220185776147e-05
120,96.0,0.8,-0.2231435513142097,0.05,0.5,0.3,0.09,12,0.08333333333333333,0.2886751345948129,call,25.17512284940018,0.000862171418890045,25.196891947383683,0.021769097983504793,0.021769097983504793,0.0008647067231301897,0.00018140914986253994,0.00018140914986253994
120,96.0,0.8,-0.2231435513142097,0.05,0.5,0.3,0.09,26,0.038461538461538464,0.19611613513818404,call,25.07920938041253,0.0008521768453977589,25.10066215797158,0.02145277755905184,0.02145277755905184,0.0008554008714408269,0.00017877314632543199,0.00017877314632543199
120,96.0,0.8,-0.2231435513142097,0.05,0.5,0.3,0.09,52,0.019230769230769232,0.1386750490563073,call,25.03869569974515,0.0008475256068493253,25.060287704329497,0.021592004584345403,0.021592004584345403,0.0008623454209943201,0.0001799333715362117,0.0001799333715362117
120,96.0,0.8,-0.2231435513142097,0.05,0.5,0.3,0.09,126,0.007936507936507936,0.0890870806374748,call,25.016014004214444,0.0008434784784843308,25.036818169530424,0.020804165315979617,0.020804165315979617,0.0008316339010873092,0.00017336804429983013,0.00017336804429983013
120,96.0,0.8,-0.2231435513142097,0.05,0.5,0.4,0.16000000000000003,12,0.08333333333333333,0.2886751345948129,call,25.68274625475715,0.0014820193869733364,25.74517907015668,0.06243281539953216,0.06243281539953216,0.002430924433868434,0.000520273461662768,0.000520273461662768
120,96.0,0.8,-0.2231435513142097,0.05,0.5,0.4,0.16000000000000003,26,0.038461538461538464,0.19611613513818404,call,25.529991219669082,0.0014516227612834528,25.595223017250404,0.06523179758132258,0.06523179758132258,0.0025551045834698925,0.0005435983131776882,0.0005435983131776882
120,96.0,0.8,-0.2231435513142097,0.05,0.5,0.4,0.16000000000000003,52,0.019230769230769232,0.1386750490563073,call,25.466588950867635,0.0014443007460684528,25.532284501864254,0.06569555099661883,0.06569555099661883,0.002579676105165259,0.0005474629249718236,0.0005474629249718236
120,96.0,0.8,-0.2231435513142097,0.05,0.5,0.4,0.16000000000000003,126,0.007936507936507936,0.0890870806374748,call,25.430236786315337,0.001441901641459809,25.495701745645285,0.06546495932994745,0.06546495932994745,0.002574296097988982,0.0005455413277495621,0.0005455413277495621
120,96.0,0.8,-0.2231435513142097,0.05,0.5,0.5,0.25,12,0.08333333333333333,0.2886751345948129,call,26.5101299573033,0.00226031623760784,26.63136169847605,0.12123174117274971,0.12123174117274971,0.004573034585948964,0.0010102645097729143,0.0010102645097729143
120,96.0,0.8,-0.2231435513142097,0.05,0.5,0.5,0.25,26,0.038461538461538464,0.19611613513818404,call,26.289570532341614,0.002228185640614053,26.417595010859873,0.1280244785182596,0.1280244785182596,0.004869782043824679,0.00106687065431883,0.00106687065431883
120,96.0,0.8,-0.2231435513142097,0.05,0.5,0.5,0.25,52,0.019230769230769232,0.1386750490563073,call,26.199831916253615,0.0022136932734361093,26.32741007404118,0.1275781577875641,0.1275781577875641,0.004869426574771967,0.0010631513148963675,0.0010631513148963675
120,96.0,0.8,-0.2231435513142097,0.05,0.5,0.5,0.25,126,0.007936507936507936,0.0890870806374748,call,26.14334320471713,0.0021979319796490058,26.27485939754761,0.13151619283047822,0.13151619283047822,0.005030580511475989,0.0010959682735873185,0.0010959682735873185
120,96.0,0.8,-0.2231435513142097,0.05,0.5,0.6,0.36,12,0.08333333333333333,0.2886751345948129,call,27.574526623503946,0.0032634619379855465,27.765582053161296,0.19105542965735012,0.19105542965735012,0.006928693002276184,0.0015921285804779176,0.0015921285804779176
120,96.0,0.8,-0.2231435513142097,0.05,0.5,0.6,0.36,26,0.038461538461538464,0.19611613513818404,call,27.281312675736675,0.0032069241802483283,27.48615496764037,0.20484229190369518,0.20484229190369518,0.007508520368445352,0.0017070190991974599,0.0017070190991974599
120,96.0,0.8,-0.2231435513142097,0.05,0.5,0.6,0.36,52,0.019230769230769232,0.1386750490563073,call,27.16270170624043,0.0032106997757480626,27.36774167669258,0.20503997045215172,0.20503997045215172,0.007548585286898958,0.0017086664204345977,0.0017086664204345977
120,96.0,0.8,-0.2231435513142097,0.05,0.5,0.6,0.36,126,0.007936507936507936,0.0890870806374748,call,27.091112361561105,0.0031481262420769325,27.298589601785324,0.2074772402242182,0.2074772402242182,0.007658498383351819,0.001728977001868485,0.001728977001868485
120,108.0,0.9,-0.10536051565782628,0.05,0.5,0.1,0.010000000000000002,12,0.08333333333333333,0.2886751345948129,call,13.306431330635817,0.00010290408881559061,13.30704974935095,0.0006184187151330178,0.0006184187151330178,4.6475174279764466e-05,5.153489292775148e-06,5.153489292775148e-06
120,108.0,0.9,-0.10536051565782628,0.05,0.5,0.1,0.010000000000000002,26,0.038461538461538464,0.19611613513818404,call,13.238863880146345,0.00010230579878368619,13.239409672279198,0.0005457921328524407,0.0005457921328524407,4.122650839177654e-05,4.548267773770339e-06,4.548267773770339e-06
120,108.0,0.9,-0.10536051565782628,0.05,0.5,0.1,0.010000000000000002,52,0.019230769230769232,0.1386750490563073,call,13.209960715874592,0.00010138144491115059,13.210496048764616,0.000535332890024165,0.000535332890024165,4.0524941863063074e-05,4.461107416868041e-06,4.461107416868041e-06
120,108.0,0.9,-0.10536051565782628,0.05,0.5,0.1,0.010000000000000002,126,0.007936507936507936,0.0890870806374748,call,13.193214446713826,0.00010267766780217919,13.193534832231615,0.0003203855177886794,0.0003203855177886794,2.4284113555698417e-05,2.669879314905662e-06,2.669879314905662e-06
120,108.0,0.9,-0.10536051565782628,0.05,0.5,0.2,0.04000000000000001,12,0.08333333333333333,0.2886751345948129,call,13.670590485819119,0.0003577136869108968,13.68621521851766,0.01562473269854081,0.01562473269854081,0.0011429449748164703,0.00013020610582117342,0.00013020610582117342
120,108.0,0.9,-0.10536051565782628,0.05,0.5,0.2,0.04000000000000001,26,0.038461538461538464,0.19611613513818404,call,13.5627948578203,0.0003537555764626381,13.578303929303514,0.015509071483213788,0.015509071483213788,0.0011435011474992018,0.0001292422623601149,0.0001292422623601149
120,108.0,0.9,-0.10536051565782628,0.05,0.5,0.2,0.04000000000000001,52,0.019230769230769232,0.1386750490563073,call,13.516181259669098,0.0003477732813479435,13.53265991147482,0.01647865180572161,0.01647865180572161,0.001219179551467856,0.00013732209838101343,0.00013732209838101343
120,108.0,0.9,-0.10536051565782628,0.05,0.5,0.2,0.04000000000000001,126,0.007936507936507936,0.0890870806374748,call,13.489539464334388,0.0003445061696062485,13.506026695129728,0.01648723079533987,0.01648723079533987,0.0012222234005046068,0.00013739358996116556,0.00013739358996116556
120,108.0,0.9,-0.10536051565782628,0.05,0.5,0.3,0.09,12,0.08333333333333333,0.2886751345948129,call,14.697162953867174,0.0007532113315779997,14.74075050812893,0.0435875542617552,0.0435875542617552,0.0029657121172686103,0.00036322961884796003,0.00036322961884796003
120,108.0,0.9,-0.10536051565782628,0.05,0.5,0.3,0.09,26,0.038461538461538464,0.19611613513818404,call,14.520133638330796,0.0007387047586776526,14.566337301738466,0.04620366340767035,0.04620366340767035,0.0031820411959363913,0.0003850305283972529,0.0003850305283972529
120,108.0,0.9,-0.10536051565782628,0.05,0.5,0.3,0.09,52,0.019230769230769232,0.1386750490563073,call,14.445030333695465,0.0007302829301236712,14.492211798849489,0.04718146515402388,0.04718146515402388,0.003266276640760329,0.00039317887628353233,0.00039317887628353233
120,108.0,0.9,-0.10536051565782628,0.05,0.5,0.3,0.09,126,0.007936507936507936,0.0890870806374748,call,14.400617016901933,0.0007264217205201994,14.448859938939298,0.04824292203736569,0.04824292203736569,0.003350059374590909,0.0004020243503113807,0.0004020243503113807
120,108.0,0.9,-0.10536051565782628,0.05,0.5,0.4,0.16000000000000003,12,0.08333333333333333,0.2886751345948129,call,16.091115403036863,0.001326819384530371,16.170306055680232,0.07919065264336922,0.07919065264336922,0.004921389888759584,0.0006599221053614102,0.0006599221053614102
120,108.0,0.9,-0.10536051565782628,0.05,0.5,0.4,0.16000000000000003,26,0.038461538461538464,0.19611613513818404,call,15.843890042712879,0.001281737772264095,15.928202904947243,0.08431286223436452,0.08431286223436452,0.0053214748402740115,0.0007026071852863709,0.0007026071852863709
120,108.0,0.9,-0.10536051565782628,0.05,0.5,0.4,0.16000000000000003,52,0.019230769230769232,0.1386750490563073,call,15.738265938907631,0.0012799475857378602,15.8249199872246,0.08665404831696932,0.08665404831696932,0.005505946376388646,0.0007221170693080777,0.0007221170693080777
120,108.0,0.9,-0.10536051565782628,0.05,0.5,0.4,0.16000000000000003,126,0.007936507936507936,0.0890870806374748,call,15.677454694006817,0.0012756558999458668,15.764401706825575,0.08694701281875794,0.08694701281875794,0.0055459903738070485,0.0007245584401563162,0.0007245584401563162
120,108.0,0.9,-0.10536051565782628,0.05,0.5,0.5,0.25,12,0.08333333333333333,0.2886751345948129,call,17.66903147363668,0.002093535330172013,17.791947352197493,0.1229158785608142,0.1229158785608142,0.006956571374283448,0.001024298988006785,0.001024298988006785
120,108.0,0.9,-0.10536051565782628,0.05,0.5,0.5,0.25,26,0.038461538461538464,0.19611613513818404,call,17.351084381935394,0.0020221240201008565,17.484277844144067,0.13319346220867345,0.13319346220867345,0.00767637683483023,0.001109945518405612,0.001109945518405612
120,108.0,0.9,-0.10536051565782628,0.05,0.5,0.5,0.25,52,0.019230769230769232,0.1386750490563073,call,17.21644713650165,0.0019691663535211716,17.35272983473454,0.13628269823288974,0.13628269823288974,0.007915843330064795,0.0011356891519407478,0.0011356891519407478
120,108.0,0.9,-0.10536051565782628,0.05,0.5,0.5,0.25,126,0.007936507936507936,0.0890870806374748,call,17.137706923368704,0.001980435917799332,17.27556329770808,0.1378563743393748,0.1378563743393748,0.008044038502688831,0.00114880311949479,0.00114880311949479
120,108.0,0.9,-0.10536051565782628,0.05,0.5,0.6,0.36,12,0.08333333333333333,0.2886751345948129,call,19.338846927293456,0.003014367415922221,19.522846772046606,0.18399984475314923,0.18399984475314923,0.009514519942420408,0.001533332039609577,0.001533332039609577
120,108.0,0.9,-0.10536051565782628,0.05,0.5,0.6,0.36,26,0.038461538461538464,0.19611613513818404,call,18.952151893328345,0.0029261301305242965,19.151782644199695,0.19963075087134996,0.19963075087134996,0.01053340813196127,0.001663589590594583,0.001663589590594583
120,108.0,0.9,-0.10536051565782628,0.05,0.5,0.6,0.36,52,0.019230769230769232,0.1386750490563073,call,18.792749015430942,0.002908734455520211,18.99290802496673,0.20015900953578836,0.20015900953578836,0.010650863765138113,0.0016679917461315697,0.0016679917461315697
120,108.0,0.9,-0.10536051565782628,0.05,0.5,0.6,0.36,126,0.007936507936507936,0.0890870806374748,call,18.697110606163964,0.0028726694843652693,18.89964657048378,0.2025359643198179,0.2025359643198179,0.01083247398948621,0.0016877997026651492,0.0016877997026651492
120,120.0,1.0,0.0,0.05,0.5,0.1,0.010000000000000002,12,0.08333333333333333,0.2886751345948129,call,2.940140657804911,8.131692155675134e-05,2.942569162982803,0.0024285051778920597,0.0024285051778920597,0.0008259826520358264,2.0237543149100497e-05,2.0237543149100497e-05
120,120.0,1.0,0.0,0.05,0.5,0.1,0.010000000000000002,26,0.038461538461538464,0.19611613513818404,call,2.836873535969307,7.745289018065504e-05,2.8396529723638366,0.0027794363945297107,0.0027794363945297107,0.0009797533655584788,2.3161969954414256e-05,2.3161969954414256e-05
120,120.0,1.0,0.0,0.05,0.5,0.1,0.010000000000000002,52,0.019230769230769232,0.1386750490563073,call,2.7929130813059047,7.676865483930825e-05,2.795501171977873,0.0025880906719684127,0.0025880906719684127,0.0009266635217871794,2.156742226640344e-05,2.156742226640344e-05
120,120.0,1.0,0.0,0.05,0.5,0.1,0.010000000000000002,126,0.007936507936507936,0.0890870806374748,call,2.766758937168055,7.559770260729594e-05,2.7695572506993744,0.0027983135313194296,0.0027983135313194296,0.0010114048946322995,2.3319279427661912e-05,2.3319279427661912e-05
120,120.0,1.0,0.0,0.05,0.5,0.2,0.04000000000000001,12,0.08333333333333333,0.2886751345948129,call,4.931587431276318,0.000299922927875263,4.939321663315766,0.00773423203944823,0.00773423203944823,0.0015683047593149078,6.445193366206858e-05,6.445193366206858e-05
120,120.0,1.0,0.0,0.05,0.5,0.2,0.04000000000000001,26,0.038461538461538464,0.19611613513818404,call,4.765949973518647,0.0002865471954763391,4.774487279259768,0.008537305741120882,0.008537305741120882,0.0017913124956319853,7.114421450934068e-05,7.114421450934068e-05
120,120.0,1.0,0.0,0.05,0.5,0.2,0.04000000000000001,52,0.019230769230769232,0.1386750490563073,call,4.695608987723049,0.00028334101510587103,4.70373438941322,0.00812540169017062,0.00812540169017062,0.0017304255340286998,6.771168075142183e-05,6.771168075142183e-05
120,120.0,1.0,0.0,0.05,0.5,0.2,0.04000000000000001,126,0.007936507936507936,0.0890870806374748,call,4.653295182156454,0.0002743708621289877,4.66214839859519,0.0088532164387356,0.0088532164387356,0.001902569274496959,7.377680365613e-05,7.377680365613e-05
120,120.0,1.0,0.0,0.05,0.5,0.3,0.09,12,0.08333333333333333,0.2886751345948129,call,6.953009240338021,0.0006736614377747964,6.971183846837607,0.0181746064995858,0.0181746064995858,0.002613919509001291,0.000151455054163215,0.000151455054163215
120,120.0,1.0,0.0,0.05,0.5,0.3,0.09,26,0.038461538461538464,0.19611613513818404,call,6.724403646025686,0.0006438490770873829,6.74310161221504,0.01869796618935382,0.01869796618935382,0.0027806132965270238,0.00015581638491128183,0.00015581638491128183
120,120.0,1.0,0.0,0.05,0.5,0.3,0.09,52,0.019230769230769232,0.1386750490563073,call,6.626122510767677,0.0006318721589109074,6.645178174098533,0.01905566333085673,0.01905566333085673,0.0028758392709900284,0.0001587971944238061,0.0001587971944238061
120,120.0,1.0,0.0,0.05,0.5,0.3,0.09,126,0.007936507936507936,0.0890870806374748,call,6.566766477057426,0.0006220985257428265,6.587615854970218,0.020849377912791844,0.020849377912791844,0.0031749839111279727,0.00017374481593993203,0.00017374481593993203
120,120.0,1.0,0.0,0.05,0.5,0.4,0.16000000000000003,12,0.08333333333333333,0.2886751345948129,call,8.977372580016143,0.001215400013625495,9.015134641813296,0.037762061797153024,0.037762061797153024,0.004206360097074764,0.00031468384830960855,0.00031468384830960855
120,120.0,1.0,0.0,0.05,0.5,0.4,0.16000000000000003,26,0.038461538461538464,0.19611613513818404,call,8.685143151052099,0.0011665561855663431,8.723881045000232,0.03873789394813265,0.03873789394813265,0.004460248181797675,0.00032281578290110544,0.00032281578290110544
120,120.0,1.0,0.0,0.05,0.5,0.4,0.16000000000000003,52,0.019230769230769232,0.1386750490563073,call,8.55829848420245,0.0011417300374054783,8.598816712041593,0.040518227839143606,0.040518227839143606,0.0047343789088374515,0.00033765189865953005,0.00033765189865953005
120,120.0,1.0,0.0,0.05,0.5,0.4,0.16000000000000003,126,0.007936507936507936,0.0890870806374748,call,8.485229722255035,0.0011141332719020983,8.52529467328774,0.04006495103270602,0.04006495103270602,0.004721728502838737,0.00033387459193921684,0.00033387459193921684
120,120.0,1.0,0.0,0.05,0.5,0.5,0.25,12,0.08333333333333333,0.2886751345948129,call,11.000662484704675,0.001947301940147884,11.067508533797884,0.06684604909320946,0.06684604909320946,0.006076547588488623,0.0005570504091100788,0.0005570504091100788
120,120.0,1.0,0.0,0.05,0.5,0.5,0.25,26,0.038461538461538464,0.19611613513818404,call,10.641953443634081,0.0018498953632053198,10.713578642039993,0.0716251984059113,0.0716251984059113,0.006730455905983769,0.0005968766533825942,0.0005968766533825942
120,120.0,1.0,0.0,0.05,0.5,0.5,0.25,52,0.019230769230769232,0.1386750490563073,call,10.488712592900047,0.0018275006013490458,10.561580887461135,0.07286829456108812,0.07286829456108812,0.006947305869589149,0.0006072357880090676,0.0006072357880090676
120,120.0,1.0,0.0,0.05,0.5,0.5,0.25,126,0.007936507936507936,0.0890870806374748,call,10.39863846910322,0.0018227380788412302,10.472219748329138,0.07358127922591784,0.07358127922591784,0.007076049373631459,0.0006131773268826487,0.0006131773268826487
120,120.0,1.0,0.0,0.05,0.5,0.6,0.36,12,0.08333333333333333,0.2886751345948129,call,13.018225607163158,0.0028876653321169227,13.127905520300594,0.10967991313743575,0.10967991313743575,0.008425104653055435,0.0009139992761452979,0.0009139992761452979
120,120.0,1.0,0.0,0.05,0.5,0.6,0.36,26,0.038461538461538464,0.19611613513818404,call,12.59578108982289,0.0027903549056864227,12.712043738856725,0.11626264903383543,0.11626264903383543,0.009230284982308327,0.0009688554086152953,0.0009688554086152953
120,120.0,1.0,0.0,0.05,0.5,0.6,0.36,52,0.019230769230769232,0.1386750490563073,call,12.415634133898784,0.0027433063568986426,12.533425853018276,0.11779171911949149,0.11779171911949149,0.009487370346866229,0.0009815976593290957,0.0009815976593290957
120,120.0,1.0,0.0,0.05,0.5,0.6,0.36,126,0.007936507936507936,0.0890870806374748,call,12.309782576637497,0.0027163409396714086,12.428408110120543,0.11862553348304594,0.11862553348304594,0.009636687954845204,0.0009885461123587162,0.0009885461123587162
120,132.0,1.1,0.09531017980432493,0.05,0.5,0.1,0.010000000000000002,12,0.08333333333333333,0.2886751345948129,call,0.06490393914092706,4.5781714515622884e-05,0.0626748199534703,-0.00222911918745676,0.00222911918745676,-0.034344898275228485,-1.8575993228806334e-05,1.8575993228806334e-05
120,132.0,1.1,0.09531017980432493,0.05,0.5,0.1,0.010000000000000002,26,0.038461538461538464,0.19611613513818404,call,0.05223885919802416,4.411876541212285e-05,0.050019363664656126,-0.002219495533368032,0.002219495533368032,-0.042487442632590654,-1.8495796111400268e-05,1.8495796111400268e-05
120,132.0,1.1,0.09531017980432493,0.05,0.5,0.1,0.010000000000000002,52,0.019230769230769232,0.1386750490563073,call,0.04728806587202902,4.3726649357017675e-05,0.045144321852196426,-0.002143744019832597,0.002143744019832597,-0.04533372173930728,-1.7864533498604974e-05,1.7864533498604974e-05
120,132.0,1.1,0.09531017980432493,0.05,0.5,0.1,0.010000000000000002,126,0.007936507936507936,0.0890870806374748,call,0.044495097993435304,4.270293986348353e-05,0.042430639239538555,-0.0020644587538967488,0.0020644587538967488,-0.046397442572243215,-1.7203822949139574e-05,1.7203822949139574e-05
120,132.0,1.1,0.09531017980432493,0.05,0.5,0.2,0.04000000000000001,12,0.08333333333333333,0.2886751345948129,call,1.0195521496068218,0.0002552671145195719,1.004365078058574,-0.015187071548247832,0.015187071548247832,-0.014895826127289855,-0.00012655892956873194,0.00012655892956873194
120,132.0,1.1,0.09531017980432493,0.05,0.5,0.2,0.04000000000000001,26,0.038461538461538464,0.19611613513818404,call,0.924082617290099,0.0002477178977561999,0.9075636187718158,-0.0165189985182832,0.0165189985182832,-0.017876105674107017,-0.00013765832098569335,0.00013765832098569335
120,132.0,1.1,0.09531017980432493,0.05,0.5,0.2,0.04000000000000001,52,0.019230769230769232,0.1386750490563073,call,0.8837703265413113,0.00023810507456772345,0.8671408024207266,-0.016629524120584716,0.016629524120584716,-0.01881656763207401,-0.0001385793676715393,0.0001385793676715393
120,132.0,1.1,0.09531017980432493,0.05,0.5,0.2,0.04000000000000001,126,0.007936507936507936,0.0890870806374748,call,0.8608435071607382,0.00023779172366342416,0.8437087920474226,-0.017134715113315657,0.017134715113315657,-0.019904564500730134,-0.0001427892926109638,0.0001427892926109638
120,132.0,1.1,0.09531017980432493,0.05,0.5,0.3,0.09,12,0.08333333333333333,0.2886751345948129,call,2.6322327077007492,0.000602897746552695,2.6096899009980143,-0.022542806702734897,0.022542806702734897,-0.008564138967191088,-0.0001878567225227908,0.0001878567225227908
120,132.0,1.1,0.09531017980432493,0.05,0.5,0.3,0.09,26,0.038461538461538464,0.19611613513818404,call,2.452431572497855,0.0005819578004896203,2.427031749417469,-0.02539982308038624,0.02539982308038624,-0.010356995630469708,-0.000211665192336552,0.000211665192336552
120,132.0,1.1,0.09531017980432493,0.05,0.5,0.3,0.09,52,0.019230769230769232,0.1386750490563073,call,2.376748156143804,0.0005730404285456775,2.3495790768570304,-0.027169079286773812,0.027169079286773812,-0.011431198217843472,-0.00022640899405644842,0.00022640899405644842
120,132.0,1.1,0.09531017980432493,0.05,0.5,0.3,0.09,126,0.007936507936507936,0.0890870806374748,call,2.332684276902415,0.0005595780230462653,2.304334211056701,-0.028350065845714312,0.028350065845714312,-0.01215340889739289,-0.00023625054871428592,0.00023625054871428592
120,132.0,1.1,0.09531017980432493,0.05,0.5,0.4,0.16000000000000003,12,0.08333333333333333,0.2886751345948129,call,4.489092065731664,0.0011283597486521706,4.469218719775894,-0.019873345955770283,0.019873345955770283,-0.004427030157718804,-0.0001656112162980857,0.0001656112162980857
120,132.0,1.1,0.09531017980432493,0.05,0.5,0.4,0.16000000000000003,26,0.038461538461538464,0.19611613513818404,call,4.234008704980885,0.00106562670934638,4.208003026106533,-0.02600567887435279,0.02600567887435279,-0.006142093861016328,-0.00021671399061960658,0.00021671399061960658
120,132.0,1.1,0.09531017980432493,0.05,0.5,0.4,0.16000000000000003,52,0.019230769230769232,0.1386750490563073,call,4.122250496650283,0.001053588199147737,4.096625338381263,-0.0256251582690199,0.0256251582690199,-0.006216303033947781,-0.00021354298557516583,0.00021354298557516583
120,132.0,1.1,0.09531017980432493,0.05,0.5,0.4,0.16000000000000003,126,0.007936507936507936,0.0890870806374748,call,4.059988494869253,0.001053379197624534,4.03138146789375,-0.02860702697550277,0.02860702697550277,-0.007046085724541943,-0.0002383918914625231,0.0002383918914625231
120,132.0,1.1,0.09531017980432493,0.05,0.5,0.5,0.25,12,0.08333333333333333,0.2886751345948129,call,6.452884041220511,0.0018470660752634323,6.445977793822449,-0.006906247398061893,0.006906247398061893,-0.0010702574777332638,-5.7552061650515775e-05,5.7552061650515775e-05
120,132.0,1.1,0.09531017980432493,0.05,0.5,0.5,0.25,26,0.038461538461538464,0.19611613513818404,call,6.120747453001792,0.0017511231951659813,6.110947259821753,-0.00980019318003933,0.00980019318003933,-0.0016011432027362982,-8.166827650032774e-05,8.166827650032774e-05
120,132.0,1.1,0.09531017980432493,0.05,0.5,0.5,0.25,52,0.019230769230769232,0.1386750490563073,call,5.978769820353827,0.0017234367181665406,5.967716231442665,-0.011053588911162038,0.011053588911162038,-0.0018488065677878663,-9.211324092635031e-05,9.211324092635031e-05
120,132.0,1.1,0.09531017980432493,0.05,0.5,0.5,0.25,126,0.007936507936507936,0.0890870806374748,call,5.899704126450372,0.001679456678117428,5.8837009598044006,-0.016003166645971234,0.016003166645971234,-0.002712537154909789,-0.00013335972204976028,0.00013335972204976028
120,132.0,1.1,0.09531017980432493,0.05,0.5,0.6,0.36,12,0.08333333333333333,0.2886751345948129,call,8.4619917336476,0.002757180900022177,8.488005028928665,0.02601329528106433,0.02601329528106433,0.0030741338564096088,0.00021677746067553608,0.00021677746067553608
120,132.0,1.1,0.09531017980432493,0.05,0.5,0.6,0.36,26,0.038461538461538464,0.19611613513818404,call,8.061489169529814,0.002619630439197885,8.082374444877939,0.020885275348124566,0.020885275348124566,0.002590746561697942,0.00017404396123437137,0.00017404396123437137
120,132.0,1.1,0.09531017980432493,0.05,0.5,0.6,0.36,52,0.019230769230769232,0.1386750490563073,call,7.8953932183722175,0.002568419960202386,7.908697774953642,0.013304556581424265,0.013304556581424265,0.0016851037324480777,0.00011087130484520221,0.00011087130484520221
120,132.0,1.1,0.09531017980432493,0.05,0.5,0.6,0.36,126,0.007936507936507936,0.0890870806374748,call,7.7927545009528405,0.0025269586901870062,7.806746633182378,0.013992132229537546,0.013992132229537546,0.001795530993286994,0.00011660110191281288,0.00011660110191281288
120,144.0,1.2,0.1823215567939546,0.05,0.5,0.1,0.010000000000000002,12,0.08333333333333333,0.2886751345948129,call,8.348330311685299e-05,4.789786486067668e-06,6.78743251432037e-05,-1.5608977973649292e-05,1.5608977973649292e-05,-0.18697125521975505,-1.3007481644707744e-07,1.3007481644707744e-07
120,144.0,1.2,0.1823215567939546,0.05,0.5,0.1,0.010000000000000002,26,0.038461538461538464,0.19611613513818404,call,5.084906406507171e-05,5.841149544963502e-06,3.5761142005268654e-05,-1.5087922059803055e-05,1.5087922059803055e-05,-0.29671975949242635,-1.2573268383169214e-07,1.2573268383169214e-07
120,144.0,1.2,0.1823215567939546,0.05,0.5,0.1,0.010000000000000002,52,0.019230769230769232,0.1386750490563073,call,4.0578308857435765e-05,5.9906417346322905e-06,2.6662721808533137e-05,-1.3915587048902628e-05,1.3915587048902628e-05,-0.3429316657279242,-1.159632254075219e-07,1.159632254075219e-07
120,144.0,1.2,0.1823215567939546,0.05,0.5,0.1,0.010000000000000002,126,0.007936507936507936,0.0890870806374748,call,3.840869304657794e-05,2.338771206611389e-06,2.231174867256718e-05,-1.609694437401076e-05,1.609694437401076e-05,-0.419096384104768,-1.3414120311675635e-07,1.3414120311675635e-07
120,144.0,1.2,0.1823215567939546,0.05,0.5,0.2,0.04000000000000001,12,0.08333333333333333,0.2886751345948129,call,0.1203247687349478,0.0001735739941779768,0.11212463265834678,-0.008200136076601014,0.008200136076601014,-0.0681500256581779,-6.833446730500845e-05,6.833446730500845e-05
120,144.0,1.2,0.1823215567939546,0.05,0.5,0.2,0.04000000000000001,26,0.038461538461538464,0.19611613513818404,call,0.09853775517468279,0.00016613490121325755,0.09032916713833804,-0.00820858803634475,0.00820858803634475,-0.08330398862642016,-6.84049003028729e-05,6.84049003028729e-05
120,144.0,1.2,0.1823215567939546,0.05,0.5,0.2,0.04000000000000001,52,0.019230769230769232,0.1386750490563073,call,0.0899227158941047,0.00016323349878506944,0.08188411231133413,-0.00803860358277056,0.00803860358277056,-0.08939458181219778,-6.698836318975465e-05,6.698836318975465e-05
120,144.0,1.2,0.1823215567939546,0.05,0.5,0.2,0.04000000000000001,126,0.007936507936507936,0.0890870806374748,call,0.08498421096066619,0.0001602457970551219,0.07716916374019178,-0.007815047220474408,0.007815047220474408,-0.09195881366824125,-6.51253935039534e-05,6.51253935039534e-05
120,144.0,1.2,0.1823215567939546,0.05,0.5,0.3,0.09,12,0.08333333333333333,0.2886751345948129,call,0.8129154086902337,0.0005286018748869675,0.781012992876834,-0.0319024158133997,0.0319024158133997,-0.03924444717415401,-0.00026585346511166417,0.00026585346511166417
120,144.0,1.2,0.1823215567939546,0.05,0.5,0.3,0.09,26,0.038461538461538464,0.19611613513818404,call,0.7200458386003805,0.0005116780972787427,0.6855544175654779,-0.03449142103490266,0.03449142103490266,-0.04790170178880113,-0.00028742850862418883,0.00028742850862418883
120,144.0,1.2,0.1823215567939546,0.05,0.5,0.3,0.09,52,0.019230769230769232,0.1386750490563073,call,0.6815350882847697,0.0004993222481596572,0.6463942267825321,-0.03514086150223761,0.03514086150223761,-0.05156133866955725,-0.0002928405125186467,0.0002928405125186467
120,144.0,1.2,0.1823215567939546,0.05,0.5,0.3,0.09,126,0.007936507936507936,0.0890870806374748,call,0.6590104467456198,0.0004948987175300131,0.6238958258912127,-0.035114620854407086,0.035114620854407086,-0.05328386071543027,-0.0002926218404533924,0.0002926218404533924
120,144.0,1.2,0.1823215567939546,0.05,0.5,0.4,0.16000000000000003,12,0.08333333333333333,0.2886751345948129,call,2.0408385245358067,0.0010312001553373581,1.9913246471181951,-0.049513877417611596,0.049513877417611596,-0.024261536041355176,-0.0004126156451467633,0.0004126156451467633
120,144.0,1.2,0.1823215567939546,0.05,0.5,0.4,0.16000000000000003,26,0.038461538461538464,0.19611613513818404,call,1.8629983601235744,0.0010053035706794934,1.8073408067785548,-0.05565755334501965,0.05565755334501965,-0.02987525621940313,-0.0004638129445418304,0.0004638129445418304
120,144.0,1.2,0.1823215567939546,0.05,0.5,0.4,0.16000000000000003,52,0.019230769230769232,0.1386750490563073,call,1.7902039290354872,0.0009734785787784595,1.7303347772875322,-0.05986915174795504,0.05986915174795504,-0.03344264347593679,-0.0004989095978996254,0.0004989095978996254
120,144.0,1.2,0.1823215567939546,0.05,0.5,0.4,0.16000000000000003,126,0.007936507936507936,0.0890870806374748,call,1.7465071151254454,0.0009695507731119776,1.6856445254546488,-0.06086258967079661,0.06086258967079661,-0.03484817733847312,-0.0005071882472566384,0.0005071882472566384
120,144.0,1.2,0.1823215567939546,0.05,0.5,0.5,0.25,12,0.08333333333333333,0.2886751345948129,call,3.6028433155241557,0.0017149304125492677,3.544165404440338,-0.05867791108381759,0.05867791108381759,-0.01628655646249798,-0.0004889825923651466,0.0004889825923651466
120,144.0,1.2,0.1823215567939546,0.05,0.5,0.5,0.25,26,0.038461538461538464,0.19611613513818404,call,3.3413617286462896,0.0016808145848675297,3.2728248465314804,-0.06853688211480913,0.06853688211480913,-0.02051166191532815,-0.000571140684290076,0.000571140684290076
120,144.0,1.2,0.1823215567939546,0.05,0.5,0.5,0.25,52,0.019230769230769232,0.1386750490563073,call,3.230335149846707,0.0016314737433092833,3.1581852355072493,-0.07214991433945794,0.07214991433945794,-0.02233511725335427,-0.0006012492861621495,0.0006012492861621495
120,144.0,1.2,0.1823215567939546,0.05,0.5,0.5,0.25,126,0.007936507936507936,0.0890870806374748,call,3.165159595711368,0.0016221558016710248,3.091339736478653,-0.07381985923271506,0.07381985923271506,-0.023322634135964977,-0.0006151654936059588,0.0006151654936059588
120,144.0,1.2,0.1823215567939546,0.05,0.5,0.6,0.36,12,0.08333333333333333,0.2886751345948129,call,5.358988871395795,0.002637217331185023,5.308582100257368,-0.05040677113842662,0.05040677113842662,-0.009406022730795062,-0.0004200564261535552,0.0004200564261535552
120,144.0,1.2,0.1823215567939546,0.05,0.5,0.6,0.36,26,0.038461538461538464,0.19611613513818404,call,5.017291960808294,0.0025548305870385438,4.9539171889059785,-0.06337477190231589,0.06337477190231589,-0.01263127049359633,-0.0005281230991859657,0.0005281230991859657
120,144.0,1.2,0.1823215567939546,0.05,0.5,0.6,0.36,52,0.019230769230769232,0.1386750490563073,call,4.867520388497869,0.0024607027591301307,4.803296292949502,-0.06422409554836683,0.06422409554836683,-0.013194417367029575,-0.0005352007962363903,0.0005352007962363903
120,144.0,1.2,0.1823215567939546,0.05,0.5,0.6,0.36,126,0.007936507936507936,0.0890870806374748,call,4.78727694227736,0.0024477777103995195,4.7152416788816165,-0.07203526339574307,0.07203526339574307,-0.015047231289166886,-0.0006002938616311922,0.0006002938616311922
120,156.0,1.3,0.26236426446749106,0.05,0.5,0.1,0.010000000000000002,12,0.08333333333333333,0.2886751345948129,call,0.0,0.0,5.146975996671707e-09,5.146975996671707e-09,5.146975996671707e-09,5146.9759966717065,4.289146663893089e-11,4.289146663893089e-11
120,156.0,1.3,0.26236426446749106,0.05,0.5,0.1,0.010000000000000002,26,0.038461538461538464,0.19611613513818404,call,0.0,0.0,1.475911087738657e-09,1.475911087738657e-09,1.475911087738657e-09,1475.911087738657,1.2299259064488808e-11,1.2299259064488808e-11
120,156.0,1.3,0.26236426446749106,0.05,0.5,0.1,0.010000000000000002,52,0.019230769230769232,0.1386750490563073,call,0.0,0.0,8.316069971898005e-10,8.316069971898005e-10,8.316069971898005e-10,831.6069971898006,6.930058309915005e-12,6.930058309915005e-12
120,156.0,1.3,0.26236426446749106,0.05,0.5,0.1,0.010000000000000002,126,0.007936507936507936,0.0890870806374748,call,0.0,0.0,5.869179607894987e-10,5.869179607894987e-10,5.869179607894987e-10,586.9179607894987,4.8909830065791554e-12,4.8909830065791554e-12
120,156.0,1.3,0.26236426446749106,0.05,0.5,0.2,0.04000000000000001,12,0.08333333333333333,0.2886751345948129,call,0.008771893305817735,8.528528003416122e-05,0.007297112922595916,-0.001474780383221819,0.001474780383221819,-0.16812566361742093,-1.2289836526848492e-05,1.2289836526848492e-05
120,156.0,1.3,0.26236426446749106,0.05,0.5,0.2,0.04000000000000001,26,0.038461538461538464,0.19611613513818404,call,0.0062951731585819,7.679825500201415e-05,0.00502192574921995,-0.0012732474093619496,0.0012732474093619496,-0.20225772624319224,-1.0610395078016246e-05,1.0610395078016246e-05
120,156.0,1.3,0.26236426446749106,0.05,0.5,0.2,0.04000000000000001,52,0.019230769230769232,0.1386750490563073,call,0.005432913686817817,7.991118262737507e-05,0.004234637289489103,-0.001198276397328714,0.001198276397328714,-0.22055870319386064,-9.98563664440595e-06,9.98563664440595e-06
120,156.0,1.3,0.26236426446749106,0.05,0.5,0.2,0.04000000000000001,126,0.007936507936507936,0.0890870806374748,call,0.004928435423475379,7.181542396294265e-05,0.003819154843432935,-0.001109280580042444,0.001109280580042444,-0.22507763310819925,-9.244004833687033e-06,9.244004833687033e-06
120,156.0,1.3,0.26236426446749106,0.05,0.5,0.3,0.09,12,0.08333333333333333,0.2886751345948129,call,0.21229159618294066,0.0004222353787394362,0.19180913190610321,-0.020482464276837448,0.020482464276837448,-0.09648269005988744,-0.00017068720230697872,0.00017068720230697872
120,156.0,1.3,0.26236426446749106,0.05,0.5,0.3,0.09,26,0.038461538461538464,0.19611613513818404,call,0.17594807238247617,0.00039615179821527027,0.15628263163908065,-0.019665440743395518,0.019665440743395518,-0.11176843529519752,-0.00016387867286162932,0.00016387867286162932
120,156.0,1.3,0.26236426446749106,0.05,0.5,0.3,0.09,52,0.019230769230769232,0.1386750490563073,call,0.16175002606085193,0.00039292582664794505,0.14241280578560428,-0.019337220275247646,0.019337220275247646,-0.11955002880786428,-0.00016114350229373038,0.00016114350229373038
120,156.0,1.3,0.26236426446749106,0.05,0.5,0.3,0.09,126,0.007936507936507936,0.0890870806374748,call,0.15413109682863418,0.00038534339876649895,0.13463967746937286,-0.019491419359261325,0.019491419359261325,-0.12646000554276368,-0.00016242849466051104,0.00016242849466051104
120,156.0,1.3,0.26236426446749106,0.05,0.5,0.4,0.16000000000000003,12,0.08333333333333333,0.2886751345948129,call,0.8611717132897829,0.0009263379344609104,0.8090955845580493,-0.05207612873173362,0.05207612873173362,-0.06047124856527897,-0.00043396773943111345,0.00043396773943111345
120,156.0,1.3,0.26236426446749106,0.05,0.5,0.4,0.16000000000000003,26,0.038461538461538464,0.19611613513818404,call,0.7568298688986781,0.0008896210120853057,0.7020125615676885,-0.05481730733098955,0.05481730733098955,-0.07243015845920361,-0.0004568108944249129,0.0004568108944249129
120,156.0,1.3,0.26236426446749106,0.05,0.5,0.4,0.16000000000000003,52,0.019230769230769232,0.1386750490563073,call,0.7128411077726667,0.0008692723088595755,0.6584141767482987,-0.05442693102436802,0.05442693102436802,-0.07635212171535623,-0.00045355775853640014,0.00045355775853640014
120,156.0,1.3,0.26236426446749106,0.05,0.5,0.4,0.16000000000000003,126,0.007936507936507936,0.0890870806374748,call,0.6887783250271273,0.000849498825797903,0.6334606020098608,-0.05531772301726656,0.05531772301726656,-0.08031281038799803,-0.000460981025143888,0.000460981025143888
120,156.0,1.3,0.26236426446749106,0.05,0.5,0.5,0.25,12,0.08333333333333333,0.2886751345948129,call,1.940570734895667,0.001653887198973937,1.8560912391954287,-0.08447949570023816,0.08447949570023816,-0.043533324594210235,-0.0007039957975019847,0.0007039957975019847
120,156.0,1.3,0.26236426446749106,0.05,0.5,0.5,0.25,26,0.038461538461538464,0.19611613513818404,call,1.7480939986560051,0.0015519331349117629,1.6616526776771843,-0.08644132097882085,0.08644132097882085,-0.04944889751082031,-0.0007203443414901737,0.0007203443414901737
120,156.0,1.3,0.26236426446749106,0.05,0.5,0.5,0.25,52,0.019230769230769232,0.1386750490563073,call,1.6728163011760815,0.001531044050463515,1.5809319079758806,-0.09188439320020092,0.09188439320020092,-0.054927963779167595,-0.000765703276668341,0.000765703276668341
120,156.0,1.3,0.26236426446749106,0.05,0.5,0.5,0.25,126,0.007936507936507936,0.0890870806374748,call,1.6255133883272648,0.0015194767896868004,1.5342774618604038,-0.09123592646686096,0.09123592646686096,-0.05612745310006172,-0.0007602993872238413,0.0007602993872238413
120,156.0,1.3,0.26236426446749106,0.05,0.5,0.6,0.36,12,0.08333333333333333,0.2886751345948129,call,3.3241887983261775,0.0025305524492002956,3.2302720304000494,-0.09391676792612813,0.09391676792612813,-0.028252537272677732,-0.0007826397327177344,0.0007826397327177344
120,156.0,1.3,0.26236426446749106,0.05,0.5,0.6,0.36,26,0.038461538461538464,0.19611613513818404,call,3.056653886673036,0.0024414746618643584,2.945577145194239,-0.1110767414787972,0.1110767414787972,-0.036339325810845015,-0.00092563951232331,0.00092563951232331
120,156.0,1.3,0.26236426446749106,0.05,0.5,0.6,0.36,52,0.019230769230769232,0.1386750490563073,call,2.938147147350188,0.002384986228636676,2.826122948736624,-0.11202419861356372,0.11202419861356372,-0.03812749770364443,-0.0009335349884463643,0.0009335349884463643
120,156.0,1.3,0.26236426446749106,0.05,0.5,0.6,0.36,126,0.007936507936507936,0.0890870806374748,call,2.874728429261222,0.002376895491720407,2.7567116401000145,-0.11801678916120739,0.11801678916120739,-0.041053195828844466,-0.0009834732430100616,0.0009834732430100616
120,84.0,0.7,-0.35667494393873245,0.05,1.0,0.1,0.010000000000000002,12,0.08333333333333333,0.2886751345948129,call,37.38995120618539,0.00021913990552846772,37.39013176017415,0.00018055398876271056,0.00018055398876271056,4.828944219987152e-06,1.504616573022588e-06,1.504616573022588e-06
120,84.0,0.7,-0.35667494393873245,0.05,1.0,0.1,0.010000000000000002,26,0.038461538461538464,0.19611613513818404,call,37.25904883674822,0.00021701034346329422,37.2586930951221,-0.0003557416261230628,0.0003557416261230628,-9.54779140180837e-06,-2.9645135510255235e-06,2.9645135510255235e-06
120,84.0,0.7,-0.35667494393873245,0.05,1.0,0.1,0.010000000000000002,52,0.019230769230769232,0.1386750490563073,call,37.20241505533556,0.000214824209350994,37.20239229945209,-2.275588346378754e-05,2.275588346378754e-05,-6.116775867894603e-07,-1.896323621982295e-07,1.896323621982295e-07
120,84.0,0.7,-0.35667494393873245,0.05,1.0,0.1,0.010000000000000002,126,0.007936507936507936,0.0890870806374748,call,37.169026598429504,0.00021232031527840188,37.16933515980841,0.0003085613789082231,0.0003085613789082231,8.301572764923058e-06,2.5713448242351925e-06,2.5713448242351925e-06
120,84.0,0.7,-0.35667494393873245,0.05,1.0,0.2,0.04000000000000001,12,0.08333333333333333,0.2886751345948129,call,37.39149145507972,0.0008316097298082197,37.393234514552276,0.0017430594725524884,0.0017430594725524884,4.6616473553789995e-05,1.452549560460407e-05,1.452549560460407e-05
120,84.0,0.7,-0.35667494393873245,0.05,1.0,0.2,0.04000000000000001,26,0.038461538461538464,0.19611613513818404,call,37.26009669717545,0.0008253306318845762,37.260851512091584,0.0007548149161351603,0.0007548149161351603,2.025799670542401e-05,6.290124301126336e-06,6.290124301126336e-06
120,84.0,0.7,-0.35667494393873245,0.05,1.0,0.2,0.04000000000000001,52,0.019230769230769232,0.1386750490563073,call,37.2026438574738,0.0008194841167005106,37.20422194179799,0.0015780843241870457,0.0015780843241870457,4.2418606866565944e-05,1.3150702701558714e-05,1.3150702701558714e-05
120,84.0,0.7,-0.35667494393873245,0.05,1.0,0.2,0.04000000000000001,126,0.007936507936507936,0.0890870806374748,call,37.17147827902522,0.0008259119509608915,37.17099072625462,-0.00048755277060053004,0.00048755277060053004,-1.3116313721524542e-05,-4.062939755004417e-06,4.062939755004417e-06
120,84.0,0.7,-0.35667494393873245,0.05,1.0,0.3,0.09,12,0.08333333333333333,0.2886751345948129,call,37.49358653856166,0.00183308739375307,37.51662566655488,0.023039127993222053,0.023039127993222053,0.000614481838634632,0.00019199273327685044,0.00019199273327685044
120,84.0,0.7,-0.35667494393873245,0.05,1.0,0.3,0.09,26,0.038461538461538464,0.19611613513818404,call,37.335590093950245,0.0017856965008689937,37.36259088707498,0.027000793124734912,0.027000793124734912,0.0007231918139445731,0.00022500660937279092,0.00022500660937279092
120,84.0,0.7,-0.35667494393873245,0.05,1.0,0.3,0.09,52,0.019230769230769232,0.1386750490563073,call,37.27322490801497,0.0017929316368576098,37.2974303005556,0.02420539254062959,0.02420539254062959,0.0006494043002816382,0.00020171160450524657,0.00020171160450524657
120,84.0,0.7,-0.35667494393873245,0.05,1.0,0.3,0.09,126,0.007936507936507936,0.0890870806374748,call,37.23779417802626,0.0017999701465489797,37.25939667009096,0.021602492064694445,0.021602492064694445,0.0005801227634864019,0.00018002076720578705,0.00018002076720578705
120,84.0,0.7,-0.35667494393873245,0.05,1.0,0.4,0.16000000000000003,12,0.08333333333333333,0.2886751345948129,call,37.91743804969877,0.0031594571444194916,38.018527543644566,0.1010894939457998,0.1010894939457998,0.002666042305213258,0.0008424124495483317,0.0008424124495483317
120,84.0,0.7,-0.35667494393873245,0.05,1.0,0.4,0.16000000000000003,26,0.038461538461538464,0.19611613513818404,call,37.70060834016455,0.0031011481833128226,37.807610128511655,0.10700178834710528,0.10700178834710528,0.0028381979245971564,0.0008916815695592106,0.0008916815695592106
120,84.0,0.7,-0.35667494393873245,0.05,1.0,0.4,0.16000000000000003,52,0.019230769230769232,0.1386750490563073,call,37.60851512388929,0.0030808167911019957,37.71883841136388,0.11032328747459275,0.11032328747459275,0.002933465655614633,0.0009193607289549395,0.0009193607289549395
120,84.0,0.7,-0.35667494393873245,0.05,1.0,0.4,0.16000000000000003,126,0.007936507936507936,0.0890870806374748,call,37.56705974968045,0.0031271411972958628,37.66716363380192,0.10010388412146654,0.10010388412146654,0.002664671783964089,0.0008341990343455545,0.0008341990343455545
120,84.0,0.7,-0.35667494393873245,0.05,1.0,0.5,0.25,12,0.08333333333333333,0.2886751345948129,call,38.73627326529903,0.00496579273895831,38.9545145223113,0.2182412570122665,0.2182412570122665,0.005634028227691504,0.0018186771417688873,0.0018186771417688873
120,84.0,0.7,-0.35667494393873245,0.05,1.0,0.5,0.25,26,0.038461538461538464,0.19611613513818404,call,38.435796570770776,0.004867632380091194,38.66769048161286,0.2318939108420821,0.2318939108420821,0.006033279690590052,0.001932449257017351,0.001932449257017351
120,84.0,0.7,-0.35667494393873245,0.05,1.0,0.5,0.25,52,0.019230769230769232,0.1386750490563073,call,38.31059773653691,0.0048082980048904924,38.54669317960654,0.2360954430696296,0.2360954430696296,0.00616266665149066,0.001967462025580247,0.001967462025580247
120,84.0,0.7,-0.35667494393873245,0.05,1.0,0.5,0.25,126,0.007936507936507936,0.0890870806374748,call,38.23183734330419,0.004729711138854963,38.47618755633933,0.24435021303514048,0.24435021303514048,0.006391275701478554,0.0020362517752928375,0.0020362517752928375
120,84.0,0.7,-0.35667494393873245,0.05,1.0,0.6,0.36,12,0.08333333333333333,0.2886751345948129,call,39.87978494859381,0.007358589807694889,40.24780462260173,0.36801967400791824,0.36801967400791824,0.009228226142199768,0.003066830616732652,0.003066830616732652
120,84.0,0.7,-0.35667494393873245,0.05,1.0,0.6,0.36,26,0.038461538461538464,0.19611613513818404,call,39.48863061264569,0.007208610862045766,39.87937343923756,0.3907428265918682,0.3907428265918682,0.009895071582116048,0.003256190221598902,0.003256190221598902
120,84.0,0.7,-0.35667494393873245,0.05,1.0,0.6,0.36,52,0.019230769230769232,0.1386750490563073,call,39.32988755266324,0.007167566111499231,39.72337670898199,0.3934891563187506,0.3934891563187506,0.010004838071094493,0.003279076302656255,0.003279076302656255
120,84.0,0.7,-0.35667494393873245,0.05,1.0,0.6,0.36,126,0.007936507936507936,0.0890870806374748,call,39.205198346333454,0.006933085938335829,39.632313575079806,0.4271152287463522,0.4271152287463522,0.010894351942139757,0.0035592935728862686,0.0035592935728862686
120,96.0,0.8,-0.2231435513142097,0.05,1.0,0.1,0.010000000000000002,12,0.08333333333333333,0.2886751345948129,call,25.97575461973372,0.000219252808396774,25.97541391407927,-0.00034070565445176726,0.00034070565445176726,-1.311629476946683e-05,-2.8392137870980606e-06,2.8392137870980606e-06
120,96.0,0.8,-0.2231435513142097,0.05,1.0,0.1,0.010000000000000002,26,0.038461538461538464,0.19611613513818404,call,25.844014413668127,0.00021590261219317768,25.843960573502482,-5.3840165644913895e-05,5.3840165644913895e-05,-2.083274091367146e-06,-4.4866804704094914e-07,4.4866804704094914e-07
120,96.0,0.8,-0.2231435513142097,0.05,1.0,0.1,0.010000000000000002,52,0.019230769230769232,0.1386750490563073,call,25.787984727321582,0.00021564813656897461,25.787655297094197,-0.00032943022738507466,0.00032943022738507466,-1.2774562683684755e-05,-2.745251894875622e-06,2.745251894875622e-06
120,96.0,0.8,-0.2231435513142097,0.05,1.0,0.1,0.010000000000000002,126,0.007936507936507936,0.0890870806374748,call,25.75457759710243,0.00021328181665949129,25.75459593333591,1.833623348090896e-05,1.833623348090896e-05,7.119601714210181e-07,1.5280194567424133e-07,1.5280194567424133e-07
120,96.0,0.8,-0.2231435513142097,0.05,1.0,0.2,0.04000000000000001,12,0.08333333333333333,0.2886751345948129,call,26.06310200123284,0.000793054552436893,26.07626153018795,0.013159528955110744,0.013159528955110744,0.0005049103116923024,0.00010966274129258954,0.00010966274129258954
120,96.0,0.8,-0.2231435513142097,0.05,1.0,0.2,0.04000000000000001,26,0.038461538461538464,0.19611613513818404,call,25.91617306542122,0.0007869818058196507,25.927915024552938,0.011741959131718716,0.011741959131718716,0.0004530745763303102,9.78496594309893e-05,9.78496594309893e-05
120,96.0,0.8,-0.2231435513142097,0.05,1.0,0.2,0.04000000000000001,52,0.019230769230769232,0.1386750490563073,call,25.85279523960209,0.0007824653331426973,25.86492443453202,0.01212919492992981,0.01212919492992981,0.0004691637719448589,0.00010107662441608175,0.00010107662441608175
120,96.0,0.8,-0.2231435513142097,0.05,1.0,0.2,0.04000000000000001,126,0.007936507936507936,0.0890870806374748,call,25.81578706253042,0.0007821484522425757,25.828092589890186,0.012305527359767865,0.012305527359767865,0.0004766667516261152,0.00010254606133139888,0.00010254606133139888
120,96.0,0.8,-0.2231435513142097,0.05,1.0,0.3,0.09,12,0.08333333333333333,0.2886751345948129,call,26.68807291812787,0.0016682392697290657,26.761045377119387,0.07297245899151861,0.07297245899151861,0.0027342723176521327,0.0006081038249293217,0.0006081038249293217
120,96.0,0.8,-0.2231435513142097,0.05,1.0,0.3,0.09,26,0.038461538461538464,0.19611613513818404,call,26.472107531761463,0.0016540669890765085,26.546380762373584,0.07427323061212121,0.07427323061212121,0.0028057165649923244,0.0006189435884343434,0.0006189435884343434
120,96.0,0.8,-0.2231435513142097,0.05,1.0,0.3,0.09,52,0.019230769230769232,0.1386750490563073,call,26.383049109120382,0.001636752262918858,26.45557545413343,0.07252634501304911,0.07252634501304911,0.0027489750981048435,0.0006043862084420759,0.0006043862084420759
120,96.0,0.8,-0.2231435513142097,0.05,1.0,0.3,0.09,126,0.007936507936507936,0.0890870806374748,call,26.32562751701621,0.0016590130598606607,26.40258854716715,0.07696103015094025,0.07696103015094025,0.002923426235564361,0.0006413419179245021,0.0006413419179245021
120,96.0,0.8,-0.2231435513142097,0.05,1.0,0.4,0.16000000000000003,12,0.08333333333333333,0.2886751345948129,call,27.911783009065942,0.0029810394305103427,28.06884115643571,0.1570581473697672,0.1570581473697672,0.005626947849184469,0.00130881789474806,0.00130881789474806
120,96.0,0.8,-0.2231435513142097,0.05,1.0,0.4,0.16000000000000003,26,0.038461538461538464,0.19611613513818404,call,27.599141318742046,0.0028869446473843495,27.76854282042469,0.16940150168264267,0.16940150168264267,0.006137926529170869,0.001411679180688689,0.001411679180688689
120,96.0,0.8,-0.2231435513142097,0.05,1.0,0.4,0.16000000000000003,52,0.019230769230769232,0.1386750490563073,call,27.46298419435301,0.0028386852550100943,27.64109435949456,0.17811016514155043,0.17811016514155043,0.006485462900938994,0.0014842513761795868,0.0014842513761795868
120,96.0,0.8,-0.2231435513142097,0.05,1.0,0.4,0.16000000000000003,126,0.007936507936507936,0.0890870806374748,call,27.39778405965442,0.002857611486481608,27.566607921550414,0.1688238618959943,0.1688238618959943,0.00616195315389035,0.0014068655157999524,0.0014068655157999524
120,96.0,0.8,-0.2231435513142097,0.05,1.0,0.5,0.25,12,0.08333333333333333,0.2886751345948129,call,29.51203701792227,0.0046803278742020005,29.789531294300474,0.2774942763782029,0.2774942763782029,0.00940274899389982,0.002312452303151691,0.002312452303151691
120,96.0,0.8,-0.2231435513142097,0.05,1.0,0.5,0.25,26,0.038461538461538464,0.19611613513818404,call,29.10162048691311,0.004577657115041296,29.40175272310043,0.30013223618732,0.30013223618732,0.010313248237234361,0.0025011019682276664,0.0025011019682276664
120,96.0,0.8,-0.2231435513142097,0.05,1.0,0.5,0.25,52,0.019230769230769232,0.1386750490563073,call,28.934674198259966,0.004563883603226963,29.23663658247061,0.30196238421064336,0.30196238421064336,0.010436004295109788,0.0025163532017553614,0.0025163532017553614
120,96.0,0.8,-0.2231435513142097,0.05,1.0,0.5,0.25,126,0.007936507936507936,0.0890870806374748,call,28.83286905824448,0.004508890644577854,29.139978732812146,0.30710967456766625,0.30710967456766625,0.01065137409486661,0.0025592472880638854,0.0025592472880638854
120,96.0,0.8,-0.2231435513142097,0.05,1.0,0.6,0.36,12,0.08333333333333333,0.2886751345948129,call,31.343234652775227,0.0069727627153473686,31.77331652576186,0.4300818729866336,0.4300818729866336,0.013721681177808902,0.0035840156082219466,0.0035840156082219466
120,96.0,0.8,-0.2231435513142097,0.05,1.0,0.6,0.36,26,0.038461538461538464,0.19611613513818404,call,30.85243829557318,0.006723304000795169,31.300813351316013,0.448375055742833,0.448375055742833,0.014532888825424455,0.0037364587978569413,0.0037364587978569413
120,96.0,0.8,-0.2231435513142097,0.05,1.0,0.6,0.36,52,0.019230769230769232,0.1386750490563073,call,30.639994380334354,0.006809126403266189,31.09913897467703,0.45914459434267485,0.45914459434267485,0.014985139639495734,0.0038262049528556235,0.0038262049528556235
120,96.0,0.8,-0.2231435513142097,0.05,1.0,0.6,0.36,126,0.007936507936507936,0.0890870806374748,call,30.51918814642031,0.006731332935953404,30.98093942243806,0.46175127601775046,0.46175127601775046,0.015129867603372362,0.0038479273001479205,0.0038479273001479205
120,108.0,0.9,-0.10536051565782628,0.05,1.0,0.1,0.010000000000000002,12,0.08333333333333333,0.2886751345948129,call,14.596106064885724,0.00020896196308875726,14.598881867153844,0.002775802268120131,0.002775802268120131,0.00019017416397089352,2.313168556766776e-05,2.313168556766776e-05
120,108.0,0.9,-0.10536051565782628,0.05,1.0,0.1,0.010000000000000002,26,0.038461538461538464,0.19611613513818404,call,14.458592541998653,0.00020595648323063504,14.461331687835644,0.002739145836990531,0.002739145836990531,0.0001894476124860692,2.2826215308254425e-05,2.2826215308254425e-05
120,108.0,0.9,-0.10536051565782628,0.05,1.0,0.1,0.010000000000000002,52,0.019230769230769232,0.1386750490563073,call,14.399821845218009,0.00020453736626046312,14.402598453247498,0.0027766080294888695,0.0027766080294888695,0.00019282238761939575,2.313840024574058e-05,2.313840024574058e-05
120,108.0,0.9,-0.10536051565782628,0.05,1.0,0.1,0.010000000000000002,126,0.007936507936507936,0.0890870806374748,call,14.365259211305899,0.00020437563483339402,14.368164704777097,0.002905493471198284,0.002905493471198284,0.0002022583392655784,2.4212445593319033e-05,2.4212445593319033e-05
120,108.0,0.9,-0.10536051565782628,0.05,1.0,0.2,0.04000000000000001,12,0.08333333333333333,0.2886751345948129,call,15.504388608296788,0.00071560764626833,15.540417096730042,0.03602848843325468,0.03602848843325468,0.0023237606682520156,0.0003002374036104557,0.0003002374036104557
120,108.0,0.9,-0.10536051565782628,0.05,1.0,0.2,0.04000000000000001,26,0.038461538461538464,0.19611613513818404,call,15.294822564634933,0.0006989754013892269,15.332522296477404,0.037699731842470996,0.037699731842470996,0.002464868858932777,0.00031416443202059163,0.00031416443202059163
120,108.0,0.9,-0.10536051565782628,0.05,1.0,0.2,0.04000000000000001,52,0.019230769230769232,0.1386750490563073,call,15.203578068799604,0.0006830017128740977,15.243954108754691,0.04037603995508654,0.04037603995508654,0.0026556932698589696,0.0003364669996257212,0.0003364669996257212
120,108.0,0.9,-0.10536051565782628,0.05,1.0,0.2,0.04000000000000001,126,0.007936507936507936,0.0890870806374748,call,15.15132731020649,0.0006830182767170545,15.192091938261788,0.04076462805529779,0.04076462805529779,0.002690498807179569,0.00033970523379414825,0.00033970523379414825
120,108.0,0.9,-0.10536051565782628,0.05,1.0,0.3,0.09,12,0.08333333333333333,0.2886751345948129,call,17.306317163767005,0.0015493555945404372,17.39621895655416,0.08990179278715615,0.08990179278715615,0.005194738541795425,0.0007491816065596346,0.0007491816065596346
120,108.0,0.9,-0.10536051565782628,0.05,1.0,0.3,0.09,26,0.038461538461538464,0.19611613513818404,call,17.003767807419937,0.0015097005059294744,17.099256442542703,0.0954886351227664,0.0954886351227664,0.005615733889349983,0.0007957386260230533,0.0007957386260230533
120,108.0,0.9,-0.10536051565782628,0.05,1.0,0.3,0.09,52,0.019230769230769232,0.1386750490563073,call,16.87381911042605,0.001455491171601689,16.972376417569837,0.09855730714378552,0.09855730714378552,0.005840841750098447,0.0008213108928648794,0.0008213108928648794
120,108.0,0.9,-0.10536051565782628,0.05,1.0,0.3,0.09,126,0.007936507936507936,0.0890870806374748,call,16.79762333226655,0.0014644961893727822,16.89797364233739,0.10035031007084072,0.10035031007084072,0.005974077885058765,0.0008362525839236727,0.0008362525839236727
120,108.0,0.9,-0.10536051565782628,0.05,1.0,0.4,0.16000000000000003,12,0.08333333333333333,0.2886751345948129,call,19.478808493169108,0.0027441739409787397,19.64619141840982,0.1673829252407124,0.1673829252407124,0.008593078231628531,0.00139485771033927,0.00139485771033927
120,108.0,0.9,-0.10536051565782628,0.05,1.0,0.4,0.16000000000000003,26,0.038461538461538464,0.19611613513818404,call,19.08530451824649,0.002650355876340064,19.26144078742996,0.1761362691834698,0.1761362691834698,0.00922889488166536,0.0014678022431955818,0.0014678022431955818
120,108.0,0.9,-0.10536051565782628,0.05,1.0,0.4,0.16000000000000003,52,0.019230769230769232,0.1386750490563073,call,18.920639780540792,0.002658046794424578,19.096747822003106,0.17610804146231374,0.17610804146231374,0.009307721277133273,0.0014675670121859477,0.0014675670121859477
120,108.0,0.9,-0.10536051565782628,0.05,1.0,0.4,0.16000000000000003,126,0.007936507936507936,0.0890870806374748,call,18.8175337487066,0.0026129177316153544,19.000082050122074,0.18254830141547274,0.18254830141547274,0.00970096846129052,0.0015212358451289394,0.0015212358451289394
120,108.0,0.9,-0.10536051565782628,0.05,1.0,0.5,0.25,12,0.08333333333333333,0.2886751345948129,call,21.825605275069474,0.004456319149580656,22.087110312585903,0.26150503751642873,0.26150503751642873,0.011981570921890335,0.0021792086459702393,0.0021792086459702393
120,108.0,0.9,-0.10536051565782628,0.05,1.0,0.5,0.25,26,0.038461538461538464,0.19611613513818404,call,21.33565549453891,0.004294809536807486,21.617496120391355,0.2818406258524462,0.2818406258524462,0.013209841428335133,0.0023486718821037183,0.0023486718821037183
120,108.0,0.9,-0.10536051565782628,0.05,1.0,0.5,0.25,52,0.019230769230769232,0.1386750490563073,call,21.13206660222283,0.004220161162014095,21.4162500015443,0.2841833993214671,0.2841833993214671,0.013447970076508017,0.002368194994345559,0.002368194994345559
120,108.0,0.9,-0.10536051565782628,0.05,1.0,0.5,0.25,126,0.007936507936507936,0.0890870806374748,call,21.006540895387715,0.004245540193560479,21.298063107576976,0.29152221218926044,0.29152221218926044,0.013877687604115169,0.002429351768243837,0.002429351768243837
120,108.0,0.9,-0.10536051565782628,0.05,1.0,0.6,0.36,12,0.08333333333333333,0.2886751345948129,call,24.235327932087184,0.006579000697188149,24.638877223879458,0.40354929179227383,0.40354929179227383,0.016651282496490633,0.0033629107649356155,0.0033629107649356155
120,108.0,0.9,-0.10536051565782628,0.05,1.0,0.6,0.36,26,0.038461538461538464,0.19611613513818404,call,23.674054751702673,0.006432974378198367,24.08746673955022,0.41341198784754596,0.41341198784754596,0.017462660798223117,0.0034450998987295496,0.0034450998987295496
120,108.0,0.9,-0.10536051565782628,0.05,1.0,0.6,0.36,52,0.019230769230769232,0.1386750490563073,call,23.40969693861368,0.006366207294440987,23.85098828492469,0.44129134631100797,0.44129134631100797,0.0188507927919011,0.0036774278859250664,0.0036774278859250664
120,108.0,0.9,-0.10536051565782628,0.05,1.0,0.6,0.36,126,0.007936507936507936,0.0890870806374748,call,23.276047505978536,0.0063030102667820795,23.71205826405621,0.43601075807767486,0.43601075807767486,0.018732164813020077,0.003633422983980624,0.003633422983980624
120,120.0,1.0,0.0,0.05,1.0,0.1,0.010000000000000002,12,0.08333333333333333,0.2886751345948129,call,4.686090092789249,0.00017803828428337616,4.692550856764097,0.0064607639748475165,0.0064607639748475165,0.0013787110036123842,5.383969979039597e-05,5.383969979039597e-05
120,120.0,1.0,0.0,0.05,1.0,0.1,0.010000000000000002,26,0.038461538461538464,0.19611613513818404,call,4.51595587090922,0.0001716874451199484,4.522664161282503,0.006708290373282466,0.006708290373282466,0.0014854641110414242,5.590241977735388e-05,5.590241977735388e-05
120,120.0,1.0,0.0,0.05,1.0,0.1,0.010000000000000002,52,0.019230769230769232,0.1386750490563073,call,4.442828192601568,0.00016779340704879372,4.449829016281836,0.007000823680267665,0.007000823680267665,0.001575758363090836,5.834019733556387e-05,5.834019733556387e-05
120,120.0,1.0,0.0,0.05,1.0,0.1,0.010000000000000002,126,0.007936507936507936,0.0890870806374748,call,4.400181415993087,0.0001662596316839219,4.4070441967852,0.006862780792112666,0.006862780792112666,0.0015596586011587864,5.718983993427222e-05,5.718983993427222e-05
120,120.0,1.0,0.0,0.05,1.0,0.2,0.04000000000000001,12,0.08333333333333333,0.2886751345948129,call,7.3869902225673085,0.0006339671056063955,7.409005378777344,0.02201515621003569,0.02201515621003569,0.00298026064022384,0.00018345963508363075,0.00018345963508363075
120,120.0,1.0,0.0,0.05,1.0,0.2,0.04000000000000001,26,0.038461538461538464,0.19611613513818404,call,7.133547488879452,0.0006144345559246174,7.156306652668494,0.022759163789042525,0.022759163789042525,0.0031904411969671444,0.00018965969824202104,0.00018965969824202104
120,120.0,1.0,0.0,0.05,1.0,0.2,0.04000000000000001,52,0.019230769230769232,0.1386750490563073,call,7.0250864064954675,0.0006058537875293485,7.04789372474028,0.02280731824481297,0.02280731824481297,0.0032465534123146283,0.0001900609853734414,0.0001900609853734414
120,120.0,1.0,0.0,0.05,1.0,0.2,0.04000000000000001,126,0.007936507936507936,0.0890870806374748,call,6.960894619280055,0.0005993530775573826,6.984188095067652,0.023293475787596662,0.023293475787596662,0.003346333634053181,0.00019411229822997219,0.00019411229822997219
120,120.0,1.0,0.0,0.05,1.0,0.3,0.09,12,0.08333333333333333,0.2886751345948129,call,10.168622673223492,0.001434451276215952,10.221342408783869,0.05271973556037679,0.05271973556037679,0.00518455028321593,0.0004393311296698066,0.0004393311296698066
120,120.0,1.0,0.0,0.05,1.0,0.3,0.09,26,0.038461538461538464,0.19611613513818404,call,9.826099378991039,0.0013681616321604031,9.882224562324101,0.05612518333306227,0.05612518333306227,0.005711847719865551,0.0004677098611088522,0.0004677098611088522
120,120.0,1.0,0.0,0.05,1.0,0.3,0.09,52,0.019230769230769232,0.1386750490563073,call,9.682557193877992,0.0013537214424328972,9.736689080044567,0.054131886166574716,0.054131886166574716,0.005590660099668792,0.00045109905138812265,0.00045109905138812265
120,120.0,1.0,0.0,0.05,1.0,0.3,0.09,126,0.007936507936507936,0.0890870806374748,call,9.593915180774196,0.0013144769544839825,9.651155916810202,0.05724073603600566,0.05724073603600566,0.005966358359172665,0.0004770061336333805,0.0004770061336333805
120,120.0,1.0,0.0,0.05,1.0,0.4,0.16000000000000003,12,0.08333333333333333,0.2886751345948129,call,12.961456584548841,0.002627954125368697,13.06705532099712,0.10559873644827888,0.10559873644827888,0.00814713498899202,0.000879989470402324,0.000879989470402324
120,120.0,1.0,0.0,0.05,1.0,0.4,0.16000000000000003,26,0.038461538461538464,0.19611613513818404,call,12.536735055022623,0.002507325314458338,12.641725107518896,0.10499005249627302,0.10499005249627302,0.008374592909196928,0.0008749171041356086,0.0008749171041356086
120,120.0,1.0,0.0,0.05,1.0,0.4,0.16000000000000003,52,0.019230769230769232,0.1386750490563073,call,12.347130370978979,0.0024637880112027954,12.459147800433573,0.11201742945459436,0.11201742945459436,0.009072345240468432,0.0009334785787882864,0.0009334785787882864
120,120.0,1.0,0.0,0.05,1.0,0.4,0.16000000000000003,126,0.007936507936507936,0.0890870806374748,call,12.242708403210337,0.0024418147796660436,12.351832513057357,0.10912410984701992,0.10912410984701992,0.00891339614185411,0.0009093675820584994,0.0009093675820584994
120,120.0,1.0,0.0,0.05,1.0,0.5,0.25,12,0.08333333333333333,0.2886751345948129,call,15.74108097506687,0.0042442253161760245,15.935977260903247,0.19489628583637675,0.19489628583637675,0.012381378772212867,0.0016241357153031395,0.0016241357153031395
120,120.0,1.0,0.0,0.05,1.0,0.5,0.25,26,0.038461538461538464,0.19611613513818404,call,15.237365549710313,0.004100935095790308,15.425794071771977,0.18842852206166327,0.18842852206166327,0.01236621392634671,0.0015702376838471939,0.0015702376838471939
120,120.0,1.0,0.0,0.05,1.0,0.5,0.25,52,0.019230769230769232,0.1386750490563073,call,15.00992516385199,0.0041052834625444085,15.206746156622799,0.19682099277080845,0.19682099277080845,0.01311272312301778,0.001640174939756737,0.001640174939756737
120,120.0,1.0,0.0,0.05,1.0,0.5,0.25,126,0.007936507936507936,0.0890870806374748,call,14.870410064456882,0.003945222926703116,15.077981295622848,0.2075712311659661,0.2075712311659661,0.013958675669751768,0.0017297602597163841,0.0017297602597163841
120,120.0,1.0,0.0,0.05,1.0,0.6,0.36,12,0.08333333333333333,0.2886751345948129,call,18.506299694799512,0.006369354568246206,18.826858451519215,0.32055875671970213,0.32055875671970213,0.017321601941299097,0.0026713229726641843,0.0026713229726641843
120,120.0,1.0,0.0,0.05,1.0,0.6,0.36,26,0.038461538461538464,0.19611613513818404,call,17.90593487407985,0.006154562689659779,18.2338648124796,0.32792993839974827,0.32792993839974827,0.018314036139741065,0.002732749486664569,0.002732749486664569
120,120.0,1.0,0.0,0.05,1.0,0.6,0.36,52,0.019230769230769232,0.1386750490563073,call,17.649438649733664,0.0060455374953632185,17.979208804383592,0.3297701546499283,0.3297701546499283,0.01868445570391581,0.002748084622082736,0.002748084622082736
120,120.0,1.0,0.0,0.05,1.0,0.6,0.36,126,0.007936507936507936,0.0890870806374748,call,17.5040257463538,0.005990873819114366,17.829497667607523,0.3254719212537225,0.3254719212537225,0.018594118060042294,0.0027122660104476875,0.0027122660104476875
120,132.0,1.1,0.09531017980432493,0.05,1.0,0.1,0.010000000000000002,12,0.08333333333333333,0.2886751345948129,call,0.5169196501761854,0.00014327532484564547,0.509275091811481,-0.007644558364704346,0.007644558364704346,-0.014788678205788457,-6.370465303920289e-05,6.370465303920289e-05
120,132.0,1.1,0.09531017980432493,0.05,1.0,0.1,0.010000000000000002,26,0.038461538461538464,0.19611613513818404,call,0.45076554547067493,0.00013840934726858868,0.4424581275285032,-0.008307417942171713,0.008307417942171713,-0.018429576141400457,-6.922848285143094e-05,6.922848285143094e-05
120,132.0,1.1,0.09531017980432493,0.05,1.0,0.1,0.010000000000000002,52,0.019230769230769232,0.1386750490563073,call,0.42350202558696404,0.0001354763206933221,0.41519914106098127,-0.008302884525982768,0.008302884525982768,-0.019605300622765998,-6.919070438318974e-05,6.919070438318974e-05
120,132.0,1.1,0.09531017980432493,0.05,1.0,0.1,0.010000000000000002,126,0.007936507936507936,0.0890870806374748,call,0.40836178648194493,0.00013639849430231886,0.39958254830187523,-0.008779238180069704,0.008779238180069704,-0.021498677081671216,-7.316031816724754e-05,7.316031816724754e-05
120,132.0,1.1,0.09531017980432493,0.05,1.0,0.2,0.04000000000000001,12,0.08333333333333333,0.2886751345948129,call,2.74779495495594,0.0005759620601183673,2.730922471092876,-0.01687248386306406,0.01687248386306406,-0.00614037224016033,-0.0001406040321922005,0.0001406040321922005
120,132.0,1.1,0.09531017980432493,0.05,1.0,0.2,0.04000000000000001,26,0.038461538461538464,0.19611613513818404,call,2.5525529779431033,0.0005528015658355904,2.5325810534950244,-0.019971924448078937,0.019971924448078937,-0.007824293803364153,-0.00016643270373399113,0.00016643270373399113
120,132.0,1.1,0.09531017980432493,0.05,1.0,0.2,0.04000000000000001,52,0.019230769230769232,0.1386750490563073,call,2.4700166935494137,0.0005486255032986035,2.4486090607036592,-0.02140763284575442,0.02140763284575442,-0.008666999256183834,-0.00017839694038128683,0.00017839694038128683
120,132.0,1.1,0.09531017980432493,0.05,1.0,0.2,0.04000000000000001,126,0.007936507936507936,0.0890870806374748,call,2.4218389755954295,0.0005416819425662348,2.3995939009988403,-0.0222450745965892,0.0222450745965892,-0.00918519968534244,-0.00018537562163824332,0.00018537562163824332
120,132.0,1.1,0.09531017980432493,0.05,1.0,0.3,0.09,12,0.08333333333333333,0.2886751345948129,call,5.450473666850153,0.0013346919328177588,5.440656223264249,-0.009817443585904861,0.009817443585904861,-0.001801209250053747,-8.181202988254052e-05,8.181202988254052e-05
120,132.0,1.1,0.09531017980432493,0.05,1.0,0.3,0.09,26,0.038461538461538464,0.19611613513818404,call,5.143534763849227,0.0012750138784118725,5.131787300014741,-0.011747463834486105,0.011747463834486105,-0.002283928149383158,-9.789553195405087e-05,9.789553195405087e-05
120,132.0,1.1,0.09531017980432493,0.05,1.0,0.3,0.09,52,0.019230769230769232,0.1386750490563073,call,5.015789193551716,0.001249845666770379,5.000039221182647,-0.015749972369068388,0.015749972369068388,-0.003140078612019123,-0.00013124976974223656,0.00013124976974223656
120,132.0,1.1,0.09531017980432493,0.05,1.0,0.3,0.09,126,0.007936507936507936,0.0890870806374748,call,4.93938794021575,0.0012375684495830091,4.922846460189326,-0.016541480026424082,0.016541480026424082,-0.0033488926617295744,-0.00013784566688686736,0.00013784566688686736
120,132.0,1.1,0.09531017980432493,0.05,1.0,0.4,0.16000000000000003,12,0.08333333333333333,0.2886751345948129,call,8.277514951479436,0.002493715730060185,8.301570922205077,0.02405597072564092,0.02405597072564092,0.0029061826969387,0.00020046642271367431,0.00020046642271367431
120,132.0,1.1,0.09531017980432493,0.05,1.0,0.4,0.16000000000000003,26,0.038461538461538464,0.19611613513818404,call,7.8714964066808495,0.0023645761385475052,7.891634138189691,0.020137731508841128,0.020137731508841128,0.002558310449300268,0.00016781442924034272,0.00016781442924034272
120,132.0,1.1,0.09531017980432493,0.05,1.0,0.4,0.16000000000000003,52,0.019230769230769232,0.1386750490563073,call,7.700612672284737,0.002347331902394503,7.716276865227807,0.015664192943070532,0.015664192943070532,0.0020341489190136134,0.00013053494119225444,0.00013053494119225444
120,132.0,1.1,0.09531017980432493,0.05,1.0,0.4,0.16000000000000003,126,0.007936507936507936,0.0890870806374748,call,7.595685444487126,0.002315911205673945,7.613386000274748,0.01770055578762264,0.01770055578762264,0.002330343445234364,0.000147504631563522,0.000147504631563522
120,132.0,1.1,0.09531017980432493,0.05,1.0,0.5,0.25,12,0.08333333333333333,0.2886751345948129,call,11.144119243808783,0.004052261549465387,11.235466013194282,0.09134676938549902,0.09134676938549902,0.00819685857509534,0.0007612230782124918,0.0007612230782124918
120,132.0,1.1,0.09531017980432493,0.05,1.0,0.5,0.25,26,0.038461538461538464,0.19611613513818404,call,10.64794303462328,0.003992673682326884,10.729957031743227,0.08201399711994739,0.08201399711994739,0.007702332446113525,0.0006834499759995616,0.0006834499759995616
120,132.0,1.1,0.09531017980432493,0.05,1.0,0.5,0.25,52,0.019230769230769232,0.1386750490563073,call,10.42660494286736,0.0038010780240072635,10.513401734255567,0.08679679138820617,0.08679679138820617,0.00832454973251693,0.0007233065949017181,0.0007233065949017181
120,132.0,1.1,0.09531017980432493,0.05,1.0,0.5,0.25,126,0.007936507936507936,0.0890870806374748,call,10.30199355585993,0.0037906577656635298,10.386245532463155,0.08425197660322503,0.08425197660322503,0.008178220666358428,0.0007020998050268752,0.0007020998050268752
120,132.0,1.1,0.09531017980432493,0.05,1.0,0.6,0.36,12,0.08333333333333333,0.2886751345948129,call,14.023640700834804,0.006201486161636977,14.217176231757222,0.19353553092241782,0.19353553092241782,0.013800662399379425,0.0016127960910201486,0.0016127960910201486
120,132.0,1.1,0.09531017980432493,0.05,1.0,0.6,0.36,26,0.038461538461538464,0.19611613513818404,call,13.42566503381649,0.005873639148639689,13.620354083285696,0.19468904946920595,0.19468904946920595,0.01450125926565457,0.0016224087455767163,0.0016224087455767163
120,132.0,1.1,0.09531017980432493,0.05,1.0,0.6,0.36,52,0.019230769230769232,0.1386750490563073,call,13.158634382888202,0.005793895209251612,13.364450889909078,0.2058165070208755,0.2058165070208755,0.01564117529464335,0.0017151375585072958,0.0017151375585072958
120,132.0,1.1,0.09531017980432493,0.05,1.0,0.6,0.36,126,0.007936507936507936,0.0890870806374748,call,13.012377028724131,0.005732740047124368,13.214123759714,0.2017467309898695,0.2017467309898695,0.015504218064426223,0.0016812227582489125,0.0016812227582489125
120,144.0,1.2,0.1823215567939546,0.05,1.0,0.1,0.010000000000000002,12,0.08333333333333333,0.2886751345948129,call,0.01648771657428953,6.189287446421175e-05,0.014967952378512837,-0.0015197641957766916,0.0015197641957766916,-0.09217554104166056,-1.2664701631472429e-05,1.2664701631472429e-05
120,144.0,1.2,0.1823215567939546,0.05,1.0,0.1,0.010000000000000002,26,0.038461538461538464,0.19611613513818404,call,0.011977665485490618,6.115704132809333e-05,0.01058913731723434,-0.0013885281682562787,0.0013885281682562787,-0.11592644409198935,-1.1571068068802322e-05,1.1571068068802322e-05
120,144.0,1.2,0.1823215567939546,0.05,1.0,0.1,0.010000000000000002,52,0.019230769230769232,0.1386750490563073,call,0.010226465905131573,5.765280737459956e-05,0.009041338974893788,-0.0011851269302377843,0.0011851269302377843,-0.11588821996102246,-9.876057751981535e-06,9.876057751981535e-06
120,144.0,1.2,0.1823215567939546,0.05,1.0,0.1,0.010000000000000002,126,0.007936507936507936,0.0890870806374748,call,0.009487621624571943,6.0642436943214324e-05,0.008215955105274588,-0.0012716665192973545,0.0012716665192973545,-0.13403427851758673,-1.059722099414462e-05,1.059722099414462e-05
120,144.0,1.2,0.1823215567939546,0.05,1.0,0.2,0.04000000000000001,12,0.08333333333333333,0.2886751345948129,call,0.8103865680763623,0.0005145144977646108,0.781209597439557,-0.029176970636805355,0.029176970636805355,-0.03600376880142962,-0.00024314142197337795,0.00024314142197337795
120,144.0,1.2,0.1823215567939546,0.05,1.0,0.2,0.04000000000000001,26,0.038461538461538464,0.19611613513818404,call,0.7119966072545334,0.0004803864571225819,0.681314157005701,-0.030682450248832427,0.030682450248832427,-0.04309353434582264,-0.0002556870854069369,0.0002556870854069369
120,144.0,1.2,0.1823215567939546,0.05,1.0,0.2,0.04000000000000001,52,0.019230769230769232,0.1386750490563073,call,0.6705786907805322,0.00047587737961203054,0.6404960558574639,-0.030082634923068285,0.030082634923068285,-0.044860708126667516,-0.00025068862435890236,0.00025068862435890236
120,144.0,1.2,0.1823215567939546,0.05,1.0,0.2,0.04000000000000001,126,0.007936507936507936,0.0890870806374748,call,0.6484711429562312,0.000477571454509604,0.6170919272812251,-0.03137921567500612,0.03137921567500612,-0.04838953285100008,-0.00026149346395838436,0.00026149346395838436
120,144.0,1.2,0.1823215567939546,0.05,1.0,0.3,0.09,12,0.08333333333333333,0.2886751345948129,call,2.7003992482077535,0.00128402490361961,2.6474904356181126,-0.05290881258964086,0.05290881258964086,-0.019592959309537757,-0.00044090677158034055,0.00044090677158034055
120,144.0,1.2,0.1823215567939546,0.05,1.0,0.3,0.09,26,0.038461538461538464,0.19611613513818404,call,2.475042276002684,0.001218150751532953,2.417060011145335,-0.05798226485734892,0.05798226485734892,-0.023426777562358714,-0.00048318554047790767,0.00048318554047790767
120,144.0,1.2,0.1823215567939546,0.05,1.0,0.3,0.09,52,0.019230769230769232,0.1386750490563073,call,2.379593503834366,0.001193231321953932,2.320309487903383,-0.05928401593098309,0.05928401593098309,-0.024913505535905857,-0.0004940334660915258,0.0004940334660915258
120,144.0,1.2,0.1823215567939546,0.05,1.0,0.3,0.09,126,0.007936507936507936,0.0890870806374748,call,2.3240574754057524,0.0011878340988183255,2.264071063675255,-0.05998641173049757,0.05998641173049757,-0.025811070666410547,-0.0004998867644208131,0.0004998867644208131
120,144.0,1.2,0.1823215567939546,0.05,1.0,0.4,0.16000000000000003,12,0.08333333333333333,0.2886751345948129,call,5.119015075263672,0.0024024761437326024,5.069639829027671,-0.04937524623600087,0.04937524623600087,-0.009645458259069033,-0.0004114603853000072,0.0004114603853000072
120,144.0,1.2,0.1823215567939546,0.05,1.0,0.4,0.16000000000000003,26,0.038461538461538464,0.19611613513818404,call,4.772528383360029,0.002275542610953237,4.717150302794464,-0.055378080565565035,0.055378080565565035,-0.011603509946351937,-0.000461484004713042,0.000461484004713042
120,144.0,1.2,0.1823215567939546,0.05,1.0,0.4,0.16000000000000003,52,0.019230769230769232,0.1386750490563073,call,4.628992530490594,0.002208696721365722,4.567698052900207,-0.061294477590386975,0.061294477590386975,-0.013241429357824177,-0.0005107873132532248,0.0005107873132532248
120,144.0,1.2,0.1823215567939546,0.05,1.0,0.4,0.16000000000000003,126,0.007936507936507936,0.0890870806374748,call,4.544615144716055,0.002203665248213703,4.480397534570815,-0.0642176101452403,0.0642176101452403,-0.014130483682409278,-0.0005351467512103358,0.0005351467512103358
120,144.0,1.2,0.1823215567939546,0.05,1.0,0.5,0.25,12,0.08333333333333333,0.2886751345948129,call,7.7798767453113475,0.0039530469353190765,7.77228319046194,-0.007593554849407269,0.007593554849407269,-0.0009760507907768118,-6.327962374506058e-05,6.327962374506058e-05
120,144.0,1.2,0.1823215567939546,0.05,1.0,0.5,0.25,26,0.038461538461538464,0.19611613513818404,call,7.322410403551624,0.003771505675868997,7.307308193832198,-0.015102209719425552,0.015102209719425552,-0.002062464255226729,-0.0001258517476618796,0.0001258517476618796
120,144.0,1.2,0.1823215567939546,0.05,1.0,0.5,0.25,52,0.019230769230769232,0.1386750490563073,call,7.13482832815117,0.0036976265568563153,7.10923771358515,-0.02559061456601963,0.02559061456601963,-0.003586717632020568,-0.00021325512138349693,0.00021325512138349693
120,144.0,1.2,0.1823215567939546,0.05,1.0,0.5,0.25,126,0.007936507936507936,0.0890870806374748,call,7.019586618997522,0.0036525517872175463,6.993265081169254,-0.026321537828268404,0.026321537828268404,-0.0037497276202893303,-0.00021934614856890337,0.00021934614856890337
120,144.0,1.2,0.1823215567939546,0.05,1.0,0.6,0.36,12,0.08333333333333333,0.2886751345948129,call,10.55730523058575,0.006096472323971589,10.637966818703738,0.08066158811798729,0.08066158811798729,0.007640357681835438,0.0006721799009832274,0.0006721799009832274
120,144.0,1.2,0.1823215567939546,0.05,1.0,0.6,0.36,26,0.038461538461538464,0.19611613513818404,call,9.999016203399261,0.005836421466858871,10.068103156863957,0.06908695346469607,0.06908695346469607,0.006909375088442131,0.0005757246122058006,0.0005757246122058006
120,144.0,1.2,0.1823215567939546,0.05,1.0,0.6,0.36,52,0.019230769230769232,0.1386750490563073,call,9.763754236369266,0.005583882838293465,9.824704483593115,0.060950247223848564,0.060950247223848564,0.006242501167923029,0.0005079187268654047,0.0005079187268654047
120,144.0,1.2,0.1823215567939546,0.05,1.0,0.6,0.36,126,0.007936507936507936,0.0890870806374748,call,9.628850816069143,0.005597291000533406,9.682001548773256,0.05315073270411297,0.05315073270411297,0.0055199456009238585,0.0004429227725342747,0.0004429227725342747
120,156.0,1.3,0.26236426446749106,0.05,1.0,0.1,0.010000000000000002,12,0.08333333333333333,0.2886751345948129,call,0.00016383089711029513,9.461055417951642e-06,0.00013153365826954662,-3.229723884074851e-05,3.229723884074851e-05,-0.19713765480393594,-2.6914365700623757e-07,2.6914365700623757e-07
120,156.0,1.3,0.26236426446749106,0.05,1.0,0.1,0.010000000000000002,26,0.038461538461538464,0.19611613513818404,call,9.585257165719103e-05,1.1741398336738528e-05,6.915009207282438e-05,-2.6702479584366648e-05,2.6702479584366648e-05,-0.278578645546057,-2.225206632030554e-07,2.225206632030554e-07
120,156.0,1.3,0.26236426446749106,0.05,1.0,0.1,0.010000000000000002,52,0.019230769230769232,0.1386750490563073,call,8.055276563578991e-05,9.645034692777986e-06,5.150044229286329e-05,-2.9052323342926624e-05,2.9052323342926624e-05,-0.3606620221369353,-2.421026945243885e-07,2.421026945243885e-07
120,156.0,1.3,0.26236426446749106,0.05,1.0,0.1,0.010000000000000002,126,0.007936507936507936,0.0890870806374748,call,4.9800267892040925e-05,3.0174479068772437e-06,4.306659096231938e-05,-6.733676929721544e-06,6.733676929721544e-06,-0.13521366881638242,-5.6113974414346204e-08,5.6113974414346204e-08
120,156.0,1.3,0.26236426446749106,0.05,1.0,0.2,0.04000000000000001,12,0.08333333333333333,0.2886751345948129,call,0.19519924193969682,0.0003811438308413006,0.17803084786362405,-0.017168394076072763,0.017168394076072763,-0.087953180071143,-0.00014306995063393969,0.00014306995063393969
120,156.0,1.3,0.26236426446749106,0.05,1.0,0.2,0.04000000000000001,26,0.038461538461538464,0.19611613513818404,call,0.16080438080984544,0.00037108840155078594,0.1432847234354259,-0.017519657374419545,0.017519657374419545,-0.10895012490447575,-0.00014599714478682953,0.00014599714478682953
120,156.0,1.3,0.26236426446749106,0.05,1.0,0.2,0.04000000000000001,52,0.019230769230769232,0.1386750490563073,call,0.1464923375403671,0.00035831373139191906,0.12983127075211287,-0.016661066788254242,0.016661066788254242,-0.11373336700059929,-0.000138842223235452,0.000138842223235452
120,156.0,1.3,0.26236426446749106,0.05,1.0,0.2,0.04000000000000001,126,0.007936507936507936,0.0890870806374748,call,0.13887540773392631,0.00036439539906533974,0.12232274958267336,-0.016552658151252952,0.016552658151252952,-0.1191907078535205,-0.00013793881792710793,0.00013793881792710793
120,156.0,1.3,0.26236426446749106,0.05,1.0,0.3,0.09,12,0.08333333333333333,0.2886751345948129,call,1.250179849728303,0.0011464183866782664,1.1920103233847568,-0.05816952634354622,0.05816952634354622,-0.046528926503005136,-0.00048474605286288517,0.00048474605286288517
120,156.0,1.3,0.26236426446749106,0.05,1.0,0.3,0.09,26,0.038461538461538464,0.19611613513818404,call,1.1109123447662783,0.0011143158862050298,1.045933036057471,-0.0649793087088073,0.0649793087088073,-0.05849184142649717,-0.0005414942392400608,0.0005414942392400608
120,156.0,1.3,0.26236426446749106,0.05,1.0,0.3,0.09,52,0.019230769230769232,0.1386750490563073,call,1.0518735911293853,0.0010812742980346555,0.9860338941443376,-0.06583969698504766,0.06583969698504766,-0.06259278447551506,-0.0005486641415420638,0.0005486641415420638
120,156.0,1.3,0.26236426446749106,0.05,1.0,0.3,0.09,126,0.007936507936507936,0.0890870806374748,call,1.0164446037570858,0.001077035927079334,0.9516278373760888,-0.06481676638099698,0.06481676638099698,-0.06376812483574085,-0.0005401397198416415,0.0005401397198416415
120,156.0,1.3,0.26236426446749106,0.05,1.0,0.4,0.16000000000000003,12,0.08333333333333333,0.2886751345948129,call,3.0844362323257477,0.0022759030091133283,2.9951929451210226,-0.08924328720472507,0.08924328720472507,-0.02893341942667858,-0.0007436940600393756,0.0007436940600393756
120,156.0,1.3,0.26236426446749106,0.05,1.0,0.4,0.16000000000000003,26,0.038461538461538464,0.19611613513818404,call,2.815360598399694,0.002220860689365123,2.718669189264666,-0.09669140913502794,0.09669140913502794,-0.03434423611312499,-0.0008057617427918995,0.0008057617427918995
120,156.0,1.3,0.26236426446749106,0.05,1.0,0.4,0.16000000000000003,52,0.019230769230769232,0.1386750490563073,call,2.7017733754054887,0.0021345416881449917,2.602961252386963,-0.09881212301852571,0.09881212301852571,-0.03657306120417881,-0.0008234343584877143,0.0008234343584877143
120,156.0,1.3,0.26236426446749106,0.05,1.0,0.4,0.16000000000000003,126,0.007936507936507936,0.0890870806374748,call,2.638788045477195,0.00209870973738245,2.5358187839037347,-0.10296926157346009,0.10296926157346009,-0.039021421879618705,-0.0008580771797788341,0.0008580771797788341
120,156.0,1.3,0.26236426446749106,0.05,1.0,0.5,0.25,12,0.08333333333333333,0.2886751345948129,call,5.3736955745556365,0.0038660189826820817,5.2949722712952925,-0.07872330326034405,0.07872330326034405,-0.014649751212758988,-0.0006560275271695337,0.0006560275271695337
120,156.0,1.3,0.26236426446749106,0.05,1.0,0.5,0.25,26,0.038461538461538464,0.19611613513818404,call,4.986058229351334,0.0036981151563021224,4.891873333600592,-0.09418489575074229,0.09418489575074229,-0.018889650184248923,-0.0007848741312561858,0.0007848741312561858
120,156.0,1.3,0.26236426446749106,0.05,1.0,0.5,0.25,52,0.019230769230769232,0.1386750490563073,call,4.818838893340275,0.0035903709716192055,4.721587398014174,-0.097251495326101,0.097251495326101,-0.020181520378385005,-0.0008104291277175083,0.0008104291277175083
120,156.0,1.3,0.26236426446749106,0.05,1.0,0.5,0.25,126,0.007936507936507936,0.0890870806374748,call,4.726286086838364,0.0035563919337497835,4.622300502031436,-0.10398558480692799,0.10398558480692799,-0.022001542626990837,-0.0008665465400577333,0.0008665465400577333
120,156.0,1.3,0.26236426446749106,0.05,1.0,0.6,0.36,12,0.08333333333333333,0.2886751345948129,call,7.9333627009986385,0.006019667417012316,7.904574861482459,-0.02878783951617958,0.02878783951617958,-0.0036287058339782973,-0.00023989866263482985,0.00023989866263482985
120,156.0,1.3,0.26236426446749106,0.05,1.0,0.6,0.36,26,0.038461538461538464,0.19611613513818404,call,7.4289062086121165,0.005682686251205181,7.382662299101581,-0.04624390951053581,0.04624390951053581,-0.006224861131902106,-0.0003853659125877984,0.0003853659125877984
120,156.0,1.3,0.26236426446749106,0.05,1.0,0.6,0.36,52,0.019230769230769232,0.1386750490563073,call,7.204667066969503,0.005438760967450244,7.161013874399654,-0.043653192569849786,0.043653192569849786,-0.006059015935654,-0.0003637766047487482,0.0003637766047487482
120,156.0,1.3,0.26236426446749106,0.05,1.0,0.6,0.36,126,0.007936507936507936,0.0890870806374748,call,7.092446319620727,0.005548249140460776,7.031435686493448,-0.06101063312727906,0.06101063312727906,-0.008602198786968279,-0.0005084219427273255,0.0005084219427273255
120,84.0,0.7,-0.35667494393873245,0.05,2.0,0.1,0.010000000000000002,12,0.08333333333333333,0.2886751345948129,call,38.665245807495914,0.0004673137184038013,38.66523124797207,-1.4559523840773636e-05,1.4559523840773636e-05,-3.7655324663553606e-07,-1.213293653397803e-07,1.213293653397803e-07
120,84.0,0.7,-0.35667494393873245,0.05,2.0,0.1,0.010000000000000002,26,0.038461538461538464,0.19611613513818404,call,38.407770337185745,0.00045399540622751333,38.40850313552995,0.0007327983442024788,0.0007327983442024788,1.907942944277075e-05,6.10665286835399e-06,6.10665286835399e-06
120,84.0,0.7,-0.35667494393873245,0.05,2.0,0.1,0.010000000000000002,52,0.019230769230769232,0.1386750490563073,call,38.29874890349052,0.00045231404452075513,38.29859427494339,-0.0001546285471292208,0.0001546285471292208,-4.037430766181714e-06,-1.2885712260768401e-06,1.2885712260768401e-06
120,84.0,0.7,-0.35667494393873245,0.05,2.0,0.1,0.010000000000000002,126,0.007936507936507936,0.0890870806374748,call,38.23458051631405,0.00045423839709953764,38.234077468669135,-0.0005030476449121579,0.0005030476449121579,-1.315687626538798e-05,-4.192063707601316e-06,4.192063707601316e-06
120,84.0,0.7,-0.35667494393873245,0.05,2.0,0.2,0.04000000000000001,12,0.08333333333333333,0.2886751345948129,call,38.71010593480341,0.0017055186741900693,38.718818522731986,0.008712587928577875,0.008712587928577875,0.0002250726966041335,7.260489940481562e-05,7.260489940481562e-05
120,84.0,0.7,-0.35667494393873245,0.05,2.0,0.2,0.04000000000000001,26,0.038461538461538464,0.19611613513818404,call,38.437040241324866,0.0016610994272521437,38.45180803961616,0.014767798291295264,0.014767798291295264,0.00038420747795814785,0.00012306498576079386,0.00012306498576079386
120,84.0,0.7,-0.35667494393873245,0.05,2.0,0.2,0.04000000000000001,52,0.019230769230769232,0.1386750490563073,call,38.3245964953201,0.0016542302706472698,38.337916366008834,0.013319870688732749,0.013319870688732749,0.0003475541011986719,0.00011099892240610625,0.00011099892240610625
120,84.0,0.7,-0.35667494393873245,0.05,2.0,0.2,0.04000000000000001,126,0.007936507936507936,0.0890870806374748,call,38.26001447856924,0.0016658496406280754,38.27117583864285,0.011161360073607796,0.011161360073607796,0.0002917238852551836,9.301133394673163e-05,9.301133394673163e-05
120,84.0,0.7,-0.35667494393873245,0.05,2.0,0.3,0.09,12,0.08333333333333333,0.2886751345948129,call,39.18880930595317,0.003644519778157061,39.30258611401109,0.11377680805792068,0.11377680805792068,0.002903298417914342,0.0009481400671493389,0.0009481400671493389
120,84.0,0.7,-0.35667494393873245,0.05,2.0,0.3,0.09,26,0.038461538461538464,0.19611613513818404,call,38.8625481109943,0.003608506290036271,38.97109027139378,0.10854216039948028,0.10854216039948028,0.002792975902904665,0.0009045180033290023,0.0009045180033290023
120,84.0,0.7,-0.35667494393873245,0.05,2.0,0.3,0.09,52,0.019230769230769232,0.1386750490563073,call,38.71594881165472,0.0035764478241549135,38.83045278500673,0.1145039733520079,0.1145039733520079,0.0029575401576504463,0.0009541997779333992,0.0009541997779333992
120,84.0,0.7,-0.35667494393873245,0.05,2.0,0.3,0.09,126,0.007936507936507936,0.0890870806374748,call,38.631435704303,0.003550101857246226,38.748264038923516,0.11682833462051434,0.11682833462051434,0.003024177913416283,0.0009735694551709529,0.0009735694551709529
120,84.0,0.7,-0.35667494393873245,0.05,2.0,0.4,0.16000000000000003,12,0.08333333333333333,0.2886751345948129,call,40.36794467901841,0.006540739556344544,40.66596813515948,0.29802345614107395,0.29802345614107395,0.007382675994796788,0.0024835288011756163,0.0024835288011756163
120,84.0,0.7,-0.35667494393873245,0.05,2.0,0.4,0.16000000000000003,26,0.038461538461538464,0.19611613513818404,call,39.92589746173414,0.006485279967979078,40.235768069899954,0.30987060816581646,0.30987060816581646,0.007761143214446295,0.0025822550680484704,0.0025822550680484704
120,84.0,0.7,-0.35667494393873245,0.05,2.0,0.4,0.16000000000000003,52,0.019230769230769232,0.1386750490563073,call,39.73105778730358,0.006347681540807622,40.05308947382928,0.3220316865257047,0.3220316865257047,0.008105288518862764,0.0026835973877142056,0.0026835973877142056
120,84.0,0.7,-0.35667494393873245,0.05,2.0,0.4,0.16000000000000003,126,0.007936507936507936,0.0890870806374748,call,39.63625942691548,0.0063523537071424,39.94629170806766,0.31003228115218207,0.31003228115218207,0.007821935915114405,0.0025836023429348506,0.0025836023429348506
120,84.0,0.7,-0.35667494393873245,0.05,2.0,0.5,0.25,12,0.08333333333333333,0.2886751345948129,call,42.07672261951037,0.010895456780478877,42.63331709807031,0.556594478559937,0.556594478559937,0.013228085361901551,0.004638287321332809,0.004638287321332809
120,84.0,0.7,-0.35667494393873245,0.05,2.0,0.5,0.25,26,0.038461538461538464,0.19611613513818404,call,41.514666697546375,0.010601707081151246,42.09742865427547,0.5827619567290938,0.5827619567290938,0.014037495735538124,0.004856349639409115,0.004856349639409115
120,84.0,0.7,-0.35667494393873245,0.05,2.0,0.5,0.25,52,0.019230769230769232,0.1386750490563073,call,41.27603960603542,0.01025736158996327,41.86930345894014,0.5932638529047196,0.5932638529047196,0.014373080813159508,0.0049438654408726634,0.0049438654408726634
120,84.0,0.7,-0.35667494393873245,0.05,2.0,0.5,0.25,126,0.007936507936507936,0.0890870806374748,call,41.12117321200147,0.01017181909466153,41.73577469741562,0.6146014854141484,0.6146014854141484,0.014946107744678186,0.005121679045117903,0.005121679045117903
120,84.0,0.7,-0.35667494393873245,0.05,2.0,0.6,0.36,12,0.08333333333333333,0.2886751345948129,call,44.11722920047594,0.016820060266859154,45.01837029888552,0.9011410984095818,0.9011410984095818,0.020426058361794404,0.007509509153413182,0.007509509153413182
120,84.0,0.7,-0.35667494393873245,0.05,2.0,0.6,0.36,26,0.038461538461538464,0.19611613513818404,call,43.434112374459914,0.01610770650676794,44.380061515832686,0.9459491413727719,0.9459491413727719,0.021778944927374824,0.007882909511439766,0.007882909511439766
120,84.0,0.7,-0.35667494393873245,0.05,2.0,0.6,0.36,52,0.019230769230769232,0.1386750490563073,call,43.13423857586902,0.016066564233712735,44.10772855217209,0.9734899763030711,0.9734899763030711,0.022568845734712458,0.008112416469192259,0.008112416469192259
120,84.0,0.7,-0.35667494393873245,0.05,2.0,0.6,0.36,126,0.007936507936507936,0.0890870806374748,call,42.98040390039744,0.016154433638501005,43.94814813080646,0.9677442304090178,0.9677442304090178,0.022515940814601537,0.008064535253408481,0.008064535253408481
120,96.0,0.8,-0.2231435513142097,0.05,2.0,0.1,0.010000000000000002,12,0.08333333333333333,0.2886751345948129,call,27.809066586098844,0.00046503073688930805,27.809026577791634,-4.000830720940485e-05,4.000830720940485e-05,-1.4386785362081928e-06,-3.334025600783737e-07,3.334025600783737e-07
120,96.0,0.8,-0.2231435513142097,0.05,2.0,0.1,0.010000000000000002,26,0.038461538461538464,0.19611613513818404,call,27.551539352535883,0.00045930735524458337,27.55181165492323,0.00027230238734787804,0.00027230238734787804,9.883381972369357e-06,2.269186561232317e-06,2.269186561232317e-06
120,96.0,0.8,-0.2231435513142097,0.05,2.0,0.1,0.010000000000000002,52,0.019230769230769232,0.1386750490563073,call,27.441603867984313,0.0004533213507101842,27.441726444469413,0.00012257648510072272,0.00012257648510072272,4.466811987025684e-06,1.0214707091726893e-06,1.0214707091726893e-06
120,96.0,0.8,-0.2231435513142097,0.05,2.0,0.1,0.010000000000000002,126,0.007936507936507936,0.0890870806374748,call,27.376658196519628,0.00045097716631458903,27.37711439643399,0.0004561999143604112,0.0004561999143604112,1.6663827669748513e-05,3.8016659530034267e-06,3.8016659530034267e-06
120,96.0,0.8,-0.2231435513142097,0.05,2.0,0.2,0.04000000000000001,12,0.08333333333333333,0.2886751345948129,call,28.186904738893183,0.001592146247396166,28.234737871136204,0.04783313224302077,0.04783313224302077,0.0016969984000059113,0.0003986094353585064,0.0003986094353585064
120,96.0,0.8,-0.2231435513142097,0.05,2.0,0.2,0.04000000000000001,26,0.038461538461538464,0.19611613513818404,call,27.88122632588847,0.001566965103473177,27.930264827465138,0.04903850157666767,0.04903850157666767,0.0017588358920616809,0.00040865417980556393,0.00040865417980556393
120,96.0,0.8,-0.2231435513142097,0.05,2.0,0.2,0.04000000000000001,52,0.019230769230769232,0.1386750490563073,call,27.75098089858746,0.0015501660237618939,27.80065379532978,0.049672896742318784,0.049672896742318784,0.0017899510263742482,0.0004139408061859899,0.0004139408061859899
120,96.0,0.8,-0.2231435513142097,0.05,2.0,0.2,0.04000000000000001,126,0.007936507936507936,0.0890870806374748,call,27.67519393916725,0.0015515936948086273,27.724783252736728,0.049589313569477156,0.049589313569477156,0.0017918325587339787,0.00041324427974564294,0.00041324427974564294
120,96.0,0.8,-0.2231435513142097,0.05,2.0,0.3,0.09,12,0.08333333333333333,0.2886751345948129,call,29.627149215020253,0.0034655409647012746,29.801063751428252,0.1739145364079988,0.1739145364079988,0.005870107013867818,0.00144928780339999,0.00144928780339999
120,96.0,0.8,-0.2231435513142097,0.05,2.0,0.3,0.09,26,0.038461538461538464,0.19611613513818404,call,29.205852936457713,0.003336548642464694,29.393632408975186,0.18777947251747307,0.18777947251747307,0.006429515101853699,0.0015648289376456088,0.0015648289376456088
120,96.0,0.8,-0.2231435513142097,0.05,2.0,0.3,0.09,52,0.019230769230769232,0.1386750490563073,call,29.03309606223316,0.00336545017317997,29.220070424785256,0.1869743625520961,0.1869743625520961,0.0064400421557284804,0.001558119687934134,0.001558119687934134
120,96.0,0.8,-0.2231435513142097,0.05,2.0,0.3,0.09,126,0.007936507936507936,0.0890870806374748,call,28.9254073315447,0.0033056873213219563,29.118442028286132,0.1930346967414316,0.1930346967414316,0.006673534257576969,0.0016086224728452633,0.0016086224728452633
120,96.0,0.8,-0.2231435513142097,0.05,2.0,0.4,0.16000000000000003,12,0.08333333333333333,0.2886751345948129,call,31.7966118252145,0.006228145593264919,32.15778747980908,0.3611756545945788,0.3611756545945788,0.011358935240646266,0.00300979712162149,0.00300979712162149
120,96.0,0.8,-0.2231435513142097,0.05,2.0,0.4,0.16000000000000003,26,0.038461538461538464,0.19611613513818404,call,31.265411134957912,0.006118903562817696,31.638574694648078,0.3731635596901661,0.3731635596901661,0.011935347917844306,0.0031096963307513845,0.0031096963307513845
120,96.0,0.8,-0.2231435513142097,0.05,2.0,0.4,0.16000000000000003,52,0.019230769230769232,0.1386750490563073,call,31.027304741139943,0.006077097414384342,31.416910165987023,0.3896054248470797,0.3896054248470797,0.012556856874857433,0.0032467118737256645,0.0032467118737256645
120,96.0,0.8,-0.2231435513142097,0.05,2.0,0.4,0.16000000000000003,126,0.007936507936507936,0.0890870806374748,call,30.894711314623038,0.005976333207961033,31.28697547974503,0.39226416512199336,0.39226416512199336,0.012696806295656417,0.0032688680426832778,0.0032688680426832778
120,96.0,0.8,-0.2231435513142097,0.05,2.0,0.5,0.25,12,0.08333333333333333,0.2886751345948129,call,34.339355582959485,0.010118553358523732,34.963865622926825,0.6245100399673404,0.6245100399673404,0.01818642281910632,0.00520425033306117,0.00520425033306117
120,96.0,0.8,-0.2231435513142097,0.05,2.0,0.5,0.25,26,0.038461538461538464,0.19611613513818404,call,33.68905930114459,0.010039623158621998,34.33642889126503,0.6473695901204408,0.6473695901204408,0.01921601859920281,0.0053947465843370065,0.0053947465843370065
120,96.0,0.8,-0.2231435513142097,0.05,2.0,0.5,0.25,52,0.019230769230769232,0.1386750490563073,call,33.4031592503036,0.010034453853287443,34.06809876193434,0.6649395116307346,0.6649395116307346,0.01990648569041238,0.005541162596922789,0.005541162596922789
120,96.0,0.8,-0.2231435513142097,0.05,2.0,0.5,0.25,126,0.007936507936507936,0.0890870806374748,call,33.24153435979927,0.009838753587228027,33.910675602729185,0.6691412429299177,0.6691412429299177,0.02012967378964147,0.005576177024415981,0.005576177024415981
120,96.0,0.8,-0.2231435513142097,0.05,2.0,0.6,0.36,12,0.08333333333333333,0.2886751345948129,call,37.09179910771824,0.016628762856967697,38.047520242922836,0.9557211352045982,0.9557211352045982,0.025766373111994107,0.007964342793371652,0.007964342793371652
120,96.0,0.8,-0.2231435513142097,0.05,2.0,0.6,0.36,26,0.038461538461538464,0.19611613513818404,call,36.310348221332994,0.015703776722145412,37.31830157350035,1.0079533521673554,1.0079533521673554,0.027759396468006448,0.008399611268061295,0.008399611268061295
120,96.0,0.8,-0.2231435513142097,0.05,2.0,0.6,0.36,52,0.019230769230769232,0.1386750490563073,call,35.97408023914336,0.015524475736042936,37.006054182863224,1.031973943719862,1.031973943719862,0.02868659704041501,0.008599782864332184,0.008599782864332184
120,96.0,0.8,-0.2231435513142097,0.05,2.0,0.6,0.36,126,0.007936507936507936,0.0890870806374748,call,35.74452052185539,0.01456906972845498,36.82275372192103,1.0782332000656396,1.0782332000656396,0.030164992684861218,0.008985276667213663,0.008985276667213663
120,108.0,0.9,-0.10536051565782628,0.05,2.0,0.1,0.010000000000000002,12,0.08333333333333333,0.2886751345948129,call,17.064701149533448,0.00044202529513011926,17.074304899931914,0.009603750398465394,0.009603750398465394,0.0005627845641309671,8.003125332054495e-05,8.003125332054495e-05
120,108.0,0.9,-0.10536051565782628,0.05,2.0,0.1,0.010000000000000002,26,0.038461538461538464,0.19611613513818404,call,16.794773418215403,0.0004292826170531915,16.80427393913334,0.009500520917935518,0.009500520917935518,0.0005656831849622556,7.917100764946265e-05,7.917100764946265e-05
120,108.0,0.9,-0.10536051565782628,0.05,2.0,0.1,0.010000000000000002,52,0.019230769230769232,0.1386750490563073,call,16.679292018733094,0.0004279886705002125,16.688855350019008,0.009563331285914245,0.009563331285914245,0.0005733655406460499,7.96944273826187e-05,7.96944273826187e-05
120,108.0,0.9,-0.10536051565782628,0.05,2.0,0.1,0.010000000000000002,126,0.007936507936507936,0.0890870806374748,call,16.61188955073807,0.00042516892147876793,16.62115756815298,0.0092680174149109,0.0092680174149109,0.0005579147023945341,7.723347845759085e-05,7.723347845759085e-05
120,108.0,0.9,-0.10536051565782628,0.05,2.0,0.2,0.04000000000000001,12,0.08333333333333333,0.2886751345948129,call,18.704864895390017,0.0014797292969767105,18.783237396402953,0.07837250101293591,0.07837250101293591,0.004189952798442908,0.0006531041751077993,0.0006531041751077993
120,108.0,0.9,-0.10536051565782628,0.05,2.0,0.2,0.04000000000000001,26,0.038461538461538464,0.19611613513818404,call,18.336891565953874,0.001433389735660955,18.41844019853535,0.08154863258147671,0.08154863258147671,0.0044472440864998155,0.0006795719381789726,0.0006795719381789726
120,108.0,0.9,-0.10536051565782628,0.05,2.0,0.2,0.04000000000000001,52,0.019230769230769232,0.1386750490563073,call,18.17769792525003,0.0014172291167328947,18.262473620089523,0.0847756948394931,0.0847756948394931,0.0046637200809533765,0.0007064641236624424,0.0007064641236624424
120,108.0,0.9,-0.10536051565782628,0.05,2.0,0.2,0.04000000000000001,126,0.007936507936507936,0.0890870806374748,call,18.084280506924372,0.0014054769816233752,18.170982211111653,0.08670170418728063,0.08670170418728063,0.004794313169057681,0.0007225142015606719,0.0007225142015606719
120,108.0,0.9,-0.10536051565782628,0.05,2.0,0.3,0.09,12,0.08333333333333333,0.2886751345948129,call,21.433808262524373,0.0032497919374481227,21.62506266257747,0.19125440005309713,0.19125440005309713,0.008923024677210213,0.0015937866671091427,0.0015937866671091427
120,108.0,0.9,-0.10536051565782628,0.05,2.0,0.3,0.09,26,0.038461538461538464,0.19611613513818404,call,20.949646845922743,0.003183483183737903,21.147910432179696,0.19826358625695306,0.19826358625695306,0.009463815200089612,0.0016521965521412755,0.0016521965521412755
120,108.0,0.9,-0.10536051565782628,0.05,2.0,0.3,0.09,52,0.019230769230769232,0.1386750490563073,call,20.737931676956244,0.0030836370402982827,20.943617768945227,0.20568609198898358,0.20568609198898358,0.009918351318397854,0.0017140507665748632,0.0017140507665748632
120,108.0,0.9,-0.10536051565782628,0.05,2.0,0.3,0.09,126,0.007936507936507936,0.0890870806374748,call,20.622552434205325,0.003130235801888126,20.823693088875107,0.20114065466978204,0.20114065466978204,0.009753431604138522,0.0016761721222481837,0.0016761721222481837
120,108.0,0.9,-0.10536051565782628,0.05,2.0,0.4,0.16000000000000003,12,0.08333333333333333,0.2886751345948129,call,24.562222781783845,0.0060734664231648725,24.9067166780288,0.3444938962449555,0.3444938962449555,0.01402535508718061,0.0028707824687079627,0.0028707824687079627
120,108.0,0.9,-0.10536051565782628,0.05,2.0,0.4,0.16000000000000003,26,0.038461538461538464,0.19611613513818404,call,23.942300510948243,0.0058051808542571364,24.318419156676594,0.37611864572835074,0.37611864572835074,0.01570937786685789,0.003134322047736256,0.003134322047736256
120,108.0,0.9,-0.10536051565782628,0.05,2.0,0.4,0.16000000000000003,52,0.019230769230769232,0.1386750490563073,call,23.675908229929405,0.005737100737573687,24.06630402322211,0.39039579329270424,0.39039579329270424,0.01648915807162969,0.003253298277439202,0.003253298277439202
120,108.0,0.9,-0.10536051565782628,0.05,2.0,0.4,0.16000000000000003,126,0.007936507936507936,0.0890870806374748,call,23.523716123132555,0.0058628939710995386,23.918237943477862,0.39452182034530736,0.39452182034530736,0.01677123709027188,0.0032876818362108946,0.0032876818362108946
120,108.0,0.9,-0.10536051565782628,0.05,2.0,0.5,0.25,12,0.08333333333333333,0.2886751345948129,call,27.810770395959114,0.009887795190366358,28.407138385018428,0.5963679890593134,0.5963679890593134,0.021443778096343756,0.004969733242160945,0.004969733242160945
120,108.0,0.9,-0.10536051565782628,0.05,2.0,0.5,0.25,26,0.038461538461538464,0.19611613513818404,call,27.093675818482822,0.009637956617850087,27.711998370174456,0.6183225516916337,0.6183225516916337,0.02282165608809068,0.005152687930763614,0.005152687930763614
120,108.0,0.9,-0.10536051565782628,0.05,2.0,0.5,0.25,52,0.019230769230769232,0.1386750490563073,call,26.776066983359197,0.009374079426351002,27.413901068722854,0.6378340853636573,0.6378340853636573,0.02382105205219492,0.0053152840446971435,0.0053152840446971435
120,108.0,0.9,-0.10536051565782628,0.05,2.0,0.5,0.25,126,0.007936507936507936,0.0890870806374748,call,26.61197994090251,0.009741791753197537,27.238774356682953,0.6267944157804415,0.6267944157804415,0.023553092147685743,0.0052232867981703455,0.0052232867981703455
120,108.0,0.9,-0.10536051565782628,0.05,2.0,0.6,0.36,12,0.08333333333333333,0.2886751345948129,call,31.119910498078884,0.016072295462759296,32.04621961003499,0.9263091119561047,0.9263091119561047,0.02976580257238491,0.007719242599634205,0.007719242599634205
120,108.0,0.9,-0.10536051565782628,0.05,2.0,0.6,0.36,26,0.038461538461538464,0.19611613513818404,call,30.262077130476666,0.014688466730368908,31.249969213511324,0.9878920830346587,0.9878920830346587,0.03264455637910464,0.008232434025288822,0.008232434025288822
120,108.0,0.9,-0.10536051565782628,0.05,2.0,0.6,0.36,52,0.019230769230769232,0.1386750490563073,call,29.892848265172926,0.014876532801864623,30.908341508075292,1.015493242902366,1.015493242902366,0.033971110209845085,0.00846244369085305,0.00846244369085305
120,108.0,0.9,-0.10536051565782628,0.05,2.0,0.6,0.36,126,0.007936507936507936,0.0890870806374748,call,29.714517600187705,0.015042431602613803,30.707594024484706,0.9930764242970014,0.9930764242970014,0.033420580393024056,0.008275636869141678,0.008275636869141678
120,120.0,1.0,0.0,0.05,2.0,0.1,0.010000000000000002,12,0.08333333333333333,0.2886751345948129,call,7.667401482883546,0.00040173488362712595,7.6837324819029496,0.01633099901940316,0.01633099901940316,0.002129926162841471,0.00013609165849502632,0.00013609165849502632
120,120.0,1.0,0.0,0.05,2.0,0.1,0.010000000000000002,26,0.038461538461538464,0.19611613513818404,call,7.37564284186492,0.00038571606263941913,7.393236255649338,0.017593413784418033,0.017593413784418033,0.0023853397136526155,0.00014661178153681695,0.00014661178153681695
120,120.0,1.0,0.0,0.05,2.0,0.1,0.010000000000000002,52,0.019230769230769232,0.1386750490563073,call,7.251339430429106,0.00037908874533771914,7.268814705314006,0.01747527488489986,0.01747527488489986,0.0024099375091403965,0.00014562729070749885,0.00014562729070749885
120,120.0,1.0,0.0,0.05,2.0,0.1,0.010000000000000002,126,0.007936507936507936,0.0890870806374748,call,7.177472927703777,0.0003761923420805853,7.19576193237465,0.0182890046708728,0.0182890046708728,0.002548111968528711,0.00015240837225727333,0.00015240837225727333
120,120.0,1.0,0.0,0.05,2.0,0.2,0.04000000000000001,12,0.08333333333333333,0.2886751345948129,call,11.183612886626147,0.0013861013057378361,11.241179401073072,0.05756651444692551,0.05756651444692551,0.005147398701162669,0.00047972095372437925,0.00047972095372437925
120,120.0,1.0,0.0,0.05,2.0,0.2,0.04000000000000001,26,0.038461538461538464,0.19611613513818404,call,10.785189973893557,0.001331953121890842,10.845991796246906,0.06080182235334952,0.06080182235334952,0.0056375291024567354,0.0005066818529445794,0.0005066818529445794
120,120.0,1.0,0.0,0.05,2.0,0.2,0.04000000000000001,52,0.019230769230769232,0.1386750490563073,call,10.617095200256655,0.0013126772290026373,10.676593064920182,0.05949786466352691,0.05949786466352691,0.005603968273929448,0.0004958155388627242,0.0004958155388627242
120,120.0,1.0,0.0,0.05,2.0,0.2,0.04000000000000001,126,0.007936507936507936,0.0890870806374748,call,10.513804908150023,0.001293337720532194,10.577092133099956,0.06328722494993322,0.06328722494993322,0.006019440678500192,0.0005273935412494435,0.0005273935412494435
120,120.0,1.0,0.0,0.05,2.0,0.3,0.09,12,0.08333333333333333,0.2886751345948129,call,14.910965802484089,0.0030990671549264723,15.0515648683223,0.14059906583821125,0.14059906583821125,0.009429239373266363,0.0011716588819850938,0.0011716588819850938
120,120.0,1.0,0.0,0.05,2.0,0.3,0.09,26,0.038461538461538464,0.19611613513818404,call,14.39713307989041,0.0030311736688135877,14.542298290696282,0.14516521080587275,0.14516521080587275,0.010082924843463192,0.0012097100900489396,0.0012097100900489396
120,120.0,1.0,0.0,0.05,2.0,0.3,0.09,52,0.019230769230769232,0.1386750490563073,call,14.17935646101434,0.002938666170209376,14.323902354944229,0.14454589392988915,0.14454589392988915,0.010194108197174758,0.0012045491160824096,0.0012045491160824096
120,120.0,1.0,0.0,0.05,2.0,0.3,0.09,126,0.007936507936507936,0.0890870806374748,call,14.041958416750829,0.0028937743305141412,14.195593773396785,0.15363535664595673,0.15363535664595673,0.010941163054768997,0.0012802946387163062,0.0012802946387163062
120,120.0,1.0,0.0,0.05,2.0,0.4,0.16000000000000003,12,0.08333333333333333,0.2886751345948129,call,18.6712138814558,0.005809590149381543,18.95182690225566,0.28061302079986206,0.28061302079986206,0.015029179280012756,0.0023384418399988506,0.0023384418399988506
120,120.0,1.0,0.0,0.05,2.0,0.4,0.16000000000000003,26,0.038461538461538464,0.19611613513818404,call,18.030999572959846,0.005562850760858521,18.32901305968149,0.2980134867216435,0.2980134867216435,0.01652784059562393,0.0024834457226803625,0.0024834457226803625
120,120.0,1.0,0.0,0.05,2.0,0.4,0.16000000000000003,52,0.019230769230769232,0.1386750490563073,call,17.759198106301284,0.005608674666456827,18.06183063521503,0.3026325289137475,0.3026325289137475,0.017040889295917478,0.0025219377409478956,0.0025219377409478956
120,120.0,1.0,0.0,0.05,2.0,0.4,0.16000000000000003,126,0.007936507936507936,0.0890870806374748,call,17.60408482018014,0.0054920797689075,17.9048339692778,0.3007491490976584,0.3007491490976584,0.017084054761705065,0.002506242909147153,0.002506242909147153
120,120.0,1.0,0.0,0.05,2.0,0.5,0.25,12,0.08333333333333333,0.2886751345948129,call,22.38784535035202,0.009797070248770502,22.91414658519581,0.526301234843789,0.526301234843789,0.02350834690018589,0.004385843623698242,0.004385843623698242
120,120.0,1.0,0.0,0.05,2.0,0.5,0.25,26,0.038461538461538464,0.19611613513818404,call,21.64365839923172,0.009361977412760828,22.18140368011744,0.5377452808857193,0.5377452808857193,0.02484539678859501,0.004481210674047661,0.004481210674047661
120,120.0,1.0,0.0,0.05,2.0,0.5,0.25,52,0.019230769230769232,0.1386750490563073,call,21.31449692202247,0.009271076988317606,21.866963285966385,0.552466363943914,0.552466363943914,0.02591974682607203,0.004603886366199283,0.004603886366199283
120,120.0,1.0,0.0,0.05,2.0,0.5,0.25,126,0.007936507936507936,0.0890870806374748,call,21.14306781971193,0.009075176831504621,21.682170871781498,0.5391030520695672,0.5391030520695672,0.025497863255537358,0.00449252543391306,0.00449252543391306
120,120.0,1.0,0.0,0.05,2.0,0.6,0.36,12,0.08333333333333333,0.2886751345948129,call,26.112791556415907,0.01560997473964046,26.934013253795563,0.8212216973796558,0.8212216973796558,0.03144901974978167,0.006843514144830465,0.006843514144830465
120,120.0,1.0,0.0,0.05,2.0,0.6,0.36,26,0.038461538461538464,0.19611613513818404,call,25.200382035208037,0.014223516973260138,26.09676403659006,0.8963820013820225,0.8963820013820225,0.03557017509217386,0.007469850011516854,0.007469850011516854
120,120.0,1.0,0.0,0.05,2.0,0.6,0.36,52,0.019230769230769232,0.1386750490563073,call,24.853585747024827,0.01433042608424103,25.737370846893114,0.8837850998682875,0.8837850998682875,0.035559661646572815,0.007364875832235729,0.007364875832235729
120,120.0,1.0,0.0,0.05,2.0,0.6,0.36,126,0.007936507936507936,0.0890870806374748,call,24.65861628792517,0.014882084018875408,25.526132383531557,0.867516095606387,0.867516095606387,0.03518105336799422,0.007229300796719892,0.007229300796719892
120,132.0,1.1,0.09531017980432493,0.05,2.0,0.1,0.010000000000000002,12,0.08333333333333333,0.2886751345948129,call,2.1547796748248693,0.00037139455885339795,2.146374552285626,-0.008405122539243415,0.008405122539243415,-0.0039006876839631156,-7.004268782702845e-05,7.004268782702845e-05
120,132.0,1.1,0.09531017980432493,0.05,2.0,0.1,0.010000000000000002,26,0.038461538461538464,0.19611613513818404,call,1.9594741892751861,0.00035466143356928755,1.9499867793778658,-0.009487409897320331,0.009487409897320331,-0.0048418141709892825,-7.906174914433609e-05,7.906174914433609e-05
120,132.0,1.1,0.09531017980432493,0.05,2.0,0.1,0.010000000000000002,52,0.019230769230769232,0.1386750490563073,call,1.8784543575867254,0.0003460780870870607,1.867690928058527,-0.01076342952819842,0.01076342952819842,-0.005729939343336687,-8.969524606832017e-05,8.969524606832017e-05
120,132.0,1.1,0.09531017980432493,0.05,2.0,0.1,0.010000000000000002,126,0.007936507936507936,0.0890870806374748,call,1.8308261094092577,0.0003429269199627082,1.819902633343465,-0.010923476065792803,0.010923476065792803,-0.005966419208057624,-9.102896721494003e-05,9.102896721494003e-05
120,132.0,1.1,0.09531017980432493,0.05,2.0,0.2,0.04000000000000001,12,0.08333333333333333,0.2886751345948129,call,6.033916779009115,0.0013015019000389705,6.038438710251053,0.004521931241938226,0.004521931241938226,0.0007494188944847885,3.768276034948522e-05,3.768276034948522e-05
120,132.0,1.1,0.09531017980432493,0.05,2.0,0.2,0.04000000000000001,26,0.038461538461538464,0.19611613513818404,call,5.682782207106359,0.001252265519873832,5.682990552405627,0.00020834529926805345,0.00020834529926805345,3.666255219274745e-05,1.7362108272337788e-06,1.7362108272337788e-06
120,132.0,1.1,0.09531017980432493,0.05,2.0,0.2,0.04000000000000001,52,0.019230769230769232,0.1386750490563073,call,5.531171570530262,0.0012294336803437575,5.531592675033628,0.00042110450336618754,0.00042110450336618754,7.613296712938832e-05,3.5092041947182297e-06,3.5092041947182297e-06
120,132.0,1.1,0.09531017980432493,0.05,2.0,0.2,0.04000000000000001,126,0.007936507936507936,0.0890870806374748,call,5.444793861840788,0.0012178664478850847,5.442949556484619,-0.0018443053561689737,0.0018443053561689737,-0.00033872822423904346,-1.5369211301408114e-05,1.5369211301408114e-05
120,132.0,1.1,0.09531017980432493,0.05,2.0,0.3,0.09,12,0.08333333333333333,0.2886751345948129,call,10.033991703036103,0.0030210694238809598,10.091773850109487,0.05778214707338414,0.05778214707338414,0.005758640108891092,0.00048151789227820113,0.00048151789227820113
120,132.0,1.1,0.09531017980432493,0.05,2.0,0.3,0.09,26,0.038461538461538464,0.19611613513818404,call,9.536426053172985,0.0028631432280389743,9.599390918678276,0.06296486550529146,0.06296486550529146,0.006602564226284921,0.0005247072125440955,0.0005247072125440955
120,132.0,1.1,0.09531017980432493,0.05,2.0,0.3,0.09,52,0.019230769230769232,0.1386750490563073,call,9.333390894247046,0.002831361246462085,9.388871002951722,0.05548010870467657,0.05548010870467657,0.0059442607015284905,0.00046233423920563805,0.00046233423920563805
120,132.0,1.1,0.09531017980432493,0.05,2.0,0.3,0.09,126,0.007936507936507936,0.0890870806374748,call,9.20678573007106,0.0027900445122441796,9.265377013872559,0.05859128380149947,0.05859128380149947,0.0063639239056177375,0.00048826069834582894,0.00048826069834582894
120,132.0,1.1,0.09531017980432493,0.05,2.0,0.4,0.16000000000000003,12,0.08333333333333333,0.2886751345948129,call,14.037341228622767,0.005747444254176883,14.211230853403595,0.1738896247808288,0.1738896247808288,0.012387646773611236,0.0014490802065069068,0.0014490802065069068
120,132.0,1.1,0.09531017980432493,0.05,2.0,0.4,0.16000000000000003,26,0.038461538461538464,0.19611613513818404,call,13.411086256514102,0.005358303215119799,13.591037277319261,0.17995102080515935,0.17995102080515935,0.013418079442875302,0.0014995918400429946,0.0014995918400429946
120,132.0,1.1,0.09531017980432493,0.05,2.0,0.4,0.16000000000000003,52,0.019230769230769232,0.1386750490563073,call,13.139093740544542,0.0053140812566726345,13.325441144052471,0.1863474035079289,0.1863474035079289,0.014182667936442154,0.0015528950292327407,0.0015528950292327407
120,132.0,1.1,0.09531017980432493,0.05,2.0,0.4,0.16000000000000003,126,0.007936507936507936,0.0890870806374748,call,12.99005959660611,0.005383973795921435,13.16951294495746,0.17945334835135007,0.17945334835135007,0.013814667054971443,0.001495444569594584,0.001495444569594584
120,132.0,1.1,0.09531017980432493,0.05,2.0,0.5,0.25,12,0.08333333333333333,0.2886751345948129,call,17.992251173512194,0.00947501554939902,18.384292123655815,0.3920409501436204,0.3920409501436204,0.021789432926590902,0.0032670079178635032,0.0032670079178635032
120,132.0,1.1,0.09531017980432493,0.05,2.0,0.5,0.25,26,0.038461538461538464,0.19611613513818404,call,17.242878921566362,0.009230301966481698,17.643569311085553,0.4006903895191911,0.4006903895191911,0.02323802140824822,0.0033390865793265926,0.0033390865793265926
120,132.0,1.1,0.09531017980432493,0.05,2.0,0.5,0.25,52,0.019230769230769232,0.1386750490563073,call,16.938336341788695,0.008719365295577652,17.326059017320926,0.38772267553223116,0.38772267553223116,0.022890245400056065,0.0032310222961019265,0.0032310222961019265
120,132.0,1.1,0.09531017980432493,0.05,2.0,0.5,0.25,126,0.007936507936507936,0.0890870806374748,call,16.748866856212764,0.008891379246502441,17.139567098332414,0.3907002421196495,0.3907002421196495,0.02332696566721614,0.003255835350997079,0.003255835350997079
120,132.0,1.1,0.09531017980432493,0.05,2.0,0.6,0.36,12,0.08333333333333333,0.2886751345948129,call,21.869609777378972,0.014539864602553321,22.611916582129346,0.742306804750374,0.742306804750374,0.03394238911012421,0.00618589003958645,0.00618589003958645
120,132.0,1.1,0.09531017980432493,0.05,2.0,0.6,0.36,26,0.038461538461538464,0.19611613513818404,call,21.041978641514156,0.01435157108438465,21.758108715590296,0.7161300740761405,0.7161300740761405,0.03403339991341273,0.005967750617301171,0.005967750617301171
120,132.0,1.1,0.09531017980432493,0.05,2.0,0.6,0.36,52,0.019230769230769232,0.1386750490563073,call,20.661675178503188,0.014099443514135517,21.391887993074764,0.7302128145715763,0.7302128145715763,0.03534141391068349,0.006085106788096469,0.006085106788096469
120,132.0,1.1,0.09531017980432493,0.05,2.0,0.6,0.36,126,0.007936507936507936,0.0890870806374748,call,20.447172850163437,0.013978365078141035,21.176719354078944,0.7295465039155076,0.7295465039155076,0.03567957826060419,0.006079554199295897,0.006079554199295897
120,144.0,1.2,0.1823215567939546,0.05,2.0,0.1,0.010000000000000002,12,0.08333333333333333,0.2886751345948129,call,0.3603045863438588,0.00029268615992438993,0.3473113268758359,-0.012993259468022933,0.012993259468022933,-0.03606187642480559,-0.00010827716223352445,0.00010827716223352445
120,144.0,1.2,0.1823215567939546,0.05,2.0,0.1,0.010000000000000002,26,0.038461538461538464,0.19611613513818404,call,0.297942762309365,0.00028060431302478215,0.28517773434383464,-0.012765027965530362,0.012765027965530362,-0.04284389345989872,-0.00010637523304608635,0.00010637523304608635
120,144.0,1.2,0.1823215567939546,0.05,2.0,0.1,0.010000000000000002,52,0.019230769230769232,0.1386750490563073,call,0.27355850156025224,0.00027661694470129715,0.2607510794542204,-0.012807422106031863,0.012807422106031863,-0.04681785443692739,-0.00010672851755026553,0.00010672851755026553
120,144.0,1.2,0.1823215567939546,0.05,2.0,0.1,0.010000000000000002,126,0.007936507936507936,0.0890870806374748,call,0.2607218438466917,0.000273300777033271,0.2470154986600111,-0.013706345186680624,0.013706345186680624,-0.05257075887642217,-0.00011421954322233853,0.00011421954322233853
120,144.0,1.2,0.1823215567939546,0.05,2.0,0.2,0.04000000000000001,12,0.08333333333333333,0.2886751345948129,call,2.9699667115276336,0.0012435297731374709,2.931435026294186,-0.03853168523344763,0.03853168523344763,-0.012973776804935451,-0.00032109737694539694,0.00032109737694539694
120,144.0,1.2,0.1823215567939546,0.05,2.0,0.2,0.04000000000000001,26,0.038461538461538464,0.19611613513818404,call,2.712254134073896,0.0011836103725968207,2.6677962813199474,-0.04445785275394876,0.04445785275394876,-0.01639147755198425,-0.0003704821062829063,0.0003704821062829063
120,144.0,1.2,0.1823215567939546,0.05,2.0,0.2,0.04000000000000001,52,0.019230769230769232,0.1386750490563073,call,2.6025144197975103,0.0011615285710009572,2.5573149103050214,-0.045199509492488854,0.045199509492488854,-0.01736763076071856,-0.00037666257910407377,0.00037666257910407377
120,144.0,1.2,0.1823215567939546,0.05,2.0,0.2,0.04000000000000001,126,0.007936507936507936,0.0890870806374748,call,2.5410955984054944,0.0011470985247242962,2.493156413924119,-0.04793918448137546,0.04793918448137546,-0.01886555724682562,-0.0003994932040114622,0.0003994932040114622
120,144.0,1.2,0.1823215567939546,0.05,2.0,0.3,0.09,12,0.08333333333333333,0.2886751345948129,call,6.560555287647607,0.0028756474869983616,6.55153329079834,-0.009021996849266856,0.009021996849266856,-0.0013751879915186018,-7.51833070772238e-05,7.51833070772238e-05
120,144.0,1.2,0.1823215567939546,0.05,2.0,0.3,0.09,26,0.038461538461538464,0.19611613513818404,call,6.144637603167792,0.002801978243276941,6.1158675017311745,-0.028770101436617068,0.028770101436617068,-0.004682147800186784,-0.00023975084530514224,0.00023975084530514224
120,144.0,1.2,0.1823215567939546,0.05,2.0,0.3,0.09,52,0.019230769230769232,0.1386750490563073,call,5.964211822146155,0.0027352553762222845,5.930957897079916,-0.03325392506623892,0.03325392506623892,-0.005575577470733235,-0.00027711604221865765,0.00027711604221865765
120,144.0,1.2,0.1823215567939546,0.05,2.0,0.3,0.09,126,0.007936507936507936,0.0890870806374748,call,5.854682290259964,0.0026846310517080886,5.822887076566324,-0.031795213693640356,0.031795213693640356,-0.005430732551710942,-0.00026496011411366964,0.00026496011411366964
120,144.0,1.2,0.1823215567939546,0.05,2.0,0.4,0.16000000000000003,12,0.08333333333333333,0.2886751345948129,call,10.448127126127341,0.005434298429871007,10.531709572056238,0.08358244592889719,0.08358244592889719,0.007999753919521603,0.0006965203827408099,0.0006965203827408099
120,144.0,1.2,0.1823215567939546,0.05,2.0,0.4,0.16000000000000003,26,0.038461538461538464,0.19611613513818404,call,9.88455742883034,0.005316173426248714,9.945214465530583,0.060657036700243694,0.060657036700243694,0.006136545529426032,0.0005054753058353641,0.0005054753058353641
120,144.0,1.2,0.1823215567939546,0.05,2.0,0.4,0.16000000000000003,52,0.019230769230769232,0.1386750490563073,call,9.629953187168935,0.005177582539620477,9.695084404587824,0.06513121741888916,0.06513121741888916,0.006763399172663765,0.0005427601451574097,0.0005427601451574097
120,144.0,1.2,0.1823215567939546,0.05,2.0,0.4,0.16000000000000003,126,0.007936507936507936,0.0890870806374748,call,9.491338964085426,0.005114421597369372,9.548540931003208,0.05720196691778234,0.05720196691778234,0.006026754194980356,0.0004766830576481862,0.0004766830576481862
120,144.0,1.2,0.1823215567939546,0.05,2.0,0.5,0.25,12,0.08333333333333333,0.2886751345948129,call,14.439670250296865,0.009389264420662761,14.6934004389975,0.2537301887006347,0.2537301887006347,0.01757174397354526,0.0021144182391719555,0.0021144182391719555
120,144.0,1.2,0.1823215567939546,0.05,2.0,0.5,0.25,26,0.038461538461538464,0.19611613513818404,call,13.705675600534033,0.008841049771600377,13.969811077622415,0.2641354770883826,0.2641354770883826,0.019271977886160585,0.0022011289757365216,0.0022011289757365216
120,144.0,1.2,0.1823215567939546,0.05,2.0,0.5,0.25,52,0.019230769230769232,0.1386750490563073,call,13.403310740564708,0.008967036211185789,13.660454686197681,0.2571439456329738,0.2571439456329738,0.019185106621063076,0.0021428662136081154,0.0021428662136081154
120,144.0,1.2,0.1823215567939546,0.05,2.0,0.5,0.25,126,0.007936507936507936,0.0890870806374748,call,13.225236706102262,0.008677252497498053,13.478990708862467,0.2537540027602052,0.2537540027602052,0.019187104805702303,0.002114616689668377,0.002114616689668377
120,144.0,1.2,0.1823215567939546,0.05,2.0,0.6,0.36,12,0.08333333333333333,0.2886751345948129,call,18.38767556907163,0.014337715950960237,18.976876997255566,0.5892014281839373,0.5892014281839373,0.03204327953093668,0.004910011901532811,0.004910011901532811
120,144.0,1.2,0.1823215567939546,0.05,2.0,0.6,0.36,26,0.038461538461538464,0.19611613513818404,call,17.56856880071734,0.014233783846508839,18.127373801274693,0.5588050005573528,0.5588050005573528,0.03180708724176418,0.004656708337977941,0.004656708337977941
120,144.0,1.2,0.1823215567939546,0.05,2.0,0.6,0.36,52,0.019230769230769232,0.1386750490563073,call,17.20871109182659,0.014016483041740108,17.76364649803012,0.5549354062035299,0.5549354062035299,0.03224735444986933,0.004624461718362749,0.004624461718362749
120,144.0,1.2,0.1823215567939546,0.05,2.0,0.6,0.36,126,0.007936507936507936,0.0890870806374748,call,16.97204476108151,0.01356336699516717,17.5501336413914,0.5780888803098918,0.5780888803098918,0.03406123943506818,0.004817407335915765,0.004817407335915765
120,156.0,1.3,0.26236426446749106,0.05,2.0,0.1,0.010000000000000002,12,0.08333333333333333,0.2886751345948129,call,0.03752360607135255,0.00017282581859854785,0.03343149294846074,-0.004092113122891809,0.004092113122891809,-0.10905436740569395,-3.410094269076508e-05,3.410094269076508e-05
120,156.0,1.3,0.26236426446749106,0.05,2.0,0.1,0.010000000000000002,26,0.038461538461538464,0.19611613513818404,call,0.027578245067894976,0.0001587210297827734,0.0238080608654445,-0.003770184202450476,0.003770184202450476,-0.1367086336773296,-3.14182016870873e-05,3.14182016870873e-05
120,156.0,1.3,0.26236426446749106,0.05,2.0,0.1,0.010000000000000002,52,0.019230769230769232,0.1386750490563073,call,0.02393597117691251,0.00014655324288421123,0.020388690730117624,-0.0035472804467948857,0.0035472804467948857,-0.1481987265349159,-2.956067038995738e-05,2.956067038995738e-05
120,156.0,1.3,0.26236426446749106,0.05,2.0,0.1,0.010000000000000002,126,0.007936507936507936,0.0890870806374748,call,0.0217600619846917,0.00014697095104812083,0.01856064302955248,-0.00319941895513922,0.00319941895513922,-0.1470317022713458,-2.6661824626160167e-05,2.6661824626160167e-05
120,156.0,1.3,0.26236426446749106,0.05,2.0,0.2,0.04000000000000001,12,0.08333333333333333,0.2886751345948129,call,1.3549099218377794,0.001131246695177377,1.3011323564657464,-0.05377756537203293,0.05377756537203293,-0.03969087871102889,-0.0004481463781002744,0.0004481463781002744
120,156.0,1.3,0.26236426446749106,0.05,2.0,0.2,0.04000000000000001,26,0.038461538461538464,0.19611613513818404,call,1.1947769860343493,0.0011041160296514532,1.1360156018967886,-0.05876138413756071,0.05876138413756071,-0.04918188484078429,-0.0004896782011463393,0.0004896782011463393
120,156.0,1.3,0.26236426446749106,0.05,2.0,0.2,0.04000000000000001,52,0.019230769230769232,0.1386750490563073,call,1.127794677171927,0.0010836331591532113,1.0685168590319083,-0.059277818140018645,0.059277818140018645,-0.05256082453648788,-0.0004939818178334888,0.0004939818178334888
120,156.0,1.3,0.26236426446749106,0.05,2.0,0.2,0.04000000000000001,126,0.007936507936507936,0.0890870806374748,call,1.0875087576479585,0.001049546676151491,1.0298053485284762,-0.05770340911948235,0.05770340911948235,-0.053060178792750226,-0.0004808617426623529,0.0004808617426623529
120,156.0,1.3,0.26236426446749106,0.05,2.0,0.3,0.09,12,0.08333333333333333,0.2886751345948129,call,4.212701905056603,0.00280811566423038,4.139612981651634,-0.07308892340496875,0.07308892340496875,-0.01734965469957379,-0.0006090743617080729,0.0006090743617080729
120,156.0,1.3,0.26236426446749106,0.05,2.0,0.3,0.09,26,0.038461538461538464,0.19611613513818404,call,3.8646892624066114,0.0027029405831740937,3.781827572172981,-0.08286169023363055,0.08286169023363055,-0.02144071220412455,-0.0006905140852802546,0.0006905140852802546
120,156.0,1.3,0.26236426446749106,0.05,2.0,0.3,0.09,52,0.019230769230769232,0.1386750490563073,call,3.717604854476047,0.0026227987881286617,3.631626081885683,-0.08597877259036402,0.08597877259036402,-0.023127464040952176,-0.0007164897715863668,0.0007164897715863668
120,156.0,1.3,0.26236426446749106,0.05,2.0,0.3,0.09,126,0.007936507936507936,0.0890870806374748,call,3.63483815440729,0.0025847694568634136,3.5443228806281573,-0.0905152737791326,0.0905152737791326,-0.024902146927609864,-0.0007542939481594383,0.0007542939481594383
120,156.0,1.3,0.26236426446749106,0.05,2.0,0.4,0.16000000000000003,12,0.08333333333333333,0.2886751345948129,call,7.750306451660143,0.005349718918859046,7.7329381903870305,-0.01736826127311275,0.01736826127311275,-0.002240977357662084,-0.0001447355106092729,0.0001447355106092729
120,156.0,1.3,0.26236426446749106,0.05,2.0,0.4,0.16000000000000003,26,0.038461538461538464,0.19611613513818404,call,7.23039145382429,0.005059017479547611,7.201340760082281,-0.029050693742009415,0.029050693742009415,-0.0040178590505834865,-0.00024208911451674512,0.00024208911451674512
120,156.0,1.3,0.26236426446749106,0.05,2.0,0.4,0.16000000000000003,52,0.019230769230769232,0.1386750490563073,call,7.00762823295907,0.005003793526982914,6.975999330105931,-0.03162890285313935,0.03162890285313935,-0.004513496121894525,-0.00026357419044282794,0.00026357419044282794
120,156.0,1.3,0.26236426446749106,0.05,2.0,0.4,0.16000000000000003,126,0.007936507936507936,0.0890870806374748,call,6.89660582395796,0.004999355106724696,6.844382426544531,-0.05222339741342896,0.05222339741342896,-0.007572333223976831,-0.00043519497844524135,0.00043519497844524135
120,156.0,1.3,0.26236426446749106,0.05,2.0,0.5,0.25,12,0.08333333333333333,0.2886751345948129,call,11.56967116966245,0.009105729632613238,11.713153185712915,0.14348201605046462,0.14348201605046462,0.012401563877346634,0.0011956834670872052,0.0011956834670872052
120,156.0,1.3,0.26236426446749106,0.05,2.0,0.5,0.25,26,0.038461538461538464,0.19611613513818404,call,10.882485454336726,0.008742074352982868,11.025633282128496,0.14314782779177015,0.14314782779177015,0.01315396454168703,0.001192898564931418,0.001192898564931418
120,156.0,1.3,0.26236426446749106,0.05,2.0,0.5,0.25,52,0.019230769230769232,0.1386750490563073,call,10.638662574568746,0.00871240913405759,10.732819104462026,0.09415652989327938,0.09415652989327938,0.008850410400115182,0.0007846377491106616,0.0007846377491106616
120,156.0,1.3,0.26236426446749106,0.05,2.0,0.5,0.25,126,0.007936507936507936,0.0890870806374748,call,10.448988134231406,0.008376189409020322,10.56138836266162,0.11240022843021436,0.11240022843021436,0.010757044317237341,0.0009366685702517863,0.0009366685702517863
120,156.0,1.3,0.26236426446749106,0.05,2.0,0.6,0.36,12,0.08333333333333333,0.2886751345948129,call,15.513143665806627,0.014561391793308684,15.9302831495922,0.4171394837855722,0.4171394837855722,0.026889423109321953,0.0034761623648797684,0.0034761623648797684
120,156.0,1.3,0.26236426446749106,0.05,2.0,0.6,0.36,26,0.038461538461538464,0.19611613513818404,call,14.68733791498628,0.013642549476193068,15.101642331156041,0.4143044161697613,0.4143044161697613,0.028208271544363683,0.0034525368014146776,0.0034525368014146776
120,156.0,1.3,0.26236426446749106,0.05,2.0,0.6,0.36,52,0.019230769230769232,0.1386750490563073,call,14.37907346173875,0.013369846544203621,14.747763576091504,0.3686901143527539,0.3686901143527539,0.025640742105797063,0.0030724176196062825,0.0030724176196062825
120,156.0,1.3,0.26236426446749106,0.05,2.0,0.6,0.36,126,0.007936507936507936,0.0890870806374748,call,14.142199476080084,0.013683730894472671,14.540301594288985,0.39810211820890196,0.39810211820890196,0.028149943640820952,0.0033175176517408495,0.0033175176517408495
