S0,K,moneyness,log_moneyness,r,T,sigma,sigma2,n,inv_n,option_type,cv_mc_price,cv_mc_se,tw_price,tw_residual,tw_abs_residual,tw_rel_residual
100,70,0.7,-0.35667494393873245,0.05,0.25,0.1,0.010000000000000002,12,0.08333333333333333,call,30.298911584516144,4.3078682903117474e-05,30.29891816495162,6.580435474745627e-06,6.580435474745627e-06,2.1718388980376678e-07
100,70,0.7,-0.35667494393873245,0.05,0.25,0.1,0.010000000000000002,26,0.038461538461538464,call,30.271010290497472,4.275646096146097e-05,30.27104077375123,3.0483253759427953e-05,3.0483253759427953e-05,1.007011443189166e-06
100,70,0.7,-0.35667494393873245,0.05,0.25,0.1,0.010000000000000002,52,0.019230769230769232,call,30.259130260229167,4.2804294885222684e-05,30.25909491552148,-3.534470768684628e-05,3.534470768684628e-05,-1.1680675347533467e-06
100,70,0.7,-0.35667494393873245,0.05,0.25,0.1,0.010000000000000002,126,0.007936507936507936,call,30.25206794865188,4.233906342439342e-05,30.252079540130694,1.1591478813244294e-05,1.1591478813244294e-05,3.831631884775283e-07
100,70,0.7,-0.35667494393873245,0.05,0.25,0.2,0.04000000000000001,12,0.08333333333333333,call,30.298666631972072,0.00016855628418868405,30.29891816630213,0.00025153433005797865,0.00025153433005797865,8.301828364702755e-06
100,70,0.7,-0.35667494393873245,0.05,0.25,0.2,0.04000000000000001,26,0.038461538461538464,call,30.271314547067313,0.00016938138905089672,30.271040774152176,-0.00027377291513630553,0.00027377291513630553,-9.043971800782886e-06
100,70,0.7,-0.35667494393873245,0.05,0.25,0.2,0.04000000000000001,52,0.019230769230769232,call,30.259250174844734,0.0001680319219932504,30.25909491575122,-0.00015525909351410405,0.00015525909351410405,-5.1309630151765884e-06
100,70,0.7,-0.35667494393873245,0.05,0.25,0.2,0.04000000000000001,126,0.007936507936507936,call,30.252065966817923,0.00016778374197348853,30.252079540294517,1.357347659336483e-05,1.357347659336483e-05,4.4867932683516364e-07
100,70,0.7,-0.35667494393873245,0.05,0.25,0.3,0.09,12,0.08333333333333333,call,30.29900590965827,0.0003826740582450882,30.298988623490196,-1.728616807383787e-05,1.728616807383787e-05,-5.705193142434961e-07
100,70,0.7,-0.35667494393873245,0.05,0.25,0.3,0.09,26,0.038461538461538464,call,30.27107666555245,0.00037987788014553787,30.27108004280939,3.377256941661244e-06,3.377256941661244e-06,1.1156712326339083e-07
100,70,0.7,-0.35667494393873245,0.05,0.25,0.3,0.09,52,0.019230769230769232,call,30.258950564233913,0.0003790841004204406,30.259124974156574,0.00017440992266060107,0.00017440992266060107,5.763911814798813e-06
100,70,0.7,-0.35667494393873245,0.05,0.25,0.3,0.09,126,0.007936507936507936,call,30.25256632672319,0.0003763542372329174,30.252105102559153,-0.00046122416403804323,0.00046122416403804323,-1.5245786392363915e-05
100,70,0.7,-0.35667494393873245,0.05,0.25,0.4,0.16000000000000003,12,0.08333333333333333,call,30.301604022978676,0.0006735115992452745,30.30348220268663,0.0018781797079547857,0.0018781797079547857,6.198284772418324e-05
100,70,0.7,-0.35667494393873245,0.05,0.25,0.4,0.16000000000000003,26,0.038461538461538464,call,30.27415587414507,0.000677615410436286,30.274220851533336,6.49773882663851e-05,6.49773882663851e-05,2.1462989269298675e-06
100,70,0.7,-0.35667494393873245,0.05,0.25,0.4,0.16000000000000003,52,0.019230769230769232,call,30.260900359145325,0.0006740410052916393,30.261792121714777,0.0008917625694522258,0.0008917625694522258,2.9469135381582293e-05
100,70,0.7,-0.35667494393873245,0.05,0.25,0.4,0.16000000000000003,126,0.007936507936507936,call,30.25327349326473,0.0006658161206021957,30.25452084156879,0.0012473483040622568,0.0012473483040622568,4.1230192968703154e-05
100,70,0.7,-0.35667494393873245,0.05,0.25,0.6,0.36,12,0.08333333333333333,call,30.41535703775346,0.001493969206572885,30.440879312915886,0.025522275162426666,0.025522275162426666,0.0008391246280866211
100,70,0.7,-0.35667494393873245,0.05,0.25,0.6,0.36,26,0.038461538461538464,call,30.36196987199921,0.001481794653496713,30.387610536528122,0.025640664528911117,0.025640664528911117,0.0008444993732952012
100,70,0.7,-0.35667494393873245,0.05,0.25,0.6,0.36,52,0.019230769230769232,call,30.342307696296675,0.0014768193236393181,30.365703598928878,0.023395902632202592,0.023395902632202592,0.0007710653674195683
100,70,0.7,-0.35667494393873245,0.05,0.25,0.6,0.36,126,0.007936507936507936,call,30.32698442508148,0.0014666636312943774,30.35309197213109,0.026107547049608826,0.026107547049608826,0.0008608685480781587
100,80,0.8,-0.2231435513142097,0.05,0.25,0.1,0.010000000000000002,12,0.08333333333333333,call,20.423107572164596,4.2939689503615414e-05,20.423140160012817,3.258784822079974e-05,3.258784822079974e-05,1.5956361247009695e-06
100,80,0.8,-0.2231435513142097,0.05,0.25,0.1,0.010000000000000002,26,0.038461538461538464,call,20.395202755412296,4.239028857207949e-05,20.39526276881243,6.001340013384038e-05,6.001340013384038e-05,2.9425253013439428e-06
100,80,0.8,-0.2231435513142097,0.05,0.25,0.1,0.010000000000000002,52,0.019230769230769232,call,20.3832231155335,4.228255688098326e-05,20.383316910582664,9.379504916395831e-05,9.379504916395831e-05,4.601580850698713e-06
100,80,0.8,-0.2231435513142097,0.05,0.25,0.1,0.010000000000000002,126,0.007936507936507936,call,20.376238563637067,4.223345411979543e-05,20.376301535191892,6.297155482570815e-05,6.297155482570815e-05,3.0904405947663786e-06
100,80,0.8,-0.2231435513142097,0.05,0.25,0.2,0.04000000000000001,12,0.08333333333333333,call,20.423313643344834,0.00016960763510275945,20.423258403020434,-5.5240324400074314e-05,5.5240324400074314e-05,-2.7047679610049467e-06
100,80,0.8,-0.2231435513142097,0.05,0.25,0.2,0.04000000000000001,26,0.038461538461538464,call,20.39529491523835,0.0001682025012315967,20.395332520473243,3.760523489404477e-05,3.760523489404477e-05,1.8438191283984824e-06
100,80,0.8,-0.2231435513142097,0.05,0.25,0.2,0.04000000000000001,52,0.019230769230769232,call,20.383430983809195,0.0001677152926100861,20.383371715486973,-5.926832222158396e-05,5.926832222158396e-05,-2.9076715430616906e-06
100,80,0.8,-0.2231435513142097,0.05,0.25,0.2,0.04000000000000001,126,0.007936507936507936,call,20.376184687783255,0.0001671739609725802,20.376348888513473,0.00016420073021805592,0.00016420073021805592,8.05846299167597e-06
100,80,0.8,-0.2231435513142097,0.05,0.25,0.3,0.09,12,0.08333333333333333,call,20.43771577305793,0.00037370434260060103,20.439824961939582,0.002109188881650681,0.002109188881650681,0.0001032008129025419
100,80,0.8,-0.2231435513142097,0.05,0.25,0.3,0.09,26,0.038461538461538464,call,20.40576751772223,0.00037073523779930647,20.407939674545872,0.0021721568236436894,0.0021721568236436894,0.00010644818048412982
100,80,0.8,-0.2231435513142097,0.05,0.25,0.3,0.09,52,0.019230769230769232,call,20.392039692794437,0.00036890959307486494,20.3945049171628,0.002465224368361163,0.002465224368361163,0.00012089150499409112
100,80,0.8,-0.2231435513142097,0.05,0.25,0.3,0.09,126,0.007936507936507936,call,20.384401650516462,0.0003697716819903825,20.38667550246319,0.002273851946728911,0.002273851946728911,0.00011154862358549044
100,80,0.8,-0.2231435513142097,0.05,0.25,0.4,0.16000000000000003,12,0.08333333333333333,call,20.540028321628917,0.0006417044629389695,20.553503528822183,0.01347520719326667,0.01347520719326667,0.0006560461836889047
100,80,0.8,-0.2231435513142097,0.05,0.25,0.4,0.16000000000000003,26,0.038461538461538464,call,20.48853946572101,0.0006286417863712937,20.503849785563947,0.015310319842935627,0.015310319842935627,0.000747262627897466
100,80,0.8,-0.2231435513142097,0.05,0.25,0.4,0.16000000000000003,52,0.019230769230769232,call,20.468321059079752,0.0006307292920870427,20.483276527949698,0.014955468869946031,0.014955468869946031,0.0007306641725414885
100,80,0.8,-0.2231435513142097,0.05,0.25,0.4,0.16000000000000003,126,0.007936507936507936,call,20.458374701602214,0.000629894612390116,20.471390261086896,0.013015559484681916,0.013015559484681916,0.0006361971405119778
100,80,0.8,-0.2231435513142097,0.05,0.25,0.6,0.36,12,0.08333333333333333,call,21.19598609442056,0.0013737117329725586,21.260393478909027,0.06440738448846517,0.06440738448846517,0.0030386594990935187
100,80,0.8,-0.2231435513142097,0.05,0.25,0.6,0.36,26,0.038461538461538464,call,21.075570457408578,0.0013448910183855532,21.143428477620112,0.06785802021153486,0.06785802021153486,0.0032197477334560648
100,80,0.8,-0.2231435513142097,0.05,0.25,0.6,0.36,52,0.019230769230769232,call,21.02526072686771,0.0013231855187919833,21.094539638362992,0.06927891149528165,0.06927891149528165,0.003295032218399636
100,80,0.8,-0.2231435513142097,0.05,0.25,0.6,0.36,126,0.007936507936507936,call,20.996338494974662,0.0013205459717496538,21.06618422534968,0.06984573037501818,0.06984573037501818,0.0033265671722588824
100,90,0.9,-0.10536051565782628,0.05,0.25,0.1,0.010000000000000002,12,0.08333333333333333,call,10.54746071745358,4.288791718964742e-05,10.547453642569513,-7.074884067037601e-06,7.074884067037601e-06,-6.707665718375536e-07
100,90,0.9,-0.10536051565782628,0.05,0.25,0.1,0.010000000000000002,26,0.038461538461538464,call,10.519552468691463,4.253697139837932e-05,10.51954102564744,-1.144304402345142e-05,1.144304402345142e-05,-1.0877881029167804e-06
100,90,0.9,-0.10536051565782628,0.05,0.25,0.1,0.010000000000000002,52,0.019230769230769232,call,10.507633722457205,4.263087878929363e-05,10.507583968946406,-4.975351079927748e-05,4.975351079927748e-05,-4.734987163945665e-06
100,90,0.9,-0.10536051565782628,0.05,0.25,0.1,0.010000000000000002,126,0.007936507936507936,call,10.5005167966279,4.217619472369206e-05,10.50056292481855,4.612819064853113e-05,4.612819064853113e-05,4.392944798997377e-06
100,90,0.9,-0.10536051565782628,0.05,0.25,0.2,0.04000000000000001,12,0.08333333333333333,call,10.620572713003368,0.00015584626562181085,10.624698732287325,0.00412601928395695,0.00412601928395695,0.00038849310629974137
100,90,0.9,-0.10536051565782628,0.05,0.25,0.2,0.04000000000000001,26,0.038461538461538464,call,10.580835230780723,0.00015425666324415932,10.584636242953778,0.0038010121730547297,0.0038010121730547297,0.0003592355508946212
100,90,0.9,-0.10536051565782628,0.05,0.25,0.2,0.04000000000000001,52,0.019230769230769232,call,10.564306268734388,0.00015499252003759126,10.56782622431226,0.0035199555778717695,0.0035199555778717695,0.00033319325361564543
100,90,0.9,-0.10536051565782628,0.05,0.25,0.2,0.04000000000000001,126,0.007936507936507936,call,10.553941749467983,0.00015250518285266375,10.558054183954356,0.004112434486373218,0.004112434486373218,0.00038965863030090373
100,90,0.9,-0.10536051565782628,0.05,0.25,0.3,0.09,12,0.08333333333333333,call,11.001441628774284,0.00032181892268092496,11.017317477350531,0.01587584857624691,0.01587584857624691,0.00144306983684062
100,90,0.9,-0.10536051565782628,0.05,0.25,0.3,0.09,26,0.038461538461538464,call,10.924772642602683,0.0003163652236512308,10.94162883059468,0.01685618799199773,0.01685618799199773,0.0015429326122783243
100,90,0.9,-0.10536051565782628,0.05,0.25,0.3,0.09,52,0.019230769230769232,call,10.892674804553051,0.00031329185303274914,10.90979312429244,0.01711831973938871,0.01711831973938871,0.0015715441841918744
100,90,0.9,-0.10536051565782628,0.05,0.25,0.3,0.09,126,0.007936507936507936,call,10.873816807819397,0.00031501691317227705,10.891269940261695,0.017453132442298624,0.017453132442298624,0.001605060371234875
100,90,0.9,-0.10536051565782628,0.05,0.25,0.4,0.16000000000000003,12,0.08333333333333333,call,11.651235020516319,0.0005505807323035307,11.682972894287657,0.03173787377133763,0.03173787377133763,0.0027239922390588926
100,90,0.9,-0.10536051565782628,0.05,0.25,0.4,0.16000000000000003,26,0.038461538461538464,call,11.531991822210093,0.0005394088737933233,11.565547995133157,0.03355617292306334,0.03355617292306334,0.0029098332222570323
100,90,0.9,-0.10536051565782628,0.05,0.25,0.4,0.16000000000000003,52,0.019230769230769232,call,11.480982377692289,0.0005347570219175386,11.51581271720812,0.03483033951583181,0.03483033951583181,0.003033742093665055
100,90,0.9,-0.10536051565782628,0.05,0.25,0.4,0.16000000000000003,126,0.007936507936507936,call,11.451699918118008,0.0005321077490111955,11.486775452498481,0.03507553438047317,0.03507553438047317,0.003062910714677332
100,90,0.9,-0.10536051565782628,0.05,0.25,0.6,0.36,12,0.08333333333333333,call,13.367971022403363,0.0012277397611447655,13.440533690149625,0.07256266774626141,0.07256266774626141,0.00542809882102929
100,90,0.9,-0.10536051565782628,0.05,0.25,0.6,0.36,26,0.038461538461538464,call,13.164283723192485,0.0011963258005800311,13.241034726903626,0.07675100371114141,0.07675100371114141,0.005830245330851046
100,90,0.9,-0.10536051565782628,0.05,0.25,0.6,0.36,52,0.019230769230769232,call,13.07398926226372,0.0011639619814601046,13.155923018108199,0.0819337558444797,0.0819337558444797,0.00626692849450093
100,90,0.9,-0.10536051565782628,0.05,0.25,0.6,0.36,126,0.007936507936507936,call,13.021928851111378,0.0011668591739984722,13.106051309931528,0.08412245882015057,0.08412245882015057,0.0064600613151845785
100,100,1.0,0.0,0.05,0.25,0.1,0.010000000000000002,12,0.08333333333333333,call,1.5785135159648263,3.163309371565355e-05,1.5792638278956128,0.0007503119307865624,0.0007503119307865624,0.0004753281636159785
100,100,1.0,0.0,0.05,0.25,0.1,0.010000000000000002,26,0.038461538461538464,call,1.52471266279173,3.0205280231849474e-05,1.5254981244271066,0.0007854616353766275,0.0007854616353766275,0.0005151538742640577
100,100,1.0,0.0,0.05,0.25,0.1,0.010000000000000002,52,0.019230769230769232,call,1.5015507292411108,2.9431221820811526e-05,1.5024221298116227,0.0008714005705119376,0.0008714005705119376,0.0005803337533273662
100,100,1.0,0.0,0.05,0.25,0.1,0.010000000000000002,126,0.007936507936507936,call,1.4880728265598282,2.951844009716927e-05,1.4888595846906834,0.0007867581308551586,0.0007867581308551586,0.0005287094265903705
100,100,1.0,0.0,0.05,0.25,0.2,0.04000000000000001,12,0.08333333333333333,call,2.776376830807937,0.00011764592611076165,2.7789947056363755,0.002617874828438449,0.002617874828438449,0.0009429104865698784
100,100,1.0,0.0,0.05,0.25,0.2,0.04000000000000001,26,0.038461538461538464,call,2.685222227322446,0.00011356832721936156,2.6877130486928302,0.002490821370384033,0.002490821370384033,0.0009276034381957806
100,100,1.0,0.0,0.05,0.25,0.2,0.04000000000000001,52,0.019230769230769232,call,2.646034277960998,0.00011200362601873099,2.6485197060396435,0.0024854280786454908,0.0024854280786454908,0.0009393030541390914
100,100,1.0,0.0,0.05,0.25,0.2,0.04000000000000001,126,0.007936507936507936,call,2.6229969945319165,0.00010980596334819207,2.625479846392862,0.002482851860945434,0.002482851860945434,0.0009465706083999949
100,100,1.0,0.0,0.05,0.25,0.3,0.09,12,0.08333333333333333,call,3.983001560875781,0.0002633878022767633,3.9892534927732104,0.00625193189742923,0.00625193189742923,0.0015696533887510095
100,100,1.0,0.0,0.05,0.25,0.3,0.09,26,0.038461538461538464,call,3.854122565547874,0.00025467182193022374,3.8600558545885355,0.005933289040661371,0.005933289040661371,0.001539465582568451
100,100,1.0,0.0,0.05,0.25,0.3,0.09,52,0.019230769230769232,call,3.7984484387013597,0.00024852578134841965,3.804573839096692,0.006125400395332381,0.006125400395332381,0.0016126059084868283
100,100,1.0,0.0,0.05,0.25,0.3,0.09,126,0.007936507936507936,call,3.765444745633114,0.00024601531661397016,3.77195610022088,0.006511354587765972,0.006511354587765972,0.0017292391809273957
100,100,1.0,0.0,0.05,0.25,0.4,0.16000000000000003,12,0.08333333333333333,call,5.191867414503299,0.00047627304609902037,5.203116838685711,0.011249424182412149,0.011249424182412149,0.0021667394955016146
100,100,1.0,0.0,0.05,0.25,0.4,0.16000000000000003,26,0.038461538461538464,call,5.024371631144011,0.0004555609374289864,5.036026259263199,0.011654628119187826,0.011654628119187826,0.0023196190438910975
100,100,1.0,0.0,0.05,0.25,0.4,0.16000000000000003,52,0.019230769230769232,call,4.952193002557799,0.00045028538092512643,4.964264471928705,0.012071469370906307,0.012071469370906307,0.0024376007487332207
100,100,1.0,0.0,0.05,0.25,0.4,0.16000000000000003,126,0.007936507936507936,call,4.91015914434374,0.00044911357564629827,4.922073828693866,0.011914684350125881,0.011914684350125881,0.002426537307624949
100,100,1.0,0.0,0.05,0.25,0.6,0.36,12,0.08333333333333333,call,7.603018689037908,0.0011213849287606099,7.638269953473118,0.03525126443521032,0.03525126443521032,0.004636482675760861
100,100,1.0,0.0,0.05,0.25,0.6,0.36,26,0.038461538461538464,call,7.361709659872493,0.0010650154421827812,7.395912112660597,0.03420245278810441,0.03420245278810441,0.004645993168480487
100,100,1.0,0.0,0.05,0.25,0.6,0.36,52,0.019230769230769232,call,7.257401360875014,0.0010638579312191847,7.291808199086546,0.0344068382115319,0.0344068382115319,0.004740930878788205
100,100,1.0,0.0,0.05,0.25,0.6,0.36,126,0.007936507936507936,call,7.195481716434054,0.0010339989338538128,7.230598157413504,0.03511644097944977,0.03511644097944977,0.00488034607874076
100,110,1.1,0.09531017980432493,0.05,0.25,0.1,0.010000000000000002,12,0.08333333333333333,call,0.001965497693596286,7.437125287427363e-06,0.0018340608528480918,-0.00013143684074819412,0.00013143684074819412,-0.06687204018423605
100,110,1.1,0.09531017980432493,0.05,0.25,0.1,0.010000000000000002,26,0.038461538461538464,call,0.0013501058602411466,6.604403950020004e-06,0.001241960447906693,-0.00010814541233445372,0.00010814541233445372,-0.08010143168709566
100,110,1.1,0.09531017980432493,0.05,0.25,0.1,0.010000000000000002,52,0.019230769230769232,call,0.0011556239800592076,6.979295692731946e-06,0.0010394053059755671,-0.00011621867408364043,0.00011621867408364043,-0.10056789759389213
100,110,1.1,0.09531017980432493,0.05,0.25,0.1,0.010000000000000002,126,0.007936507936507936,call,0.0010383587443771392,6.782130927646129e-06,0.0009331205268594013,-0.00010523821751773788,0.00010523821751773788,-0.10135053813300832
100,110,1.1,0.09531017980432493,0.05,0.25,0.2,0.04000000000000001,12,0.08333333333333333,call,0.21949577614649493,8.630255947899043e-05,0.21371249856441127,-0.005783277582083662,0.005783277582083662,-0.026348013085335235
100,110,1.1,0.09531017980432493,0.05,0.25,0.2,0.04000000000000001,26,0.038461538461538464,call,0.19024453265251642,8.27533262216127e-05,0.18431688352502762,-0.005927649127488804,0.005927649127488804,-0.03115805245407875
100,110,1.1,0.09531017980432493,0.05,0.25,0.2,0.04000000000000001,52,0.019230769230769232,call,0.17856861779711647,8.213108981748176e-05,0.17239061409614295,-0.006178003700973517,0.006178003700973517,-0.034597365299611334
100,110,1.1,0.09531017980432493,0.05,0.25,0.2,0.04000000000000001,126,0.007936507936507936,call,0.17155037128322037,7.966855281646578e-05,0.16557675198340335,-0.005973619299817018,0.005973619299817018,-0.03482137202696516
100,110,1.1,0.09531017980432493,0.05,0.25,0.3,0.09,12,0.08333333333333333,call,0.8741279380534027,0.0002269985646124132,0.8601158846811858,-0.014012053372216893,0.014012053372216893,-0.016029751209440078
100,110,1.1,0.09531017980432493,0.05,0.25,0.3,0.09,26,0.038461538461538464,call,0.7964439642950786,0.00021704792938557766,0.7808797967352457,-0.01556416755983292,0.01556416755983292,-0.019542074844660976
100,110,1.1,0.09531017980432493,0.05,0.25,0.3,0.09,52,0.019230769230769232,call,0.7634761574307577,0.00021325369449713604,0.7477036576977288,-0.015772499733028855,0.015772499733028855,-0.020658798024690533
100,110,1.1,0.09531017980432493,0.05,0.25,0.3,0.09,126,0.007936507936507936,call,0.744284074589487,0.0002102235531881136,0.7284465370272719,-0.015837537562215065,0.015837537562215065,-0.021278888132801075
100,110,1.1,0.09531017980432493,0.05,0.25,0.4,0.16000000000000003,12,0.08333333333333333,call,1.7847369824492847,0.0004286733128263631,1.764584323700207,-0.02015265874907768,0.02015265874907768,-0.011291668714916842
100,110,1.1,0.09531017980432493,0.05,0.25,0.4,0.16000000000000003,26,0.038461538461538464,call,1.657455117582839,0.00040868715029824696,1.6355954510540958,-0.02185966652874316,0.02185966652874316,-0.01318869289240384
100,110,1.1,0.09531017980432493,0.05,0.25,0.4,0.16000000000000003,52,0.019230769230769232,call,1.6035430781339137,0.0003990709740047134,1.5809838024788159,-0.022559275655097855,0.022559275655097855,-0.014068393897687296
100,110,1.1,0.09531017980432493,0.05,0.25,0.4,0.16000000000000003,126,0.007936507936507936,call,1.5732420843192685,0.00040173563972273997,1.5491064947151691,-0.02413558960409934,0.02413558960409934,-0.01534130687493187
100,110,1.1,0.09531017980432493,0.05,0.25,0.6,0.36,12,0.08333333333333333,call,3.938997117033679,0.0010473576731661071,3.918171735542843,-0.02082538149083568,0.02082538149083568,-0.005286975560550435
100,110,1.1,0.09531017980432493,0.05,0.25,0.6,0.36,26,0.038461538461538464,call,3.7198115083993843,0.0009999377369743316,3.696961395996296,-0.022850112403088207,0.022850112403088207,-0.0061428145892587155
100,110,1.1,0.09531017980432493,0.05,0.25,0.6,0.36,52,0.019230769230769232,call,3.626541161959663,0.000980471115669123,3.6025441570651986,-0.023997004894464435,0.023997004894464435,-0.0066170501926682244
100,110,1.1,0.09531017980432493,0.05,0.25,0.6,0.36,126,0.007936507936507936,call,3.572281095708741,0.0009663054674284974,3.5472072366884557,-0.02507385902028547,0.02507385902028547,-0.007019005041458199
100,120,1.2,0.1823215567939546,0.05,0.25,0.1,0.010000000000000002,12,0.08333333333333333,call,0.0,0.0,3.009151816507081e-09,3.009151816507081e-09,3.009151816507081e-09,3009.151816507081
100,120,1.2,0.1823215567939546,0.05,0.25,0.1,0.010000000000000002,26,0.038461538461538464,call,0.0,0.0,8.820188443890589e-10,8.820188443890589e-10,8.820188443890589e-10,882.0188443890589
100,120,1.2,0.1823215567939546,0.05,0.25,0.1,0.010000000000000002,52,0.019230769230769232,call,0.0,0.0,5.020716193622601e-10,5.020716193622601e-10,5.020716193622601e-10,502.0716193622601
100,120,1.2,0.1823215567939546,0.05,0.25,0.1,0.010000000000000002,126,0.007936507936507936,call,0.0,0.0,3.5655938184256956e-10,3.5655938184256956e-10,3.5655938184256956e-10,356.55938184256956
100,120,1.2,0.1823215567939546,0.05,0.25,0.2,0.04000000000000001,12,0.08333333333333333,call,0.0047960359868239,3.341140377844306e-05,0.004180913059849987,-0.0006151229269739135,0.0006151229269739135,-0.12825652865487963
100,120,1.2,0.1823215567939546,0.05,0.25,0.2,0.04000000000000001,26,0.038461538461538464,call,0.0033960001941928954,3.018553781494636e-05,0.0028938959888700675,-0.0005021042053228279,0.0005021042053228279,-0.1478516421116282
100,120,1.2,0.1823215567939546,0.05,0.25,0.2,0.04000000000000001,52,0.019230769230769232,call,0.002974083614641118,2.9377680669861285e-05,0.0024466801384046637,-0.0005274034762364544,0.0005274034762364544,-0.17733310309101583
100,120,1.2,0.1823215567939546,0.05,0.25,0.2,0.04000000000000001,126,0.007936507936507936,call,0.0027109767525547728,2.854185134161385e-05,0.002210175910592792,-0.0005008008419619806,0.0005008008419619806,-0.18473077701239432
100,120,1.2,0.1823215567939546,0.05,0.25,0.3,0.09,12,0.08333333333333333,call,0.1176824135061947,0.00015579734697993675,0.1094180382833897,-0.008264375222805001,0.008264375222805001,-0.0702260854156426
100,120,1.2,0.1823215567939546,0.05,0.25,0.3,0.09,26,0.038461538461538464,call,0.09758232110397465,0.00015434399451172382,0.08937944928787332,-0.008202871816101326,0.008202871816101326,-0.08406104428855621
100,120,1.2,0.1823215567939546,0.05,0.25,0.3,0.09,52,0.019230769230769232,call,0.08959902024053365,0.00015069137768062248,0.08154191774326501,-0.00805710249726864,0.00805710249726864,-0.08992400224510147
100,120,1.2,0.1823215567939546,0.05,0.25,0.3,0.09,126,0.007936507936507936,call,0.08513501582667461,0.00014845876821909055,0.0771454948037896,-0.007989521022885013,0.007989521022885013,-0.09384529908528808
100,120,1.2,0.1823215567939546,0.05,0.25,0.4,0.16000000000000003,12,0.08333333333333333,call,0.48342971601556106,0.0003631570390398746,0.46057978512944137,-0.022849930886119696,0.022849930886119696,-0.04726629358751332
100,120,1.2,0.1823215567939546,0.05,0.25,0.4,0.16000000000000003,26,0.038461538461538464,call,0.423756757031458,0.0003448920063604472,0.40013658828289983,-0.023620168748558157,0.023620168748558157,-0.05573992238855248
100,120,1.2,0.1823215567939546,0.05,0.25,0.4,0.16000000000000003,52,0.019230769230769232,call,0.39923046487690633,0.0003371364984308403,0.37550351237074986,-0.023726952506156473,0.023726952506156473,-0.05943171825194288
100,120,1.2,0.1823215567939546,0.05,0.25,0.4,0.16000000000000003,126,0.007936507936507936,call,0.3858357773224565,0.000340031270321776,0.3613979572124294,-0.024437820110027098,0.024437820110027098,-0.0633373615054976
100,120,1.2,0.1823215567939546,0.05,0.25,0.6,0.36,12,0.08333333333333333,call,1.880555884897114,0.000970557417949978,1.8336682604790755,-0.04688762441803851,0.04688762441803851,-0.024932853521980682
100,120,1.2,0.1823215567939546,0.05,0.25,0.6,0.36,26,0.038461538461538464,call,1.7247525752222586,0.000933961838551462,1.6722168277959992,-0.05253574742625933,0.05253574742625933,-0.030459874755942522
100,120,1.2,0.1823215567939546,0.05,0.25,0.6,0.36,52,0.019230769230769232,call,1.6585066915781563,0.000908466568802463,1.6044552695472194,-0.054051422030936935,0.054051422030936935,-0.03259041540526084
100,120,1.2,0.1823215567939546,0.05,0.25,0.6,0.36,126,0.007936507936507936,call,1.6197769487104303,0.0008913905083840341,1.565075670761882,-0.05470127794854829,0.05470127794854829,-0.03377087073136717
100,130,1.3,0.26236426446749106,0.05,0.25,0.1,0.010000000000000002,12,0.08333333333333333,call,0.0,0.0,5.519438472907552e-15,5.519438472907552e-15,5.519438472907552e-15,0.005519438472907552
100,130,1.3,0.26236426446749106,0.05,0.25,0.1,0.010000000000000002,26,0.038461538461538464,call,0.0,0.0,0.0,0.0,0.0,0.0
100,130,1.3,0.26236426446749106,0.05,0.25,0.1,0.010000000000000002,52,0.019230769230769232,call,0.0,0.0,0.0,0.0,0.0,0.0
100,130,1.3,0.26236426446749106,0.05,0.25,0.1,0.010000000000000002,126,0.007936507936507936,call,0.0,0.0,0.0,0.0,0.0,0.0
100,130,1.3,0.26236426446749106,0.05,0.25,0.2,0.04000000000000001,12,0.08333333333333333,call,5.638780944783083e-05,7.71725963978627e-20,2.410488476442871e-05,-3.228292468340213e-05,3.228292468340213e-05,-0.5725160278352329
100,130,1.3,0.26236426446749106,0.05,0.25,0.2,0.04000000000000001,26,0.038461538461538464,call,2.730790321983323e-05,6.825251536249091e-06,1.2206963455587334e-05,-1.5100939764245897e-05,1.5100939764245897e-05,-0.5529878893549893
100,130,1.3,0.26236426446749106,0.05,0.25,0.2,0.04000000000000001,52,0.019230769230769232,call,0.0,0.0,8.938914131357653e-06,8.938914131357653e-06,8.938914131357653e-06,8938914.131357653
100,130,1.3,0.26236426446749106,0.05,0.25,0.2,0.04000000000000001,126,0.007936507936507936,call,0.0,0.0,7.3993007704184585e-06,7.3993007704184585e-06,7.3993007704184585e-06,7399300.770418459
100,130,1.3,0.26236426446749106,0.05,0.25,0.3,0.09,12,0.08333333333333333,call,0.010603641575461788,8.631406596042156e-05,0.008696494038308807,-0.0019071475371529815,0.0019071475371529815,-0.17985778975841377
100,130,1.3,0.26236426446749106,0.05,0.25,0.3,0.09,26,0.038461538461538464,call,0.0075046734274344115,7.230055408772139e-05,0.006155890966882607,-0.0013487824605518048,0.0013487824605518048,-0.17972567008993845
100,130,1.3,0.26236426446749106,0.05,0.25,0.3,0.09,52,0.019230769230769232,call,0.006798510413823196,8.099129971687997e-05,0.005258649805281128,-0.001539860608542068,0.001539860608542068,-0.22649970579012693
100,130,1.3,0.26236426446749106,0.05,0.25,0.3,0.09,126,0.007936507936507936,call,0.006201074818270846,6.744634798956507e-05,0.004780312537410827,-0.0014207622808600192,0.0014207622808600192,-0.22911548763673764
100,130,1.3,0.26236426446749106,0.05,0.25,0.4,0.16000000000000003,12,0.08333333333333333,call,0.10714304099121262,0.00027006105121900944,0.09544082998854916,-0.011702211002663457,0.011702211002663457,-0.10922044861152688
100,130,1.3,0.26236426446749106,0.05,0.25,0.4,0.16000000000000003,26,0.038461538461538464,call,0.08748072181911988,0.00025410282547811016,0.07622963201822704,-0.011251089800892844,0.011251089800892844,-0.1286122195488537
100,130,1.3,0.26236426446749106,0.05,0.25,0.4,0.16000000000000003,52,0.019230769230769232,call,0.07995855514679594,0.0002481114256792591,0.06883285756425049,-0.011125697582545446,0.011125697582545446,-0.13914330445466122
100,130,1.3,0.26236426446749106,0.05,0.25,0.4,0.16000000000000003,126,0.007936507936507936,call,0.07541562299799096,0.00023974692750869297,0.06471610936051966,-0.010699513637471292,0.010699513637471292,-0.14187396738413635
100,130,1.3,0.26236426446749106,0.05,0.25,0.6,0.36,12,0.08333333333333333,call,0.8431543512552004,0.0008777644405375326,0.7932845385588685,-0.04986981269633195,0.04986981269633195,-0.05914671806187202
100,130,1.3,0.26236426446749106,0.05,0.25,0.6,0.36,26,0.038461538461538464,call,0.7465311818154701,0.0008584518068881891,0.694175896002685,-0.052355285812785035,0.052355285812785035,-0.07013141190628308
100,130,1.3,0.26236426446749106,0.05,0.25,0.6,0.36,52,0.019230769230769232,call,0.7074075067329286,0.0008292890084625652,0.6536041346236168,-0.05380337210931185,0.05380337210931185,-0.07605711219802554
100,130,1.3,0.26236426446749106,0.05,0.25,0.6,0.36,126,0.007936507936507936,call,0.6843672151216474,0.0008085791946768384,0.6303193950208238,-0.05404782010082365,0.05404782010082365,-0.07897488206125794
100,70,0.7,-0.35667494393873245,0.05,0.5,0.1,0.010000000000000002,12,0.08333333333333333,call,30.591591173547254,8.76493489034288e-05,30.591569131845443,-2.2041701811303938e-05,2.2041701811303938e-05,-7.205150489316011e-07
100,70,0.7,-0.35667494393873245,0.05,0.5,0.1,0.010000000000000002,26,0.038461538461538464,call,30.53613176740498,8.716003016553012e-05,30.536146592217715,1.4824812733849058e-05,1.4824812733849058e-05,4.85484305830558e-07
100,70,0.7,-0.35667494393873245,0.05,0.5,0.1,0.010000000000000002,52,0.019230769230769232,call,30.512492794066286,8.689381775071432e-05,30.512400416170735,-9.237789555172071e-05,9.237789555172071e-05,-3.0275433795329003e-06
100,70,0.7,-0.35667494393873245,0.05,0.5,0.1,0.010000000000000002,126,0.007936507936507936,call,30.49833766541308,8.598138101607175e-05,30.498456022639523,0.00011835722644448765,0.00011835722644448765,3.880776314530472e-06
100,70,0.7,-0.35667494393873245,0.05,0.5,0.2,0.04000000000000001,12,0.08333333333333333,call,30.592145965702073,0.0003449881190903283,30.591585224555555,-0.0005607411465184953,0.0005607411465184953,-1.832957868163815e-05
100,70,0.7,-0.35667494393873245,0.05,0.5,0.2,0.04000000000000001,26,0.038461538461538464,call,30.536032133136924,0.0003403617463322042,30.536154993184724,0.00012286004779937798,0.00012286004779937798,4.023445065282512e-06
100,70,0.7,-0.35667494393873245,0.05,0.5,0.2,0.04000000000000001,52,0.019230769230769232,call,30.512655341553764,0.00033852056466202014,30.51240665701343,-0.0002486845403346649,0.0002486845403346649,-8.150209726126097e-06
100,70,0.7,-0.35667494393873245,0.05,0.5,0.2,0.04000000000000001,126,0.007936507936507936,call,30.49822393710762,0.0003383044363690951,30.49846123445981,0.00023729735218935843,0.00023729735218935843,7.780694137425995e-06
100,70,0.7,-0.35667494393873245,0.05,0.5,0.3,0.09,12,0.08333333333333333,call,30.596981709192804,0.0007673650169898902,30.59886053319417,0.0018788240013662971,0.0018788240013662971,6.140553402369777e-05
100,70,0.7,-0.35667494393873245,0.05,0.5,0.3,0.09,26,0.038461538461538464,call,30.53953632711278,0.0007620113674319187,30.54139129620169,0.0018549690889102521,0.0018549690889102521,6.0739923129200355e-05
100,70,0.7,-0.35667494393873245,0.05,0.5,0.3,0.09,52,0.019230769230769232,call,30.515064894508,0.0007592656638823485,30.51691446966288,0.00184957515487838,0.00184957515487838,6.061187027694181e-05
100,70,0.7,-0.35667494393873245,0.05,0.5,0.3,0.09,126,0.007936507936507936,call,30.50189373265818,0.0007527927286253108,30.502578417198983,0.0006846845408041702,0.0006846845408041702,2.244727972647426e-05
100,70,0.7,-0.35667494393873245,0.05,0.5,0.4,0.16000000000000003,12,0.08333333333333333,call,30.65753442330033,0.001318054377299655,30.678485813987283,0.020951390686953175,0.020951390686953175,0.0006834010327663436
100,70,0.7,-0.35667494393873245,0.05,0.5,0.4,0.16000000000000003,26,0.038461538461538464,call,30.58788710176478,0.0013069473275893059,30.606322305166362,0.018435203401580225,0.018435203401580225,0.0006026962025931042
100,70,0.7,-0.35667494393873245,0.05,0.5,0.4,0.16000000000000003,52,0.019230769230769232,call,30.560229999089195,0.001322190155789585,30.576086384985928,0.01585638589673266,0.01585638589673266,0.0005188568900562999
100,70,0.7,-0.35667494393873245,0.05,0.5,0.4,0.16000000000000003,126,0.007936507936507936,call,30.5412386141709,0.0013150675036985074,30.558517541412893,0.017278927241992648,0.017278927241992648,0.0005657572523589582
100,70,0.7,-0.35667494393873245,0.05,0.5,0.6,0.36,12,0.08333333333333333,call,31.24721744326572,0.0028886788575081404,31.361541156215146,0.11432371294942811,0.11432371294942811,0.003658684590299951
100,70,0.7,-0.35667494393873245,0.05,0.5,0.6,0.36,26,0.038461538461538464,call,31.100222526613344,0.002885446588348918,31.214616425856445,0.11439389924310106,0.11439389924310106,0.0036782341073351146
100,70,0.7,-0.35667494393873245,0.05,0.5,0.6,0.36,52,0.019230769230769232,call,31.03474210027501,0.002868846571121319,31.15326659143753,0.11852449116251762,0.11852449116251762,0.003819090578538023
100,70,0.7,-0.35667494393873245,0.05,0.5,0.6,0.36,126,0.007936507936507936,call,31.002354270409523,0.00286420258611161,31.117698402884102,0.1153441324745792,0.1153441324745792,0.0037204959168107583
100,80,0.8,-0.2231435513142097,0.05,0.5,0.1,0.010000000000000002,12,0.08333333333333333,call,20.83838586240991,8.768000544217681e-05,20.838470028949985,8.416654007348257e-05,8.416654007348257e-05,4.039014376123511e-06
100,80,0.8,-0.2231435513142097,0.05,0.5,0.1,0.010000000000000002,26,0.038461538461538464,call,20.78306649031091,8.685057128523129e-05,20.7830474784285,-1.9011882411490433e-05,1.9011882411490433e-05,-9.147775387406758e-07
100,80,0.8,-0.2231435513142097,0.05,0.5,0.1,0.010000000000000002,52,0.019230769230769232,call,20.759392603589855,8.672327819743842e-05,20.759301300024323,-9.130356553299634e-05,9.130356553299634e-05,-4.398180971692183e-06
100,80,0.8,-0.2231435513142097,0.05,0.5,0.1,0.010000000000000002,126,0.007936507936507936,call,20.74544742338837,8.658524284225816e-05,20.74535690550305,-9.051788531877492e-05,9.051788531877492e-05,-4.363265032149909e-06
100,80,0.8,-0.2231435513142097,0.05,0.5,0.2,0.04000000000000001,12,0.08333333333333333,call,20.844709800284903,0.0003347346793559654,20.846063221285092,0.0013534210001893143,0.0013534210001893143,6.492875233843821e-05
100,80,0.8,-0.2231435513142097,0.05,0.5,0.2,0.04000000000000001,26,0.038461538461538464,call,20.78722739715122,0.0003339260733530183,20.788662494612083,0.0014350974608632328,0.0014350974608632328,6.903746389284727e-05
100,80,0.8,-0.2231435513142097,0.05,0.5,0.2,0.04000000000000001,52,0.019230769230769232,call,20.762815656843774,0.0003320439328839918,20.764195904605277,0.0013802477615030284,0.0013802477615030284,6.647690680854624e-05
100,80,0.8,-0.2231435513142097,0.05,0.5,0.2,0.04000000000000001,126,0.007936507936507936,call,20.748596488085287,0.0003304285405466259,20.7498614909128,0.001265002827512518,0.001265002827512518,6.096811551754528e-05
100,80,0.8,-0.2231435513142097,0.05,0.5,0.3,0.09,12,0.08333333333333333,call,20.97864321449111,0.0007151470566550602,20.997409956153085,0.018766741661973896,0.018766741661973896,0.0008945641274365478
100,80,0.8,-0.2231435513142097,0.05,0.5,0.3,0.09,26,0.038461538461538464,call,20.898939900157558,0.000702417571842788,20.91721846497632,0.01827856481876111,0.01827856481876111,0.0008746168421022786
100,80,0.8,-0.2231435513142097,0.05,0.5,0.3,0.09,52,0.019230769230769232,call,20.866971309897206,0.0007109166627411341,20.883573086941247,0.0166017770440412,0.0166017770440412,0.0007956007030194639
100,80,0.8,-0.2231435513142097,0.05,0.5,0.3,0.09,126,0.007936507936507936,call,20.84669578453463,0.0007055313700647922,20.864015141275363,0.017319356740731706,0.017319356740731706,0.0008307962527845912
100,80,0.8,-0.2231435513142097,0.05,0.5,0.4,0.16000000000000003,12,0.08333333333333333,call,21.40084259504893,0.001212286795730577,21.454315891797243,0.053473296748315136,0.053473296748315136,0.002498653803504267
100,80,0.8,-0.2231435513142097,0.05,0.5,0.4,0.16000000000000003,26,0.038461538461538464,call,21.273809248248995,0.0011911716236159054,21.32935251437534,0.05554326612634597,0.05554326612634597,0.002610875442108123
100,80,0.8,-0.2231435513142097,0.05,0.5,0.4,0.16000000000000003,52,0.019230769230769232,call,21.22075858807944,0.0012012506263719032,21.276903751553554,0.05614516347411325,0.05614516347411325,0.002645766089891445
100,80,0.8,-0.2231435513142097,0.05,0.5,0.4,0.16000000000000003,126,0.007936507936507936,call,21.189893837254854,0.001201361780830406,21.24641812137108,0.05652428411622523,0.05652428411622523,0.002667511434948649
100,80,0.8,-0.2231435513142097,0.05,0.5,0.6,0.36,12,0.08333333333333333,call,22.981736125478037,0.002723846876277105,23.13798504430108,0.15624891882304226,0.15624891882304226,0.006798830078369119
100,80,0.8,-0.2231435513142097,0.05,0.5,0.6,0.36,26,0.038461538461538464,call,22.73471154059436,0.0026456808369499573,22.90512913970031,0.17041759910594934,0.17041759910594934,0.0074959208873909495
100,80,0.8,-0.2231435513142097,0.05,0.5,0.6,0.36,52,0.019230769230769232,call,22.635224903675443,0.002634040444310778,22.80645139724381,0.1712264935683656,0.1712264935683656,0.0075646031482798455
100,80,0.8,-0.2231435513142097,0.05,0.5,0.6,0.36,126,0.007936507936507936,call,22.572403946259627,0.002655174103635748,22.748824668154437,0.17642072189481084,0.17642072189481084,0.007815770190664373
100,90,0.9,-0.10536051565782628,0.05,0.5,0.1,0.010000000000000002,12,0.08333333333333333,call,11.08878247042546,8.618758359050689e-05,11.089208124459129,0.00042565403366801036,0.00042565403366801036,3.838600268363625e-05
100,90,0.9,-0.10536051565782628,0.05,0.5,0.1,0.010000000000000002,26,0.038461538461538464,call,11.032662610427087,8.531338887357099e-05,11.03284139356599,0.0001787831389030714,0.0001787831389030714,1.6204894975588356e-05
100,90,0.9,-0.10536051565782628,0.05,0.5,0.1,0.010000000000000002,52,0.019230769230769232,call,11.008430542773052,8.545748788176107e-05,11.008746707303851,0.0003161645307994121,0.0003161645307994121,2.872021852442641e-05
100,90,0.9,-0.10536051565782628,0.05,0.5,0.1,0.010000000000000002,126,0.007936507936507936,call,10.994345642006119,8.511319784478578e-05,10.994612360193,0.00026671818688228655,0.00026671818688228655,2.4259578111064275e-05
100,90,0.9,-0.10536051565782628,0.05,0.5,0.2,0.04000000000000001,12,0.08333333333333333,call,11.392232845708174,0.00029618331489260054,11.405179348764717,0.012946503056543435,0.012946503056543435,0.0011364324476058093
100,90,0.9,-0.10536051565782628,0.05,0.5,0.2,0.04000000000000001,26,0.038461538461538464,call,11.301929601220282,0.0002938012179899033,11.315253274419588,0.01332367319930583,0.01332367319930583,0.0011788848160819599
100,90,0.9,-0.10536051565782628,0.05,0.5,0.2,0.04000000000000001,52,0.019230769230769232,call,11.263895352026498,0.0002892932347488078,11.277216592895684,0.013321240869185402,0.013321240869185402,0.0011826495588658646
100,90,0.9,-0.10536051565782628,0.05,0.5,0.2,0.04000000000000001,126,0.007936507936507936,call,11.241134570956552,0.0002889951199138054,11.255022245941415,0.013887674984863096,0.013887674984863096,0.001235433567421597
100,90,0.9,-0.10536051565782628,0.05,0.5,0.3,0.09,12,0.08333333333333333,call,12.248322288928376,0.0006319801457062194,12.283958756774107,0.03563646784573038,0.03563646784573038,0.002909497889187913
100,90,0.9,-0.10536051565782628,0.05,0.5,0.3,0.09,26,0.038461538461538464,call,12.099790934707993,0.0006193071197307512,12.138614418115383,0.0388234834073895,0.0388234834073895,0.0032086077864391166
100,90,0.9,-0.10536051565782628,0.05,0.5,0.3,0.09,52,0.019230769230769232,call,12.037144000034491,0.0006080898275220433,12.07684316570791,0.03969916567341869,0.03969916567341869,0.0032980552258330496
100,90,0.9,-0.10536051565782628,0.05,0.5,0.3,0.09,126,0.007936507936507936,call,12.001265536934891,0.0006073384869562621,12.040716615782745,0.03945107884785415,0.03945107884785415,0.003287243226678068
100,90,0.9,-0.10536051565782628,0.05,0.5,0.4,0.16000000000000003,12,0.08333333333333333,call,13.409866915407937,0.0011020696505686337,13.475255046400227,0.06538813099228946,0.06538813099228946,0.004876120800062415
100,90,0.9,-0.10536051565782628,0.05,0.5,0.4,0.16000000000000003,26,0.038461538461538464,call,13.202705884502402,0.0010708718376548625,13.273502420789368,0.07079653628696647,0.07079653628696647,0.005362274741730697
100,90,0.9,-0.10536051565782628,0.05,0.5,0.4,0.16000000000000003,52,0.019230769230769232,call,13.117116592429792,0.0010735177645636916,13.187433322687156,0.07031673025736396,0.07031673025736396,0.0053606850074005945
100,90,0.9,-0.10536051565782628,0.05,0.5,0.4,0.16000000000000003,126,0.007936507936507936,call,13.064126959690636,0.0010598426210194644,13.13700142235466,0.0728744626640232,0.0728744626640232,0.005578211455604906
100,90,0.9,-0.10536051565782628,0.05,0.5,0.6,0.36,12,0.08333333333333333,call,16.113575897657125,0.0025335612246184035,16.269038976705477,0.15546307904835288,0.15546307904835288,0.009647956483138969
100,90,0.9,-0.10536051565782628,0.05,0.5,0.6,0.36,26,0.038461538461538464,call,15.796803114877736,0.0024787125067826,15.95981887016639,0.16301575528865442,0.16301575528865442,0.01031954086552633
100,90,0.9,-0.10536051565782628,0.05,0.5,0.6,0.36,52,0.019230769230769232,call,15.66105262937209,0.0024214199261786227,15.827423354138954,0.166370724766864,0.166370724766864,0.010623214716412994
100,90,0.9,-0.10536051565782628,0.05,0.5,0.6,0.36,126,0.007936507936507936,call,15.584678688932899,0.0024468714376093626,15.749705475403156,0.16502678647025704,0.16502678647025704,0.010589040028617788
100,100,1.0,0.0,0.05,0.5,0.1,0.010000000000000002,12,0.08333333333333333,call,2.4501514872115933,6.782054817642902e-05,2.4521409691522527,0.001989481940659399,0.001989481940659399,0.0008119832390133307
100,100,1.0,0.0,0.05,0.5,0.1,0.010000000000000002,26,0.038461538461538464,call,2.36416545291846,6.516587457682278e-05,2.366377476969864,0.0022120240514040823,0.0022120240514040823,0.0009356468891267463
100,100,1.0,0.0,0.05,0.5,0.1,0.010000000000000002,52,0.019230769230769232,call,2.327296272193151,6.407223558464215e-05,2.3295843099815676,0.0022880377884164638,0.0022880377884164638,0.0009831312909122259
100,100,1.0,0.0,0.05,0.5,0.1,0.010000000000000002,126,0.007936507936507936,call,2.3057141460754726,6.35496536079047e-05,2.3079643755828028,0.002250229507330115,0.002250229507330115,0.000975936028826558
100,100,1.0,0.0,0.05,0.5,0.2,0.04000000000000001,12,0.08333333333333333,call,4.109598901150005,0.0002493992459265248,4.116101386096473,0.006502484946467213,0.006502484946467213,0.0015822675406710852
100,100,1.0,0.0,0.05,0.5,0.2,0.04000000000000001,26,0.038461538461538464,call,3.9717725254615885,0.000240249321632132,3.978739399383142,0.006966873921553596,0.006966873921553596,0.0017540969118678127
100,100,1.0,0.0,0.05,0.5,0.2,0.04000000000000001,52,0.019230769230769232,call,3.913042898204135,0.00023481902496054997,3.919778657844348,0.0067357596402128905,0.0067357596402128905,0.0017213610521122124
100,100,1.0,0.0,0.05,0.5,0.2,0.04000000000000001,126,0.007936507936507936,call,3.87822022348289,0.0002314825660457883,3.885123665495941,0.006903442013050931,0.006903442013050931,0.0017800541524821399
100,100,1.0,0.0,0.05,0.5,0.3,0.09,12,0.08333333333333333,call,5.7925342426788795,0.0005532134664348814,5.809319872364679,0.01678562968579911,0.01678562968579911,0.002897804135903777
100,100,1.0,0.0,0.05,0.5,0.3,0.09,26,0.038461538461538464,call,5.602844961071316,0.0005353114119752543,5.619251343512526,0.016406382441210177,0.016406382441210177,0.0029282235284399383
100,100,1.0,0.0,0.05,0.5,0.3,0.09,52,0.019230769230769232,call,5.520572562817809,0.0005190243615303006,5.537648478415442,0.01707591559763344,0.01707591559763344,0.0030931421339596625
100,100,1.0,0.0,0.05,0.5,0.3,0.09,126,0.007936507936507936,call,5.472228092845475,0.0005190321807344079,5.4896798791418435,0.017451786296368788,0.017451786296368788,0.0031891554957633583
100,100,1.0,0.0,0.05,0.5,0.4,0.16000000000000003,12,0.08333333333333333,call,7.480606870113026,0.0010121250181214403,7.512612201511103,0.03200533139807682,0.03200533139807682,0.004278440500054409
100,100,1.0,0.0,0.05,0.5,0.4,0.16000000000000003,26,0.038461538461538464,call,7.236509592743685,0.0009608487580895901,7.269900870833522,0.03339127808983733,0.03339127808983733,0.0046142795310214185
100,100,1.0,0.0,0.05,0.5,0.4,0.16000000000000003,52,0.019230769230769232,call,7.130040038408976,0.0009400612367726056,7.165680593367995,0.03564055495901908,0.03564055495901908,0.004998647239991102
100,100,1.0,0.0,0.05,0.5,0.4,0.16000000000000003,126,0.007936507936507936,call,7.069973817361318,0.0009416389403552165,7.1044122277398,0.034438410378482054,0.034438410378482054,0.004871080327612201
100,100,1.0,0.0,0.05,0.5,0.6,0.36,12,0.08333333333333333,call,10.841706818144862,0.0023424937992276417,10.939921266917157,0.09821444877229446,0.09821444877229446,0.00905894712149208
100,100,1.0,0.0,0.05,0.5,0.6,0.36,26,0.038461538461538464,call,10.493793594213136,0.0023052185474161735,10.593369782380579,0.09957618816744329,0.09957618816744329,0.00948905534242213
100,100,1.0,0.0,0.05,0.5,0.6,0.36,52,0.019230769230769232,call,10.346743127056982,0.002262979779763734,10.44452154418192,0.09777841712493895,0.09777841712493895,0.009450163778517517
100,100,1.0,0.0,0.05,0.5,0.6,0.36,126,0.007936507936507936,call,10.259578960067495,0.0022543405252856232,10.357006758433789,0.09742779836629367,0.09742779836629367,0.00949627647932764
100,110,1.1,0.09531017980432493,0.05,0.5,0.1,0.010000000000000002,12,0.08333333333333333,call,0.05411040163445432,3.9168077272723215e-05,0.05222901662788123,-0.0018813850065730886,0.0018813850065730886,-0.03476937797066976
100,110,1.1,0.09531017980432493,0.05,0.5,0.1,0.010000000000000002,26,0.038461538461538464,call,0.04356164017955844,3.748685212652578e-05,0.041682803053879815,-0.0018788371256786285,0.0018788371256786285,-0.04313054141061208
100,110,1.1,0.09531017980432493,0.05,0.5,0.1,0.010000000000000002,52,0.019230769230769232,call,0.039426040425603326,3.652884184704755e-05,0.037620268210163975,-0.001805772215439351,0.001805772215439351,-0.045801510776788026
100,110,1.1,0.09531017980432493,0.05,0.5,0.1,0.010000000000000002,126,0.007936507936507936,call,0.037117944476270315,3.604148159444217e-05,0.03535886603295551,-0.0017590784433148057,0.0017590784433148057,-0.04739159099824058
100,110,1.1,0.09531017980432493,0.05,0.5,0.2,0.04000000000000001,12,0.08333333333333333,call,0.8494274077383644,0.00021044461571160305,0.8369708983821443,-0.012456509356220113,0.012456509356220113,-0.014664595517804264
100,110,1.1,0.09531017980432493,0.05,0.5,0.2,0.04000000000000001,26,0.038461538461538464,call,0.7698738660651622,0.00020294755585454878,0.7563030156431816,-0.013570850421980585,0.013570850421980585,-0.017627368612135676
100,110,1.1,0.09531017980432493,0.05,0.5,0.2,0.04000000000000001,52,0.019230769230769232,call,0.7360432532832751,0.0001985156260066467,0.7226173353506014,-0.013425917932673781,0.013425917932673781,-0.018240664353330677
100,110,1.1,0.09531017980432493,0.05,0.5,0.2,0.04000000000000001,126,0.007936507936507936,call,0.7174689734292631,0.00019806069743201634,0.7030906600394795,-0.01437831338978357,0.01437831338978357,-0.020040327766453807
100,110,1.1,0.09531017980432493,0.05,0.5,0.3,0.09,12,0.08333333333333333,call,2.193424009164088,0.0005064671208153579,2.174741584165012,-0.01868242499907602,0.01868242499907602,-0.0085174708223404
100,110,1.1,0.09531017980432493,0.05,0.5,0.3,0.09,26,0.038461538461538464,call,2.0435105665675177,0.00048064332746284563,2.02252645784789,-0.02098410871962786,0.02098410871962786,-0.010268656821713842
100,110,1.1,0.09531017980432493,0.05,0.5,0.3,0.09,52,0.019230769230769232,call,1.9800833538577796,0.00047226755932628625,1.9579825640475266,-0.022100789810252985,0.022100789810252985,-0.011161545177981626
100,110,1.1,0.09531017980432493,0.05,0.5,0.3,0.09,126,0.007936507936507936,call,1.9427095559223817,0.0004675149957773051,1.920278509213913,-0.022431046708468738,0.022431046708468738,-0.011546268787368306
100,110,1.1,0.09531017980432493,0.05,0.5,0.4,0.16000000000000003,12,0.08333333333333333,call,3.7398062957922362,0.0009218904124412269,3.7243489331465964,-0.015457362645639794,0.015457362645639794,-0.004133198733589844
100,110,1.1,0.09531017980432493,0.05,0.5,0.4,0.16000000000000003,26,0.038461538461538464,call,3.5266292077116645,0.0008959557961871318,3.5066691884221166,-0.019960019289547937,0.019960019289547937,-0.005659800935664416
100,110,1.1,0.09531017980432493,0.05,0.5,0.4,0.16000000000000003,52,0.019230769230769232,call,3.436245743482078,0.0008817339799916074,3.413854448651055,-0.02239129483102298,0.02239129483102298,-0.006516208822810511
100,110,1.1,0.09531017980432493,0.05,0.5,0.4,0.16000000000000003,126,0.007936507936507936,call,3.3840494676431354,0.0008707175196861652,3.359484556578146,-0.02456491106498948,0.02456491106498948,-0.007259028362282785
100,110,1.1,0.09531017980432493,0.05,0.5,0.6,0.36,12,0.08333333333333333,call,7.054915855532646,0.002288481580385429,7.073337524107209,0.018421668574562844,0.018421668574562844,0.002611181898096786
100,110,1.1,0.09531017980432493,0.05,0.5,0.6,0.36,26,0.038461538461538464,call,6.721946123048778,0.0021960651915499505,6.7353120373982724,0.01336591434949419,0.01336591434949419,0.0019883995058609604
100,110,1.1,0.09531017980432493,0.05,0.5,0.6,0.36,52,0.019230769230769232,call,6.5778913264791425,0.0021365924703867236,6.590581479128054,0.01269015264891138,0.01269015264891138,0.0019292128767508633
100,110,1.1,0.09531017980432493,0.05,0.5,0.6,0.36,126,0.007936507936507936,call,6.494763375111473,0.002132794252856481,6.505622194318647,0.010858819207173909,0.010858819207173909,0.0016719345386447635
100,120,1.2,0.1823215567939546,0.05,0.5,0.1,0.010000000000000002,12,0.08333333333333333,call,7.269321669292421e-05,4.458642120416369e-06,5.656193762135385e-05,-1.6131279071570362e-05,1.6131279071570362e-05,-0.22190900066664052
100,120,1.2,0.1823215567939546,0.05,0.5,0.1,0.010000000000000002,26,0.038461538461538464,call,3.9098562672756184e-05,2.005197239267293e-06,2.980095167105742e-05,-9.297611001698763e-06,9.297611001698763e-06,-0.23779930427410118
100,120,1.2,0.1823215567939546,0.05,0.5,0.1,0.010000000000000002,52,0.019230769230769232,call,5.5930321183375904e-05,3.258579124559532e-06,2.221893484044407e-05,-3.371138634293184e-05,3.371138634293184e-05,-0.6027390086390534
100,120,1.2,0.1823215567939546,0.05,0.5,0.1,0.010000000000000002,126,0.007936507936507936,call,4.6083374808941146e-05,2.88375489937349e-06,1.8593123893805984e-05,-2.7490250915135162e-05,2.7490250915135162e-05,-0.5965329368586407
100,120,1.2,0.1823215567939546,0.05,0.5,0.2,0.04000000000000001,12,0.08333333333333333,call,0.10038268232425522,0.0001433273338346149,0.09343719388195558,-0.006945488442299641,0.006945488442299641,-0.06919010611675416
100,120,1.2,0.1823215567939546,0.05,0.5,0.2,0.04000000000000001,26,0.038461538461538464,call,0.08219006574646671,0.00013893349431313336,0.07527430594861496,-0.0069157597978517504,0.0069157597978517504,-0.08414350000868631
100,120,1.2,0.1823215567939546,0.05,0.5,0.2,0.04000000000000001,52,0.019230769230769232,call,0.07516493948784045,0.00013775658859090033,0.06823676025944489,-0.006928179228395559,0.006928179228395559,-0.09217301677621043
100,120,1.2,0.1823215567939546,0.05,0.5,0.2,0.04000000000000001,126,0.007936507936507936,call,0.07125003919624863,0.00013798844881690705,0.0643076364501534,-0.0069424027460952276,0.0069424027460952276,-0.0974371779217316
100,120,1.2,0.1823215567939546,0.05,0.5,0.3,0.09,12,0.08333333333333333,call,0.6777508835100409,0.0004380038090592587,0.6508441607306947,-0.026906722779346137,0.026906722779346137,-0.039700018744346664
100,120,1.2,0.1823215567939546,0.05,0.5,0.3,0.09,26,0.038461538461538464,call,0.5993458775684171,0.0004207248289647895,0.5712953479712313,-0.02805052959718579,0.02805052959718579,-0.046801906289884745
100,120,1.2,0.1823215567939546,0.05,0.5,0.3,0.09,52,0.019230769230769232,call,0.5676151312702957,0.0004191062980224712,0.5386618556521113,-0.028953275618184393,0.028953275618184393,-0.05100863952197387
100,120,1.2,0.1823215567939546,0.05,0.5,0.3,0.09,126,0.007936507936507936,call,0.5492000189896695,0.00040934866306814984,0.5199131882426764,-0.02928683074699312,0.02928683074699312,-0.05332634693070542
100,120,1.2,0.1823215567939546,0.05,0.5,0.4,0.16000000000000003,12,0.08333333333333333,call,1.7029130230809015,0.0008651523798554633,1.6594372059318512,-0.043475817149050355,0.043475817149050355,-0.025530262884709245
100,120,1.2,0.1823215567939546,0.05,0.5,0.4,0.16000000000000003,26,0.038461538461538464,call,1.5528153644823335,0.0008333118863100563,1.506117338982129,-0.04669802550020452,0.04669802550020452,-0.030073134622655137
100,120,1.2,0.1823215567939546,0.05,0.5,0.4,0.16000000000000003,52,0.019230769230769232,call,1.4911483914334345,0.0008255809196642222,1.4419456477396073,-0.049202743693827156,0.049202743693827156,-0.03299654412430997
100,120,1.2,0.1823215567939546,0.05,0.5,0.4,0.16000000000000003,126,0.007936507936507936,call,1.4552633687147982,0.0007997419118529183,1.4047037712122241,-0.050559597502574105,0.050559597502574105,-0.03474257552928397
100,120,1.2,0.1823215567939546,0.05,0.5,0.6,0.36,12,0.08333333333333333,call,4.464596826209818,0.002188349285858324,4.42381841688112,-0.04077840932869847,0.04077840932869847,-0.009133727168667312
100,120,1.2,0.1823215567939546,0.05,0.5,0.6,0.36,26,0.038461538461538464,call,4.178879137126819,0.002100708641346863,4.128264324088317,-0.050614813038501794,0.050614813038501794,-0.012112054782541981
100,120,1.2,0.1823215567939546,0.05,0.5,0.6,0.36,52,0.019230769230769232,call,4.060381882311345,0.0020789428548246133,4.002746910791273,-0.057634971520072575,0.057634971520072575,-0.014194470665715869
100,120,1.2,0.1823215567939546,0.05,0.5,0.6,0.36,126,0.007936507936507936,call,3.98359265468686,0.002034883790303631,3.929368065734682,-0.05422458895217819,0.05422458895217819,-0.013611981357677405
100,130,1.3,0.26236426446749106,0.05,0.5,0.1,0.010000000000000002,12,0.08333333333333333,call,0.0,0.0,4.28914666389314e-09,4.28914666389314e-09,4.28914666389314e-09,4289.146663893141
100,130,1.3,0.26236426446749106,0.05,0.5,0.1,0.010000000000000002,26,0.038461538461538464,call,0.0,0.0,1.2299259064488593e-09,1.2299259064488593e-09,1.2299259064488593e-09,1229.9259064488595
100,130,1.3,0.26236426446749106,0.05,0.5,0.1,0.010000000000000002,52,0.019230769230769232,call,0.0,0.0,6.930058309914918e-10,6.930058309914918e-10,6.930058309914918e-10,693.0058309914917
100,130,1.3,0.26236426446749106,0.05,0.5,0.1,0.010000000000000002,126,0.007936507936507936,call,0.0,0.0,4.890983006579091e-10,4.890983006579091e-10,4.890983006579091e-10,489.09830065790914
100,130,1.3,0.26236426446749106,0.05,0.5,0.2,0.04000000000000001,12,0.08333333333333333,call,0.007324620225573542,6.571208994307875e-05,0.0060809274354965874,-0.0012436927900769546,0.0012436927900769546,-0.1697962149265656
100,130,1.3,0.26236426446749106,0.05,0.5,0.2,0.04000000000000001,26,0.038461538461538464,call,0.0052084661132916895,6.584054245764031e-05,0.004184938124349944,-0.001023527988941745,0.001023527988941745,-0.19651236403934044
100,130,1.3,0.26236426446749106,0.05,0.5,0.2,0.04000000000000001,52,0.019230769230769232,call,0.004609122119628232,6.50503209804253e-05,0.0035288644079075723,-0.0010802577117206597,0.0010802577117206597,-0.23437385334624034
100,130,1.3,0.26236426446749106,0.05,0.5,0.2,0.04000000000000001,126,0.007936507936507936,call,0.004203693337602328,6.442368159903037e-05,0.003182629036186253,-0.0010210643014160747,0.0010210643014160747,-0.2428969526113106
100,130,1.3,0.26236426446749106,0.05,0.5,0.3,0.09,12,0.08333333333333333,call,0.17710245342873218,0.0003533247781219786,0.15984094325508635,-0.017261510173645828,0.017261510173645828,-0.09746623967912468
100,130,1.3,0.26236426446749106,0.05,0.5,0.3,0.09,26,0.038461538461538464,call,0.146161418998131,0.0003264820420254648,0.1302355263658968,-0.015925892632234206,0.015925892632234206,-0.10896098807331539
100,130,1.3,0.26236426446749106,0.05,0.5,0.3,0.09,52,0.019230769230769232,call,0.13480712193887454,0.00032248683647935575,0.11867733815467016,-0.016129783784204377,0.016129783784204377,-0.11965082817744666
100,130,1.3,0.26236426446749106,0.05,0.5,0.3,0.09,126,0.007936507936507936,call,0.12841672097019446,0.000333553890992406,0.11219973122447731,-0.016216989745717156,0.016216989745717156,-0.12628409776543914
100,130,1.3,0.26236426446749106,0.05,0.5,0.4,0.16000000000000003,12,0.08333333333333333,call,0.7172462052869071,0.000782864055546667,0.6742463204650452,-0.0429998848218619,0.0429998848218619,-0.05995135910779958
100,130,1.3,0.26236426446749106,0.05,0.5,0.4,0.16000000000000003,26,0.038461538461538464,call,0.6310343891751846,0.0007457516818761067,0.5850104679730848,-0.04602392120209986,0.04602392120209986,-0.07293409359552816
100,130,1.3,0.26236426446749106,0.05,0.5,0.4,0.16000000000000003,52,0.019230769230769232,call,0.594653699096153,0.0007332614558874062,0.5486784806235805,-0.045975218472572466,0.045975218472572466,-0.07731427306758999
100,130,1.3,0.26236426446749106,0.05,0.5,0.4,0.16000000000000003,126,0.007936507936507936,call,0.5739084881405376,0.0007274716969063936,0.5278838350082257,-0.046024653132311966,0.046024653132311966,-0.0801951079020137
100,130,1.3,0.26236426446749106,0.05,0.5,0.6,0.36,12,0.08333333333333333,call,2.7708123341371693,0.002094557851458894,2.691893358666695,-0.07891897547047444,0.07891897547047444,-0.028482252117247704
100,130,1.3,0.26236426446749106,0.05,0.5,0.6,0.36,26,0.038461538461538464,call,2.54312807262619,0.002016420398531069,2.4546476209951806,-0.08848045163100915,0.08848045163100915,-0.034791976300131366
100,130,1.3,0.26236426446749106,0.05,0.5,0.6,0.36,52,0.019230769230769232,call,2.448283881636609,0.0019864748937860528,2.3551024572805255,-0.09318142435608356,0.09318142435608356,-0.03805989373004996
100,130,1.3,0.26236426446749106,0.05,0.5,0.6,0.36,126,0.007936507936507936,call,2.393362707693178,0.0019764601743174053,2.2972597000833446,-0.09610300760983348,0.09610300760983348,-0.04015396717803025
100,70,0.7,-0.35667494393873245,0.05,1.0,0.1,0.010000000000000002,12,0.08333333333333333,call,31.158353861943464,0.0001819705695195839,31.158443133478468,8.927153500337681e-05,8.927153500337681e-05,2.8650915064037537e-06
100,70,0.7,-0.35667494393873245,0.05,1.0,0.1,0.010000000000000002,26,0.038461538461538464,call,31.048984026526863,0.0001796360696750138,31.04891091260176,-7.311392510445103e-05,7.311392510445103e-05,-2.3547928345090375e-06
100,70,0.7,-0.35667494393873245,0.05,1.0,0.1,0.010000000000000002,52,0.019230769230769232,call,31.001765270127883,0.0001773613395409373,31.001993582876736,0.0002283127488524883,0.0002283127488524883,7.364508016338081e-06
100,70,0.7,-0.35667494393873245,0.05,1.0,0.1,0.010000000000000002,126,0.007936507936507936,call,30.974496303964692,0.00017742173367194303,30.97444596650701,-5.033745768301401e-05,5.033745768301401e-05,-1.6251259484265086e-06
100,70,0.7,-0.35667494393873245,0.05,1.0,0.2,0.04000000000000001,12,0.08333333333333333,call,31.160580005986795,0.0006929690938738732,31.161028762126904,0.0004487561401091966,0.0004487561401091966,1.4401405237738783e-05
100,70,0.7,-0.35667494393873245,0.05,1.0,0.2,0.04000000000000001,26,0.038461538461538464,call,31.049148598749976,0.000685482416633037,31.050709593409653,0.001560994659676851,0.001560994659676851,5.0274958577759385e-05
100,70,0.7,-0.35667494393873245,0.05,1.0,0.2,0.04000000000000001,52,0.019230769230769232,call,31.003131673678038,0.0006890096355286515,31.00351828483166,0.0003866111536225958,0.0003866111536225958,1.2470067788372245e-05
100,70,0.7,-0.35667494393873245,0.05,1.0,0.2,0.04000000000000001,126,0.007936507936507936,call,30.975791159332264,0.0006799626390501878,30.975825605212187,3.444587992262882e-05,3.444587992262882e-05,1.1120258315743164e-06
100,70,0.7,-0.35667494393873245,0.05,1.0,0.3,0.09,12,0.08333333333333333,call,31.242134146543098,0.0015134925317703217,31.263854722129068,0.02172057558597018,0.02172057558597018,0.0006952334140839586
100,70,0.7,-0.35667494393873245,0.05,1.0,0.3,0.09,26,0.038461538461538464,call,31.115117534773553,0.0014948784244247012,31.135492405895818,0.020374871122264437,0.020374871122264437,0.0006548222451512176
100,70,0.7,-0.35667494393873245,0.05,1.0,0.3,0.09,52,0.019230769230769232,call,31.06083722281553,0.0014946879200673938,31.08119191712966,0.020354694314132615,0.020354694314132615,0.0006553169886606023
100,70,0.7,-0.35667494393873245,0.05,1.0,0.3,0.09,126,0.007936507936507936,call,31.028531133007924,0.0014868845292390416,31.049497225075783,0.02096609206785871,0.02096609206785871,0.0006757036605434131
100,70,0.7,-0.35667494393873245,0.05,1.0,0.4,0.16000000000000003,12,0.08333333333333333,call,31.600840278386315,0.0026672539564856507,31.682106286370466,0.0812660079841514,0.0812660079841514,0.0025716407306970897
100,70,0.7,-0.35667494393873245,0.05,1.0,0.4,0.16000000000000003,26,0.038461538461538464,call,31.418970258606542,0.0026039362330825748,31.506341773759722,0.08737151515317976,0.08737151515317976,0.0027808522823642265
100,70,0.7,-0.35667494393873245,0.05,1.0,0.4,0.16000000000000003,52,0.019230769230769232,call,31.346835305560965,0.00256971304580787,31.432365342803237,0.08553003724227182,0.08553003724227182,0.0027285062880685338
100,70,0.7,-0.35667494393873245,0.05,1.0,0.4,0.16000000000000003,126,0.007936507936507936,call,31.30266160190126,0.0025963834440656808,31.389303028168268,0.08664142626700766,0.08664142626700766,0.0027678613201934637
100,70,0.7,-0.35667494393873245,0.05,1.0,0.6,0.36,12,0.08333333333333333,call,33.223834177949804,0.00601460654281399,33.53983718550145,0.3160030075516431,0.3160030075516431,0.00951133472010193
100,70,0.7,-0.35667494393873245,0.05,1.0,0.6,0.36,26,0.038461538461538464,call,32.89827065935159,0.005932969677053605,33.23281119936463,0.33454054001304456,0.33454054001304456,0.01016893998706126
100,70,0.7,-0.35667494393873245,0.05,1.0,0.6,0.36,52,0.019230769230769232,call,32.76852757454574,0.005869028633708457,33.102813924151654,0.33428634960591097,0.33428634960591097,0.010201445543912117
100,70,0.7,-0.35667494393873245,0.05,1.0,0.6,0.36,126,0.007936507936507936,call,32.695880497091245,0.00592310037952033,33.026927979233164,0.33104748214191915,0.33104748214191915,0.010125051752968404
100,80,0.8,-0.2231435513142097,0.05,1.0,0.1,0.010000000000000002,12,0.08333333333333333,call,21.646040807463095,0.0001816630251647423,21.646178261732718,0.00013745426962330498,0.00013745426962330498,6.3500882607554574e-06
100,80,0.8,-0.2231435513142097,0.05,1.0,0.1,0.010000000000000002,26,0.038461538461538464,call,21.53686524241359,0.00018110412883694905,21.536633811252056,-0.00023143116153434562,0.00023143116153434562,-1.0745814626660571e-05
100,80,0.8,-0.2231435513142097,0.05,1.0,0.1,0.010000000000000002,52,0.019230769230769232,call,21.48938872679578,0.0001781144199843533,21.48971274757849,0.0003240207827097663,0.0003240207827097663,1.5078175876903135e-05
100,80,0.8,-0.2231435513142097,0.05,1.0,0.1,0.010000000000000002,126,0.007936507936507936,call,21.462030640713518,0.00017731710124612227,21.462163277779933,0.00013263706641453155,0.00013263706641453155,6.180080004308574e-06
100,80,0.8,-0.2231435513142097,0.05,1.0,0.2,0.04000000000000001,12,0.08333333333333333,call,21.71771429516824,0.0006567726185891616,21.730217941823305,0.012503646655066092,0.012503646655066092,0.0005757349270336384
100,80,0.8,-0.2231435513142097,0.05,1.0,0.2,0.04000000000000001,26,0.038461538461538464,call,21.59552832371114,0.0006543571344838114,21.606595853794115,0.011067530082975452,0.011067530082975452,0.0005124917490823176
100,80,0.8,-0.2231435513142097,0.05,1.0,0.2,0.04000000000000001,52,0.019230769230769232,call,21.54408434198187,0.0006559046515099149,21.554103695443338,0.010019353461469649,0.010019353461469649,0.0004650628591323067
100,80,0.8,-0.2231435513142097,0.05,1.0,0.2,0.04000000000000001,126,0.007936507936507936,call,21.513609749494684,0.0006546310933447905,21.523410491575156,0.009800742080471991,0.009800742080471991,0.0004555600940331361
100,80,0.8,-0.2231435513142097,0.05,1.0,0.3,0.09,12,0.08333333333333333,call,22.242241216488345,0.0014022078724598883,22.300871147599484,0.058629931111138234,0.058629931111138234,0.002635972271880381
100,80,0.8,-0.2231435513142097,0.05,1.0,0.3,0.09,26,0.038461538461538464,call,22.06334001572215,0.0013869772770981942,22.121983968644635,0.05864395292248403,0.05864395292248403,0.002657981651041721
100,80,0.8,-0.2231435513142097,0.05,1.0,0.3,0.09,52,0.019230769230769232,call,21.9842024793964,0.0013583887540091718,22.046312878444514,0.06211039904811244,0.06211039904811244,0.002825228666189839
100,80,0.8,-0.2231435513142097,0.05,1.0,0.3,0.09,126,0.007936507936507936,call,21.942378446154436,0.0013759461431764235,22.0021571226393,0.059778676484864235,0.059778676484864235,0.0027243480751896745
100,80,0.8,-0.2231435513142097,0.05,1.0,0.4,0.16000000000000003,12,0.08333333333333333,call,23.253319841823274,0.002452971380365825,23.39070096369643,0.13738112187315465,0.13738112187315465,0.005908021856993591
100,80,0.8,-0.2231435513142097,0.05,1.0,0.4,0.16000000000000003,26,0.038461538461538464,call,22.997574604707147,0.002408642267856724,23.140452350353907,0.1428777456467607,0.1428777456467607,0.006212731042408119
100,80,0.8,-0.2231435513142097,0.05,1.0,0.4,0.16000000000000003,52,0.019230769230769232,call,22.89430992863345,0.002394609512299809,23.03424529957878,0.13993537094533082,0.13993537094533082,0.006112233624055053
100,80,0.8,-0.2231435513142097,0.05,1.0,0.4,0.16000000000000003,126,0.007936507936507936,call,22.82642145414356,0.0023777399115384483,22.972173267958695,0.14575181381513502,0.14575181381513502,0.0063852239873840345
100,80,0.8,-0.2231435513142097,0.05,1.0,0.6,0.36,12,0.08333333333333333,call,26.11487875128744,0.005759851868652705,26.47776377146823,0.3628850201807907,0.3628850201807907,0.01389571912766016
100,80,0.8,-0.2231435513142097,0.05,1.0,0.6,0.36,26,0.038461538461538464,call,25.69592315766547,0.005562344954307578,26.084011126096673,0.3880879684312042,0.3880879684312042,0.015103094994873998
100,80,0.8,-0.2231435513142097,0.05,1.0,0.6,0.36,52,0.019230769230769232,call,25.524005572763105,0.005518263951055316,25.915949145564184,0.39194357280107894,0.39194357280107894,0.015355880239241346
100,80,0.8,-0.2231435513142097,0.05,1.0,0.6,0.36,126,0.007936507936507936,call,25.41563812625408,0.0055314033296738774,25.81744951869838,0.40181139244429787,0.40181139244429787,0.015809612587662357
100,90,0.9,-0.10536051565782628,0.05,1.0,0.1,0.010000000000000002,12,0.08333333333333333,call,12.163501100542044,0.00017420511956743785,12.165734889294885,0.0022337887528411926,0.0022337887528411926,0.00018364685746126566
100,90,0.9,-0.10536051565782628,0.05,1.0,0.1,0.010000000000000002,26,0.038461538461538464,call,12.048683251035616,0.00017249191458474145,12.051109739863035,0.0024264888274192487,0.0024264888274192487,0.00020139037410670462
100,90,0.9,-0.10536051565782628,0.05,1.0,0.1,0.010000000000000002,52,0.019230769230769232,call,11.999978121724778,0.0001708404131891425,12.002165377706259,0.002187255981480618,0.002187255981480618,0.0001822716641058542
100,90,0.9,-0.10536051565782628,0.05,1.0,0.1,0.010000000000000002,126,0.007936507936507936,call,11.971174314458032,0.00017050075091997371,11.97347058731423,0.00229627285619749,0.00229627285619749,0.00019181684234805568
100,90,0.9,-0.10536051565782628,0.05,1.0,0.2,0.04000000000000001,12,0.08333333333333333,call,12.91940633537245,0.0005908568010016007,12.950347580608351,0.03094124523590125,0.03094124523590125,0.002394943268498819
100,90,0.9,-0.10536051565782628,0.05,1.0,0.2,0.04000000000000001,26,0.038461538461538464,call,12.744434565313766,0.0005747749052582231,12.777101913731158,0.032667348417392716,0.032667348417392716,0.0025632638505832723
100,90,0.9,-0.10536051565782628,0.05,1.0,0.2,0.04000000000000001,52,0.019230769230769232,call,12.67022543429439,0.0005730684276681835,12.703295090628876,0.03306965633448655,0.03306965633448655,0.0026100290406023243
100,90,0.9,-0.10536051565782628,0.05,1.0,0.2,0.04000000000000001,126,0.007936507936507936,call,12.62674591528408,0.0005689324813735748,12.66007661521817,0.033330699934090546,0.033330699934090546,0.0026396903966955814
100,90,0.9,-0.10536051565782628,0.05,1.0,0.3,0.09,12,0.08333333333333333,call,14.42080314363238,0.0012968501987578494,14.496849130461795,0.07604598682941521,0.07604598682941521,0.005273353090808532
100,90,0.9,-0.10536051565782628,0.05,1.0,0.3,0.09,26,0.038461538461538464,call,14.168054305550108,0.0012245142994473318,14.249380368785562,0.08132606323545488,0.08132606323545488,0.005740101038686498
100,90,0.9,-0.10536051565782628,0.05,1.0,0.3,0.09,52,0.019230769230769232,call,14.062864806848927,0.0012395788148751095,14.14364701464152,0.08078220779259304,0.08078220779259304,0.0057443635348929985
100,90,0.9,-0.10536051565782628,0.05,1.0,0.3,0.09,126,0.007936507936507936,call,13.998697851691736,0.0012268962809535112,14.08164470194783,0.0829468502560946,0.0829468502560946,0.0059253261363927875
100,90,0.9,-0.10536051565782628,0.05,1.0,0.4,0.16000000000000003,12,0.08333333333333333,call,16.23360993256566,0.0022798105260528794,16.371826182008174,0.13821624944251454,0.13821624944251454,0.008514202941715626
100,90,0.9,-0.10536051565782628,0.05,1.0,0.4,0.16000000000000003,26,0.038461538461538464,call,15.909633213438656,0.002242163159690676,16.051200656191657,0.1415674427530007,0.1415674427530007,0.008898221653118977
100,90,0.9,-0.10536051565782628,0.05,1.0,0.4,0.16000000000000003,52,0.019230769230769232,call,15.763274783660364,0.0021969155946884376,15.913956518335901,0.15068173467553692,0.15068173467553692,0.00955903749338482
100,90,0.9,-0.10536051565782628,0.05,1.0,0.4,0.16000000000000003,126,0.007936507936507936,call,15.683476164821242,0.0021755086137392548,15.833401708435051,0.1499255436138096,0.1499255436138096,0.009559458760175853
100,90,0.9,-0.10536051565782628,0.05,1.0,0.6,0.36,12,0.08333333333333333,call,20.20045488933815,0.005629338568184797,20.53239768656622,0.33194279722806996,0.33194279722806996,0.016432441697304064
100,90,0.9,-0.10536051565782628,0.05,1.0,0.6,0.36,26,0.038461538461538464,call,19.72429666969953,0.00543750839815034,20.07288894962518,0.34859227992565067,0.34859227992565067,0.01767324258822157
100,90,0.9,-0.10536051565782628,0.05,1.0,0.6,0.36,52,0.019230769230769232,call,19.524172162055955,0.005324433093635756,19.875823570770564,0.3516514087146092,0.3516514087146092,0.018011079076531728
100,90,0.9,-0.10536051565782628,0.05,1.0,0.6,0.36,126,0.007936507936507936,call,19.40365330029599,0.005340317818061238,19.760048553380162,0.3563952530841732,0.3563952530841732,0.01836743048169886
100,100,1.0,0.0,0.05,1.0,0.1,0.010000000000000002,12,0.08333333333333333,call,3.904862359103749,0.00014821855485753764,3.9104590473033647,0.005596688199615674,0.005596688199615674,0.0014332613252212648
100,100,1.0,0.0,0.05,1.0,0.1,0.010000000000000002,26,0.038461538461538464,call,3.7631221540151367,0.00014265018981002105,3.7688868010687524,0.005764647053615679,0.005764647053615679,0.0015318788010814308
100,100,1.0,0.0,0.05,1.0,0.1,0.010000000000000002,52,0.019230769230769232,call,3.702319493135796,0.0001407225815484251,3.7081908469015343,0.005871353765738441,0.005871353765738441,0.001585858210406772
100,100,1.0,0.0,0.05,1.0,0.1,0.010000000000000002,126,0.007936507936507936,call,3.666308904812506,0.0001383868029486054,3.672536830654333,0.0062279258418267425,0.0062279258418267425,0.0016986909732706324
100,100,1.0,0.0,0.05,1.0,0.2,0.04000000000000001,12,0.08333333333333333,call,6.1554838656418,0.0005251743124571246,6.174171148981057,0.018687283339256844,0.018687283339256844,0.003035875610618373
100,100,1.0,0.0,0.05,1.0,0.2,0.04000000000000001,26,0.038461538461538464,call,5.944478878013994,0.0005057926616348986,5.963588877223737,0.019109999209742767,0.019109999209742767,0.003214747600571385
100,100,1.0,0.0,0.05,1.0,0.2,0.04000000000000001,52,0.019230769230769232,call,5.853897762177363,0.000497829764676149,5.873244770616853,0.019347008439489777,0.019347008439489777,0.003304978874843492
100,100,1.0,0.0,0.05,1.0,0.2,0.04000000000000001,126,0.007936507936507936,call,5.799910970481587,0.0004901832621654422,5.820156745889735,0.020245775408147537,0.020245775408147537,0.0034907045144636864
100,100,1.0,0.0,0.05,1.0,0.3,0.09,12,0.08333333333333333,call,8.473746316659247,0.001186395513679619,8.517785340653202,0.044039023993954984,0.044039023993954984,0.005197113808726487
100,100,1.0,0.0,0.05,1.0,0.3,0.09,26,0.038461538461538464,call,8.189219250896482,0.0011271883907792212,8.235187135270067,0.04596788437358512,0.04596788437358512,0.005613219400439544
100,100,1.0,0.0,0.05,1.0,0.3,0.09,52,0.019230769230769232,call,8.067021419939005,0.001118544573544092,8.113907566703775,0.046886146764769876,0.046886146764769876,0.005812076641929183
100,100,1.0,0.0,0.05,1.0,0.3,0.09,126,0.007936507936507936,call,7.9971475673939345,0.0011134121903227747,8.042629930675195,0.045482363281260874,0.045482363281260874,0.0056873232484419955
100,100,1.0,0.0,0.05,1.0,0.4,0.16000000000000003,12,0.08333333333333333,call,10.801316719753444,0.002177221638074781,10.88921276749759,0.08789604774414528,0.08789604774414528,0.008137530823756053
100,100,1.0,0.0,0.05,1.0,0.4,0.16000000000000003,26,0.038461538461538464,call,10.43951982588472,0.002039479038558852,10.534770922932436,0.09525109704771673,0.09525109704771673,0.00912408795005516
100,100,1.0,0.0,0.05,1.0,0.4,0.16000000000000003,52,0.019230769230769232,call,10.286000732826912,0.002017839655400336,10.382623167027969,0.09662243420105732,0.09662243420105732,0.009393586167332742
100,100,1.0,0.0,0.05,1.0,0.4,0.16000000000000003,126,0.007936507936507936,call,10.202063899589206,0.002040488747011307,10.293193760881122,0.09112986129191647,0.09112986129191647,0.008932492698422119
100,100,1.0,0.0,0.05,1.0,0.6,0.36,12,0.08333333333333333,call,15.424086354347057,0.005450843503981014,15.689048709599343,0.26496235525228506,0.26496235525228506,0.01717847975984712
100,100,1.0,0.0,0.05,1.0,0.6,0.36,26,0.038461538461538464,call,14.932326633893092,0.005218939241808595,15.194887343732999,0.26256070983990654,0.26256070983990654,0.017583375737572706
100,100,1.0,0.0,0.05,1.0,0.6,0.36,52,0.019230769230769232,call,14.71050127408836,0.005095867509240553,14.982674003652992,0.2721727295646321,0.2721727295646321,0.018501934400022627
100,100,1.0,0.0,0.05,1.0,0.6,0.36,126,0.007936507936507936,call,14.583592990463796,0.0050900505260636515,14.857914723006264,0.27432173254246806,0.27432173254246806,0.018810298170131797
100,110,1.1,0.09531017980432493,0.05,1.0,0.1,0.010000000000000002,12,0.08333333333333333,call,0.43062677910787717,0.00012010986861675559,0.424395909842871,-0.006230869265006156,0.006230869265006156,-0.014469302809998374
100,110,1.1,0.09531017980432493,0.05,1.0,0.1,0.010000000000000002,26,0.038461538461538464,call,0.37547559946517856,0.00011474690902034382,0.36871510627375154,-0.006760493191427019,0.006760493191427019,-0.01800514654229611
100,110,1.1,0.09531017980432493,0.05,1.0,0.1,0.010000000000000002,52,0.019230769230769232,call,0.3529728503441456,0.00011320445075992248,0.3459992842174872,-0.006973566126658393,0.006973566126658393,-0.019756664343615164
100,110,1.1,0.09531017980432493,0.05,1.0,0.1,0.010000000000000002,126,0.007936507936507936,call,0.34014911851323837,0.0001120977230609022,0.33298545691822967,-0.007163661595008697,0.007163661595008697,-0.02106035619413164
100,110,1.1,0.09531017980432493,0.05,1.0,0.2,0.04000000000000001,12,0.08333333333333333,call,2.29070997874399,0.0004886523549541834,2.275768725910666,-0.014941252833323926,0.014941252833323926,-0.006522542343625841
100,110,1.1,0.09531017980432493,0.05,1.0,0.2,0.04000000000000001,26,0.038461538461538464,call,2.127149182121252,0.00046642847064998395,2.1104842112458515,-0.01666497087540053,0.01666497087540053,-0.007834415665563128
100,110,1.1,0.09531017980432493,0.05,1.0,0.2,0.04000000000000001,52,0.019230769230769232,call,2.058186631867158,0.00045453148385064097,2.0405075505863524,-0.01767908128080542,0.01767908128080542,-0.0085896395434107
100,110,1.1,0.09531017980432493,0.05,1.0,0.2,0.04000000000000001,126,0.007936507936507936,call,2.017415893644143,0.000446992920750012,1.9996615841657261,-0.01775430947841672,0.01775430947841672,-0.008800520276632879
100,110,1.1,0.09531017980432493,0.05,1.0,0.3,0.09,12,0.08333333333333333,call,4.541222801657358,0.001106350300133449,4.533880186053533,-0.007342615603824321,0.007342615603824321,-0.0016168807223342072
100,110,1.1,0.09531017980432493,0.05,1.0,0.3,0.09,26,0.038461538461538464,call,4.289106741739797,0.0010643576549682916,4.276489416678921,-0.01261732506087565,0.01261732506087565,-0.0029417139326678695
100,110,1.1,0.09531017980432493,0.05,1.0,0.3,0.09,52,0.019230769230769232,call,4.180278201210819,0.0010488022278372256,4.166699350985522,-0.013578850225297145,0.013578850225297145,-0.0032483125695710936
100,110,1.1,0.09531017980432493,0.05,1.0,0.3,0.09,126,0.007936507936507936,call,4.115129653885888,0.0010228473422600338,4.1023720501578,-0.01275760372808854,0.01275760372808854,-0.0031001705416599996
100,110,1.1,0.09531017980432493,0.05,1.0,0.4,0.16000000000000003,12,0.08333333333333333,call,6.897198473100171,0.0020685074500810313,6.917975768504215,0.02077729540404416,0.02077729540404416,0.003012425332557543
100,110,1.1,0.09531017980432493,0.05,1.0,0.4,0.16000000000000003,26,0.038461538461538464,call,6.560752953943246,0.0019762226652112226,6.5763617818247635,0.015608827881517406,0.015608827881517406,0.0023791214196132696
100,110,1.1,0.09531017980432493,0.05,1.0,0.4,0.16000000000000003,52,0.019230769230769232,call,6.415268815695629,0.001936145821895218,6.430230721023172,0.014961905327543157,0.014961905327543157,0.002332233575456306
100,110,1.1,0.09531017980432493,0.05,1.0,0.4,0.16000000000000003,126,0.007936507936507936,call,6.330030348219493,0.001902345655027278,6.344488333562288,0.014457985342795077,0.014457985342795077,0.002284030967854966
100,110,1.1,0.09531017980432493,0.05,1.0,0.6,0.36,12,0.08333333333333333,call,11.686023614418339,0.005255124581327454,11.8476468597977,0.1616232453793618,0.1616232453793618,0.01383047396720552
100,110,1.1,0.09531017980432493,0.05,1.0,0.6,0.36,26,0.038461538461538464,call,11.192468565266235,0.005020799595972698,11.350295069404746,0.15782650413851051,0.15782650413851051,0.01410113445645905
100,110,1.1,0.09531017980432493,0.05,1.0,0.6,0.36,52,0.019230769230769232,call,10.976217831091247,0.004911409411041955,11.137042408257555,0.1608245771663075,0.1608245771663075,0.014652094158586723
100,110,1.1,0.09531017980432493,0.05,1.0,0.6,0.36,126,0.007936507936507936,call,10.844692079150482,0.004717256275203184,11.011769799761671,0.1670777206111893,0.1670777206111893,0.01540640521572811
100,120,1.2,0.1823215567939546,0.05,1.0,0.1,0.010000000000000002,12,0.08333333333333333,call,0.013800670439867631,5.460700365078945e-05,0.012473293648757265,-0.0013273767911103664,0.0013273767911103664,-0.09618205121946945
100,120,1.2,0.1823215567939546,0.05,1.0,0.1,0.010000000000000002,26,0.038461538461538464,call,0.009961620538348767,5.059973989570398e-05,0.008824281097695265,-0.0011373394406535026,0.0011373394406535026,-0.11417213055598155
100,120,1.2,0.1823215567939546,0.05,1.0,0.1,0.010000000000000002,52,0.019230769230769232,call,0.008624550722478844,4.8890302684340064e-05,0.007534449145744788,-0.001090101576734056,0.001090101576734056,-0.12639517255001337
100,120,1.2,0.1823215567939546,0.05,1.0,0.1,0.010000000000000002,126,0.007936507936507936,call,0.007831877088071058,4.526091960388262e-05,0.006846629254395455,-0.0009852478336756032,0.0009852478336756032,-0.12579970581717384
100,120,1.2,0.1823215567939546,0.05,1.0,0.2,0.04000000000000001,12,0.08333333333333333,call,0.6742542136570597,0.00041654742094404885,0.6510079978662665,-0.023246215790793223,0.023246215790793223,-0.034476930688662706
100,120,1.2,0.1823215567939546,0.05,1.0,0.2,0.04000000000000001,26,0.038461538461538464,call,0.5928920228241685,0.00040770533629030096,0.5677617975047503,-0.02513022531941822,0.02513022531941822,-0.04238583814926952
100,120,1.2,0.1823215567939546,0.05,1.0,0.2,0.04000000000000001,52,0.019230769230769232,call,0.5603109682247069,0.0004024900366398404,0.5337467132145406,-0.02656425501016635,0.02656425501016635,-0.04740984295619398
100,120,1.2,0.1823215567939546,0.05,1.0,0.2,0.04000000000000001,126,0.007936507936507936,call,0.5402237258352063,0.0003929634990387469,0.5142432727343649,-0.025980453100841405,0.025980453100841405,-0.04809202531909283
100,120,1.2,0.1823215567939546,0.05,1.0,0.3,0.09,12,0.08333333333333333,call,2.2474128937040714,0.0010417470714930443,2.2062420296817424,-0.041170864022328946,0.041170864022328946,-0.018319225691756723
100,120,1.2,0.1823215567939546,0.05,1.0,0.3,0.09,26,0.038461538461538464,call,2.063460173434607,0.0010144295391215248,2.01421667595443,-0.0492434974801772,0.0492434974801772,-0.02386452528337968
100,120,1.2,0.1823215567939546,0.05,1.0,0.3,0.09,52,0.019230769230769232,call,1.983708637169139,0.0009907082953903774,1.93359123991947,-0.05011739724966913,0.05011739724966913,-0.02526449515347647
100,120,1.2,0.1823215567939546,0.05,1.0,0.3,0.09,126,0.007936507936507936,call,1.9386035520214204,0.0009804914654274256,1.8867258863960599,-0.05187766562536056,0.05187766562536056,-0.026760327335244322
100,120,1.2,0.1823215567939546,0.05,1.0,0.4,0.16000000000000003,12,0.08333333333333333,call,4.263841161354226,0.0020084488298381786,4.224699857523042,-0.03914130383118408,0.03914130383118408,-0.009179822218976029
100,120,1.2,0.1823215567939546,0.05,1.0,0.4,0.16000000000000003,26,0.038461538461538464,call,3.976637909106391,0.0018997246119309785,3.9309585856620637,-0.045679323444327125,0.045679323444327125,-0.011486920481173992
100,120,1.2,0.1823215567939546,0.05,1.0,0.4,0.16000000000000003,52,0.019230769230769232,call,3.8549285778931344,0.0018514849931267053,3.8064150440835065,-0.04851353380962786,0.04851353380962786,-0.012584807430113884
100,120,1.2,0.1823215567939546,0.05,1.0,0.4,0.16000000000000003,126,0.007936507936507936,call,3.7832217880425776,0.0018186373627027172,3.733664612142346,-0.04955717590023179,0.04955717590023179,-0.013099199221379101
100,120,1.2,0.1823215567939546,0.05,1.0,0.6,0.36,12,0.08333333333333333,call,8.796720189295918,0.00504509135877428,8.86497234891979,0.06825215962387254,0.06825215962387254,0.0077588189865267715
100,120,1.2,0.1823215567939546,0.05,1.0,0.6,0.36,26,0.038461538461538464,call,8.330292765886883,0.0048426896167475374,8.390085964053297,0.05979319816641393,0.05979319816641393,0.007177802731168244
100,120,1.2,0.1823215567939546,0.05,1.0,0.6,0.36,52,0.019230769230769232,call,8.135742154135178,0.004752424443260318,8.187253736327593,0.051511582192414807,0.051511582192414807,0.006331516070261993
100,120,1.2,0.1823215567939546,0.05,1.0,0.6,0.36,126,0.007936507936507936,call,8.026641033865978,0.004738857317197245,8.06833462397772,0.04169359011174123,0.04169359011174123,0.005194400738220106
100,130,1.3,0.26236426446749106,0.05,1.0,0.1,0.010000000000000002,12,0.08333333333333333,call,0.0001431475498570542,1.0724980123231242e-05,0.00010961138189128994,-3.353616796576425e-05,3.353616796576425e-05,-0.23427692614545728
100,130,1.3,0.26236426446749106,0.05,1.0,0.1,0.010000000000000002,26,0.038461538461538464,call,8.670435858727478e-05,9.659375454628764e-06,5.762507672735365e-05,-2.9079281859921136e-05,2.9079281859921136e-05,-0.33538431439580446
100,130,1.3,0.26236426446749106,0.05,1.0,0.1,0.010000000000000002,52,0.019230769230769232,call,8.78368950665416e-05,5.850364686437214e-06,4.29170352440526e-05,-4.4919859822489e-05,4.4919859822489e-05,-0.511400816120146
100,130,1.3,0.26236426446749106,0.05,1.0,0.1,0.010000000000000002,126,0.007936507936507936,call,6.628307077021731e-05,7.96283622945127e-06,3.588882580193241e-05,-3.0394244968284902e-05,3.0394244968284902e-05,-0.4585521554010714
100,130,1.3,0.26236426446749106,0.05,1.0,0.2,0.04000000000000001,12,0.08333333333333333,call,0.1627634640196993,0.00032080885503735744,0.14835903988634358,-0.014404424133355714,0.014404424133355714,-0.08849912491179436
100,130,1.3,0.26236426446749106,0.05,1.0,0.2,0.04000000000000001,26,0.038461538461538464,call,0.13416480590902624,0.0003147474478231249,0.11940393619618833,-0.01476086971283791,0.01476086971283791,-0.11002043056542624
100,130,1.3,0.26236426446749106,0.05,1.0,0.2,0.04000000000000001,52,0.019230769230769232,call,0.12229109626898473,0.0003024607820464382,0.10819272562675242,-0.014098370642232308,0.014098370642232308,-0.11528534024441413
100,130,1.3,0.26236426446749106,0.05,1.0,0.2,0.04000000000000001,126,0.007936507936507936,call,0.11645689178203593,0.0003082360749189169,0.10193562465222329,-0.014521267129812637,0.014521267129812637,-0.12469220934550665
100,130,1.3,0.26236426446749106,0.05,1.0,0.3,0.09,12,0.08333333333333333,call,1.0417637516068334,0.0009628620463508652,0.9933419361539567,-0.048421815452876715,0.048421815452876715,-0.046480610770138736
100,130,1.3,0.26236426446749106,0.05,1.0,0.3,0.09,26,0.038461538461538464,call,0.9253874974677773,0.0009243637170004644,0.8716108633812213,-0.053776634086555974,0.053776634086555974,-0.05811255742454908
100,130,1.3,0.26236426446749106,0.05,1.0,0.3,0.09,52,0.019230769230769232,call,0.8759721812860182,0.0009077524483787569,0.8216949117869373,-0.05427726949908085,0.05427726949908085,-0.06196232101731379
100,130,1.3,0.26236426446749106,0.05,1.0,0.3,0.09,126,0.007936507936507936,call,0.8481943200173354,0.0009045536608273051,0.7930231978134056,-0.055171122203929834,0.055171122203929834,-0.06504538040622843
100,130,1.3,0.26236426446749106,0.05,1.0,0.4,0.16000000000000003,12,0.08333333333333333,call,2.56635353884747,0.0018813268248318972,2.4959941209341787,-0.07035941791329137,0.07035941791329137,-0.027416104931859562
100,130,1.3,0.26236426446749106,0.05,1.0,0.4,0.16000000000000003,26,0.038461538461538464,call,2.3439233659617282,0.0018093573835997836,2.2655576577205605,-0.07836570824116773,0.07836570824116773,-0.03343356245310253
100,130,1.3,0.26236426446749106,0.05,1.0,0.4,0.16000000000000003,52,0.019230769230769232,call,2.250783760252137,0.0017817472699986528,2.169134376989133,-0.08164938326300408,0.08164938326300408,-0.03627597848575981
100,130,1.3,0.26236426446749106,0.05,1.0,0.4,0.16000000000000003,126,0.007936507936507936,call,2.1998504729686106,0.0017638853793866152,2.113182319919779,-0.0866681530488318,0.0866681530488318,-0.03939729273139032
100,130,1.3,0.26236426446749106,0.05,1.0,0.6,0.36,12,0.08333333333333333,call,6.604081392922916,0.0049188153873834265,6.587145717902051,-0.016935675020865126,0.016935675020865126,-0.0025644255443329
100,130,1.3,0.26236426446749106,0.05,1.0,0.6,0.36,26,0.038461538461538464,call,6.186288626122512,0.00475348860585499,6.152218582584651,-0.03407004353786114,0.03407004353786114,-0.005507347878014514
100,130,1.3,0.26236426446749106,0.05,1.0,0.6,0.36,52,0.019230769230769232,call,6.0117886754349446,0.004660492624190995,5.967511561999706,-0.04427711343523821,0.04427711343523821,-0.007365048212050605
100,130,1.3,0.26236426446749106,0.05,1.0,0.6,0.36,126,0.007936507936507936,call,5.904157135591291,0.004599687558690793,5.859529738744537,-0.044627396846753875,0.044627396846753875,-0.007558639755322928
100,70,0.7,-0.35667494393873245,0.05,2.0,0.1,0.010000000000000002,12,0.08333333333333333,call,32.221034560263746,0.00038769788812874454,32.22102603997673,-8.520287018143335e-06,8.520287018143335e-06,-2.644324471396983e-07
100,70,0.7,-0.35667494393873245,0.05,2.0,0.1,0.010000000000000002,26,0.038461538461538464,call,32.0070053714909,0.00037941796262351465,32.00708594627496,8.057478406442442e-05,8.057478406442442e-05,2.5174108958095014e-06
100,70,0.7,-0.35667494393873245,0.05,2.0,0.1,0.010000000000000002,52,0.019230769230769232,call,31.915281237510833,0.0003783443555501539,31.91549522911949,0.00021399160865698263,0.00021399160865698263,6.704988969530775e-06
100,70,0.7,-0.35667494393873245,0.05,2.0,0.1,0.010000000000000002,126,0.007936507936507936,call,31.86202725468034,0.00037538696649143936,31.861731223890942,-0.0002960307893964398,0.0002960307893964398,-9.291021786849883e-06
100,70,0.7,-0.35667494393873245,0.05,2.0,0.2,0.04000000000000001,12,0.08333333333333333,call,32.254973700999244,0.0014054305182869815,32.26568210227665,0.010708401277405244,0.010708401277405244,0.00033199224952626464
100,70,0.7,-0.35667494393873245,0.05,2.0,0.2,0.04000000000000001,26,0.038461538461538464,call,32.031807127962416,0.0013761404202580398,32.0431733663468,0.01136623838438311,0.01136623838438311,0.00035484224598932674
100,70,0.7,-0.35667494393873245,0.05,2.0,0.2,0.04000000000000001,52,0.019230769230769232,call,31.938680867281914,0.0013828720054159913,31.948263638340705,0.009582771058791906,0.009582771058791906,0.000300036532460817
100,70,0.7,-0.35667494393873245,0.05,2.0,0.2,0.04000000000000001,126,0.007936507936507936,call,31.880283124414785,0.001365437622366559,31.892646532202377,0.012363407787592706,0.012363407787592706,0.0003878073397072335
100,70,0.7,-0.35667494393873245,0.05,2.0,0.3,0.09,12,0.08333333333333333,call,32.657656600955065,0.0030572210898804015,32.75215509500924,0.09449849405417865,0.09449849405417865,0.002893609152942562
100,70,0.7,-0.35667494393873245,0.05,2.0,0.3,0.09,26,0.038461538461538464,call,32.383262221763815,0.002992784582599035,32.4759085594948,0.09264633773098296,0.09264633773098296,0.00286093282068161
100,70,0.7,-0.35667494393873245,0.05,2.0,0.3,0.09,52,0.019230769230769232,call,32.267400128761615,0.003014972828761112,32.35871065417226,0.09131052541064832,0.09131052541064832,0.0028298073301932527
100,70,0.7,-0.35667494393873245,0.05,2.0,0.3,0.09,126,0.007936507936507936,call,32.19412019617592,0.002951323741895276,32.290220032436274,0.09609983626035046,0.09609983626035046,0.0029850120355755325
100,70,0.7,-0.35667494393873245,0.05,2.0,0.4,0.16000000000000003,12,0.08333333333333333,call,33.63982374306217,0.005396017927219136,33.888306779299576,0.24848303623740264,0.24848303623740264,0.007386573667427417
100,70,0.7,-0.35667494393873245,0.05,2.0,0.4,0.16000000000000003,26,0.038461538461538464,call,33.270459734231636,0.005382539802009082,33.52980672491662,0.2593469906849819,0.2593469906849819,0.007795112924698856
100,70,0.7,-0.35667494393873245,0.05,2.0,0.4,0.16000000000000003,52,0.019230769230769232,call,33.118428803452694,0.005340743549526295,33.377574561524405,0.2591457580717105,0.2591457580717105,0.007824820422782066
100,70,0.7,-0.35667494393873245,0.05,2.0,0.4,0.16000000000000003,126,0.007936507936507936,call,33.02145859469518,0.005351617563478893,33.28857642338972,0.2671178286945377,0.2671178286945377,0.008089219557898316
100,70,0.7,-0.35667494393873245,0.05,2.0,0.6,0.36,12,0.08333333333333333,call,36.75098237885841,0.013587894625449163,37.51530858240461,0.7643262035461973,0.7643262035461973,0.0207974359887013
100,70,0.7,-0.35667494393873245,0.05,2.0,0.6,0.36,26,0.038461538461538464,call,36.1775608112582,0.013525568777307227,36.98338459652723,0.8058237852690269,0.8058237852690269,0.022274132561702728
100,70,0.7,-0.35667494393873245,0.05,2.0,0.6,0.36,52,0.019230769230769232,call,35.9452153325333,0.012970618899108713,36.75644046014341,0.8112251276101077,0.8112251276101077,0.022568375793700808
100,70,0.7,-0.35667494393873245,0.05,2.0,0.6,0.36,126,0.007936507936507936,call,35.78397374657875,0.012799989007383186,36.62345677567205,0.8394830290932944,0.8394830290932944,0.02345974863044818
100,80,0.8,-0.2231435513142097,0.05,2.0,0.1,0.010000000000000002,12,0.08333333333333333,call,23.174491175846857,0.00038877766096492714,23.174188814826348,-0.00030236102050906766,0.00030236102050906766,-1.3047148186114105e-05
100,80,0.8,-0.2231435513142097,0.05,2.0,0.1,0.010000000000000002,26,0.038461538461538464,call,22.9593122359926,0.00038119247658590174,22.959843045769343,0.0005308097767446895,0.0005308097767446895,2.311958525972549e-05
100,80,0.8,-0.2231435513142097,0.05,2.0,0.1,0.010000000000000002,52,0.019230769230769232,call,22.867780085508517,0.0003768737005575024,22.86810537039118,0.0003252848826633681,0.0003252848826633681,1.4224593792971778e-05
100,80,0.8,-0.2231435513142097,0.05,2.0,0.1,0.010000000000000002,126,0.007936507936507936,call,22.814714509075134,0.0003755242281576176,22.81426199702834,-0.0004525120467953059,0.0004525120467953059,-1.9834219122720457e-05
100,80,0.8,-0.2231435513142097,0.05,2.0,0.2,0.04000000000000001,12,0.08333333333333333,call,23.489631181410374,0.0013315435129864935,23.52894822594683,0.03931704453645679,0.03931704453645679,0.0016738042514508353
100,80,0.8,-0.2231435513142097,0.05,2.0,0.2,0.04000000000000001,26,0.038461538461538464,call,23.233532910053803,0.0012935568065676449,23.275220689554274,0.04168777950047087,0.04168777950047087,0.001794293604070494
100,80,0.8,-0.2231435513142097,0.05,2.0,0.2,0.04000000000000001,52,0.019230769230769232,call,23.12561282277899,0.001297721016530309,23.167211496108138,0.04159867332914757,0.04159867332914757,0.0017988138800011566
100,80,0.8,-0.2231435513142097,0.05,2.0,0.2,0.04000000000000001,126,0.007936507936507936,call,23.062639149998837,0.0012911447454151289,23.103986043947284,0.041346893948446706,0.041346893948446706,0.0017928084327005042
100,80,0.8,-0.2231435513142097,0.05,2.0,0.3,0.09,12,0.08333333333333333,call,24.68991088554009,0.002899519145844623,24.834219792856892,0.1443089073168018,0.1443089073168018,0.005844853308130725
100,80,0.8,-0.2231435513142097,0.05,2.0,0.3,0.09,26,0.038461538461538464,call,24.341213778222286,0.0028450172836981904,24.49469367414599,0.15347989592370226,0.15347989592370226,0.00630535097066599
100,80,0.8,-0.2231435513142097,0.05,2.0,0.3,0.09,52,0.019230769230769232,call,24.191287892727665,0.002760307745701463,24.35005868732104,0.1587707945933765,0.1587707945933765,0.006563139395364967
100,80,0.8,-0.2231435513142097,0.05,2.0,0.3,0.09,126,0.007936507936507936,call,24.108876929739196,0.002813263949972879,24.265368356905114,0.15649142716591768,0.15649142716591768,0.006491029325919355
100,80,0.8,-0.2231435513142097,0.05,2.0,0.4,0.16000000000000003,12,0.08333333333333333,call,26.494144552758254,0.005224237666892536,26.798156233174232,0.3040116804159787,0.3040116804159787,0.011474674330797695
100,80,0.8,-0.2231435513142097,0.05,2.0,0.4,0.16000000000000003,26,0.038461538461538464,call,26.044445228447074,0.005088715972070692,26.365478912206736,0.3210336837596621,0.3210336837596621,0.012326378271594463
100,80,0.8,-0.2231435513142097,0.05,2.0,0.4,0.16000000000000003,52,0.019230769230769232,call,25.852408540668293,0.0050100764255236845,26.18075847165587,0.3283499309875779,0.3283499309875779,0.012700941595869193
100,80,0.8,-0.2231435513142097,0.05,2.0,0.4,0.16000000000000003,126,0.007936507936507936,call,25.748296499340885,0.005069518682976189,26.07247956645419,0.3241830671133066,0.3241830671133066,0.01259046660122176
100,80,0.8,-0.2231435513142097,0.05,2.0,0.6,0.36,12,0.08333333333333333,call,30.914994348883415,0.013187391674921372,31.706266869102368,0.7912725202189534,0.7912725202189534,0.02559510479896085
100,80,0.8,-0.2231435513142097,0.05,2.0,0.6,0.36,26,0.038461538461538464,call,30.253397851770902,0.013166397805664833,31.098584644583624,0.8451867928127221,0.8451867928127221,0.02793692123290702
100,80,0.8,-0.2231435513142097,0.05,2.0,0.6,0.36,52,0.019230769230769232,call,29.98812988103082,0.012619956563323594,30.83837848571936,0.8502486046885416,0.8502486046885416,0.02835283854183824
100,80,0.8,-0.2231435513142097,0.05,2.0,0.6,0.36,126,0.007936507936507936,call,29.814649084814917,0.013026095219072449,30.685628101600848,0.870979016785931,0.870979016785931,0.029213123196862804
100,90,0.9,-0.10536051565782628,0.05,2.0,0.1,0.010000000000000002,12,0.08333333333333333,call,14.221474097764958,0.0003698631061465989,14.228587416609924,0.007113318844966798,0.007113318844966798,0.0005001815420867465
100,90,0.9,-0.10536051565782628,0.05,2.0,0.1,0.010000000000000002,26,0.038461538461538464,call,13.995591397288381,0.00035955480592368715,14.003561615944447,0.007970218656065953,0.007970218656065953,0.0005694806621469506
100,90,0.9,-0.10536051565782628,0.05,2.0,0.1,0.010000000000000002,52,0.019230769230769232,call,13.899537664542045,0.0003565264590222524,13.907379458349157,0.007841793807111586,0.007841793807111586,0.0005641765932341861
100,90,0.9,-0.10536051565782628,0.05,2.0,0.1,0.010000000000000002,126,0.007936507936507936,call,13.843678446599824,0.00035544714382683087,13.850964640127485,0.007286193527660245,0.007286193527660245,0.000526319182850554
100,90,0.9,-0.10536051565782628,0.05,2.0,0.2,0.04000000000000001,12,0.08333333333333333,call,15.588583023715858,0.0012440658853549523,15.652697830335791,0.06411480661993352,0.06411480661993352,0.004112933582378319
100,90,0.9,-0.10536051565782628,0.05,2.0,0.2,0.04000000000000001,26,0.038461538461538464,call,15.279864243827216,0.001187434483989267,15.348700165446145,0.06883592161892871,0.06883592161892871,0.004505008717386815
100,90,0.9,-0.10536051565782628,0.05,2.0,0.2,0.04000000000000001,52,0.019230769230769232,call,15.150421395866102,0.001184422957774468,15.218728016741256,0.06830662087515371,0.06830662087515371,0.004508562441292336
100,90,0.9,-0.10536051565782628,0.05,2.0,0.2,0.04000000000000001,126,0.007936507936507936,call,15.073628038256077,0.0011857672956953793,15.142485175926376,0.06885713767029955,0.06885713767029955,0.004568053390699555
100,90,0.9,-0.10536051565782628,0.05,2.0,0.3,0.09,12,0.08333333333333333,call,17.866620234974175,0.0027218589865747786,18.020885552147906,0.15426531717373138,0.15426531717373138,0.008634275265545452
100,90,0.9,-0.10536051565782628,0.05,2.0,0.3,0.09,26,0.038461538461538464,call,17.460456690390114,0.002649402205256218,17.62325869348309,0.16280200309297754,0.16280200309297754,0.009324040371898205
100,90,0.9,-0.10536051565782628,0.05,2.0,0.3,0.09,52,0.019230769230769232,call,17.27923820283274,0.0025764496451592773,17.453014807454366,0.1737766046216258,0.1737766046216258,0.010056959837103065
100,90,0.9,-0.10536051565782628,0.05,2.0,0.3,0.09,126,0.007936507936507936,call,17.18387006448547,0.0026225972805959375,17.353077574062567,0.16920750957709885,0.16920750957709885,0.009846880181362998
100,90,0.9,-0.10536051565782628,0.05,2.0,0.4,0.16000000000000003,12,0.08333333333333333,call,20.47067300299866,0.005229808977286346,20.755597231690665,0.28492422869200595,0.28492422869200595,0.013918654684693008
100,90,0.9,-0.10536051565782628,0.05,2.0,0.4,0.16000000000000003,26,0.038461538461538464,call,19.95670340709594,0.004855324798260867,20.2653492972305,0.3086458901345601,0.3086458901345601,0.015465775275530521
100,90,0.9,-0.10536051565782628,0.05,2.0,0.4,0.16000000000000003,52,0.019230769230769232,call,19.74055383127443,0.004742592220460596,20.055253352685092,0.31469952141066315,0.31469952141066315,0.015941777728246568
100,90,0.9,-0.10536051565782628,0.05,2.0,0.4,0.16000000000000003,126,0.007936507936507936,call,19.60741669888874,0.004735503997803267,19.93186495289823,0.3244482540094893,0.3244482540094893,0.016547220829344518
100,90,0.9,-0.10536051565782628,0.05,2.0,0.6,0.36,12,0.08333333333333333,call,25.925840914708935,0.013026863834747856,26.70518300836248,0.7793420936535433,0.7793420936535433,0.03006043646635918
100,90,0.9,-0.10536051565782628,0.05,2.0,0.6,0.36,26,0.038461538461538464,call,25.21584619658881,0.012587094861298876,26.041641011259422,0.825794814670612,0.825794814670612,0.03274904233760457
100,90,0.9,-0.10536051565782628,0.05,2.0,0.6,0.36,52,0.019230769230769232,call,24.928429534120454,0.012306274923530302,25.756951256729412,0.8285217226089578,0.8285217226089578,0.033236017594888194
100,90,0.9,-0.10536051565782628,0.05,2.0,0.6,0.36,126,0.007936507936507936,call,24.72856074171817,0.012049824318413891,25.58966168707059,0.861100945352419,0.861100945352419,0.034822121446789416
100,100,1.0,0.0,0.05,2.0,0.1,0.010000000000000002,12,0.08333333333333333,call,6.389414431197154,0.0003349716237858637,6.403110401585787,0.013695970388632794,0.013695970388632794,0.002143540779223902
100,100,1.0,0.0,0.05,2.0,0.1,0.010000000000000002,26,0.038461538461538464,call,6.146699461201509,0.00032389424498397037,6.161030213041115,0.01433075183960586,0.01433075183960586,0.0023314547799290963
100,100,1.0,0.0,0.05,2.0,0.1,0.010000000000000002,52,0.019230769230769232,call,6.042944965105026,0.0003165051575371267,6.057345587761672,0.014400622656645545,0.014400622656645545,0.002383047130133058
100,100,1.0,0.0,0.05,2.0,0.1,0.010000000000000002,126,0.007936507936507936,call,5.9819460904629596,0.0003155697236570877,5.996468276978876,0.014522186515916857,0.014522186515916857,0.00242766923945865
100,100,1.0,0.0,0.05,2.0,0.2,0.04000000000000001,12,0.08333333333333333,call,9.320226706936545,0.001154648035173362,9.367649500894235,0.04742279395768989,0.04742279395768989,0.005088158845148654
100,100,1.0,0.0,0.05,2.0,0.2,0.04000000000000001,26,0.038461538461538464,call,8.98756422982042,0.0011077099823250576,9.038326496872443,0.0507622670520238,0.0507622670520238,0.005648056108861665
100,100,1.0,0.0,0.05,2.0,0.2,0.04000000000000001,52,0.019230769230769232,call,8.845581998028317,0.0010972516346064846,8.89716088743349,0.051578889405172745,0.051578889405172745,0.0058310340028128954
100,100,1.0,0.0,0.05,2.0,0.2,0.04000000000000001,126,0.007936507936507936,call,8.761169162003162,0.0010730054797246215,8.814243444249982,0.053074282246820204,0.053074282246820204,0.006057899495537791
100,100,1.0,0.0,0.05,2.0,0.3,0.09,12,0.08333333333333333,call,12.426687742947335,0.002598498833962768,12.542970723601925,0.11628298065459042,0.11628298065459042,0.009357520126035666
100,100,1.0,0.0,0.05,2.0,0.3,0.09,26,0.038461538461538464,call,12.001227829944593,0.002491148905583079,12.118581908913578,0.11735407896898487,0.11735407896898487,0.009778506052203382
100,100,1.0,0.0,0.05,2.0,0.3,0.09,52,0.019230769230769232,call,11.810272168202832,0.0024534405050359726,11.936585295786866,0.12631312758403368,0.12631312758403368,0.010695191929963349
100,100,1.0,0.0,0.05,2.0,0.3,0.09,126,0.007936507936507936,call,11.705373392312575,0.002414143365467651,11.829661477830653,0.1242880855180779,0.1242880855180779,0.01061803680689958
100,100,1.0,0.0,0.05,2.0,0.4,0.16000000000000003,12,0.08333333333333333,call,15.547743553086118,0.0048208539022742735,15.793189085213049,0.2454455321269311,0.2454455321269311,0.01578656936866005
100,100,1.0,0.0,0.05,2.0,0.4,0.16000000000000003,26,0.038461538461538464,call,15.034732070993241,0.004742404986472557,15.274177549734574,0.2394454787413327,0.2394454787413327,0.015926155358850648
100,100,1.0,0.0,0.05,2.0,0.4,0.16000000000000003,52,0.019230769230769232,call,14.79875745639312,0.004620954351779394,15.051525529345872,0.25276807295275106,0.25276807295275106,0.01708035784068846
100,100,1.0,0.0,0.05,2.0,0.4,0.16000000000000003,126,0.007936507936507936,call,14.666647498194655,0.004513177107623915,14.920694974398153,0.2540474762034979,0.2540474762034979,0.01732144147016345
100,100,1.0,0.0,0.05,2.0,0.6,0.36,12,0.08333333333333333,call,21.742665291137317,0.012622846371621818,22.445011044829652,0.7023457536923345,0.7023457536923345,0.03230265214902713
100,100,1.0,0.0,0.05,2.0,0.6,0.36,26,0.038461538461538464,call,21.016969564930093,0.012112030349230167,21.74730336382504,0.7303337988949465,0.7303337988949465,0.03474971958438842
100,100,1.0,0.0,0.05,2.0,0.6,0.36,52,0.019230769230769232,call,20.7191375412863,0.012826860990546406,21.447809039077587,0.7286714977912858,0.7286714977912858,0.03516900722046406
100,100,1.0,0.0,0.05,2.0,0.6,0.36,126,0.007936507936507936,call,20.498067232976794,0.011316098322755711,21.271776986276294,0.7737097532994994,0.7737097532994994,0.037745497880637933
100,110,1.1,0.09531017980432493,0.05,2.0,0.1,0.010000000000000002,12,0.08333333333333333,call,1.7953548323392292,0.00030830588384697785,1.7886454602380193,-0.0067093721012099206,0.0067093721012099206,-0.003737073017743267
100,110,1.1,0.09531017980432493,0.05,2.0,0.1,0.010000000000000002,26,0.038461538461538464,call,1.6327816501820114,0.00029359137391959386,1.6249889828148838,-0.0077926673671275815,0.0077926673671275815,-0.004772632866286137
100,110,1.1,0.09531017980432493,0.05,2.0,0.1,0.010000000000000002,52,0.019230769230769232,call,1.5650724107433978,0.0002871112106920928,1.5564091067154326,-0.008663304027965113,0.008663304027965113,-0.005535401409223046
100,110,1.1,0.09531017980432493,0.05,2.0,0.1,0.010000000000000002,126,0.007936507936507936,call,1.5255873837327323,0.0002856632828329094,1.516585527786225,-0.009001855946507265,0.009001855946507265,-0.0059005836325690935
100,110,1.1,0.09531017980432493,0.05,2.0,0.2,0.04000000000000001,12,0.08333333333333333,call,5.028688288438791,0.0010887595264299618,5.03203225854256,0.0033439701037689673,0.0033439701037689673,0.0006649786011705924
100,110,1.1,0.09531017980432493,0.05,2.0,0.2,0.04000000000000001,26,0.038461538461538464,call,4.73630245122311,0.0010523306846318009,4.735825460338043,-0.000476990885066364,0.000476990885066364,-0.0001007095492694275
100,110,1.1,0.09531017980432493,0.05,2.0,0.2,0.04000000000000001,52,0.019230769230769232,call,4.610349437341133,0.0010214595569397315,4.609660562528024,-0.0006888748131093081,0.0006888748131093081,-0.0001494192191875577
100,110,1.1,0.09531017980432493,0.05,2.0,0.2,0.04000000000000001,126,0.007936507936507936,call,4.537496012440153,0.0010159519588881826,4.535791297070519,-0.0017047153696339024,0.0017047153696339024,-0.0003756951774635607
100,110,1.1,0.09531017980432493,0.05,2.0,0.3,0.09,12,0.08333333333333333,call,8.36136244589282,0.0025458572343969752,8.40981154175792,0.04844909586510049,0.04844909586510049,0.0057944020700716236
100,110,1.1,0.09531017980432493,0.05,2.0,0.3,0.09,26,0.038461538461538464,call,7.947563707180153,0.00237253645358484,7.999492432231887,0.051928725051733515,0.051928725051733515,0.006533917432435174
100,110,1.1,0.09531017980432493,0.05,2.0,0.3,0.09,52,0.019230769230769232,call,7.7729282958667465,0.0023240292913678934,7.8240591691264445,0.051130873259698006,0.051130873259698006,0.006578070877983892
100,110,1.1,0.09531017980432493,0.05,2.0,0.3,0.09,126,0.007936507936507936,call,7.675669669368348,0.002329061466288215,7.721147511560459,0.04547784219211071,0.04547784219211071,0.005924934781078613
100,110,1.1,0.09531017980432493,0.05,2.0,0.4,0.16000000000000003,12,0.08333333333333333,call,11.68241528636173,0.004702119336670747,11.842692377836325,0.16027709147459568,0.16027709147459568,0.013719516687761148
100,110,1.1,0.09531017980432493,0.05,2.0,0.4,0.16000000000000003,26,0.038461538461538464,call,11.17506294366425,0.0044783387013600465,11.325864397766049,0.15080145410179924,0.15080145410179924,0.013494461271674248
100,110,1.1,0.09531017980432493,0.05,2.0,0.4,0.16000000000000003,52,0.019230769230769232,call,10.94484055549629,0.004457859163464802,11.1045342867104,0.15969373121411046,0.15969373121411046,0.014590777307753041
100,110,1.1,0.09531017980432493,0.05,2.0,0.4,0.16000000000000003,126,0.007936507936507936,call,10.817000809084965,0.004425249087742713,10.974594120797873,0.15759331171290825,0.15759331171290825,0.014569039467996437
100,110,1.1,0.09531017980432493,0.05,2.0,0.6,0.36,12,0.08333333333333333,call,18.279537432623414,0.012951597753041473,18.843263818441137,0.5637263858177235,0.5637263858177235,0.03083920410434694
100,110,1.1,0.09531017980432493,0.05,2.0,0.6,0.36,26,0.038461538461538464,call,17.53921757925258,0.011987375086804258,18.131757262991904,0.5925396837393251,0.5925396837393251,0.03378370107229012
100,110,1.1,0.09531017980432493,0.05,2.0,0.6,0.36,52,0.019230769230769232,call,17.21850829218688,0.011932097025356607,17.8265733275623,0.6080650353754216,0.6080650353754216,0.035314617564829294
100,110,1.1,0.09531017980432493,0.05,2.0,0.6,0.36,126,0.007936507936507936,call,17.03203705688287,0.011310030339313389,17.64726612839911,0.6152290715162394,0.6152290715162394,0.03612187253124941
100,120,1.2,0.1823215567939546,0.05,2.0,0.1,0.010000000000000002,12,0.08333333333333333,call,0.3000045505399809,0.0002420168943322809,0.28942610572986355,-0.010578444810117327,0.010578444810117327,-0.0352609478458813
100,120,1.2,0.1823215567939546,0.05,2.0,0.1,0.010000000000000002,26,0.038461538461538464,call,0.2485977627120301,0.0002322194425814292,0.23764811195319394,-0.010949650758836166,0.010949650758836166,-0.044045652862612396
100,120,1.2,0.1823215567939546,0.05,2.0,0.1,0.010000000000000002,52,0.019230769230769232,call,0.22829859433280814,0.00022802263574833107,0.21729256621185097,-0.011006028120957162,0.011006028120957162,-0.0482089175937406
100,120,1.2,0.1823215567939546,0.05,2.0,0.1,0.010000000000000002,126,0.007936507936507936,call,0.2168437264555248,0.0002264170681968227,0.20584624888334285,-0.010997477572181946,0.010997477572181946,-0.050716143611549476
100,120,1.2,0.1823215567939546,0.05,2.0,0.2,0.04000000000000001,12,0.08333333333333333,call,2.476292133783834,0.001039095785045172,2.442862521911825,-0.03342961187200899,0.03342961187200899,-0.01349986595520446
100,120,1.2,0.1823215567939546,0.05,2.0,0.2,0.04000000000000001,26,0.038461538461538464,call,2.262058428560626,0.0009892566232833605,2.2231635677666293,-0.038894860793996955,0.038894860793996955,-0.017194454529959335
100,120,1.2,0.1823215567939546,0.05,2.0,0.2,0.04000000000000001,52,0.019230769230769232,call,2.1708648514640543,0.0009708355211429721,2.131095758587515,-0.03976909287653907,0.03976909287653907,-0.018319469703384977
100,120,1.2,0.1823215567939546,0.05,2.0,0.2,0.04000000000000001,126,0.007936507936507936,call,2.1176449265533757,0.0009558492224580932,2.077630344936765,-0.040014581616610645,0.040014581616610645,-0.018895793678564116
100,120,1.2,0.1823215567939546,0.05,2.0,0.3,0.09,12,0.08333333333333333,call,5.4725763885156695,0.0024229932091294815,5.459611075665305,-0.012965312850364619,0.012965312850364619,-0.002369142416645409
100,120,1.2,0.1823215567939546,0.05,2.0,0.3,0.09,26,0.038461538461538464,call,5.117547916557921,0.0023114238127709247,5.096556251442644,-0.02099166511527706,0.02099166511527706,-0.004101899084785926
100,120,1.2,0.1823215567939546,0.05,2.0,0.3,0.09,52,0.019230769230769232,call,4.96793299577299,0.002259559078418423,4.942464914233279,-0.02546808153971103,0.02546808153971103,-0.005126494572567862
100,120,1.2,0.1823215567939546,0.05,2.0,0.3,0.09,126,0.007936507936507936,call,4.8814878328347975,0.002249561971577639,4.852405897138591,-0.02908193569620643,0.02908193569620643,-0.005957596677920602
100,120,1.2,0.1823215567939546,0.05,2.0,0.4,0.16000000000000003,12,0.08333333333333333,call,8.708035250691914,0.004587306692142909,8.7764246433802,0.06838939268828526,0.06838939268828526,0.007853596215386387
100,120,1.2,0.1823215567939546,0.05,2.0,0.4,0.16000000000000003,26,0.038461538461538464,call,8.227837795548812,0.0043587177581185755,8.28767872127548,0.059840925726668104,0.059840925726668104,0.007272983159566116
100,120,1.2,0.1823215567939546,0.05,2.0,0.4,0.16000000000000003,52,0.019230769230769232,call,8.027186690067008,0.004251420208625898,8.079237003823192,0.052050313756183186,0.052050313756183186,0.006484253545590415
100,120,1.2,0.1823215567939546,0.05,2.0,0.4,0.16000000000000003,126,0.007936507936507936,call,7.912890021800864,0.004236867737963659,7.957117442502658,0.04422742070179364,0.04422742070179364,0.005589287931456438
100,120,1.2,0.1823215567939546,0.05,2.0,0.6,0.36,12,0.08333333333333333,call,15.34505832584676,0.0121414790970478,15.814064164379648,0.4690058385328886,0.4690058385328886,0.030563965843186734
100,120,1.2,0.1823215567939546,0.05,2.0,0.6,0.36,26,0.038461538461538464,call,14.631075921986504,0.011682637535475611,15.106144834395582,0.47506891240907834,0.47506891240907834,0.03246985491307442
100,120,1.2,0.1823215567939546,0.05,2.0,0.6,0.36,52,0.019230769230769232,call,14.325448371800103,0.011422928936526413,14.80303874835843,0.4775903765583269,0.4775903765583269,0.03333859884612561
100,120,1.2,0.1823215567939546,0.05,2.0,0.6,0.36,126,0.007936507936507936,call,14.147107266010682,0.011318505729503044,14.62511136782616,0.47800410181547726,0.47800410181547726,0.033788116031601194
100,130,1.3,0.26236426446749106,0.05,2.0,0.1,0.010000000000000002,12,0.08333333333333333,call,0.031376215523978374,0.00014413648542296715,0.027859577457050585,-0.0035166380669277887,0.0035166380669277887,-0.11207973964356213
100,130,1.3,0.26236426446749106,0.05,2.0,0.1,0.010000000000000002,26,0.038461538461538464,call,0.022766174327664368,0.00012990906489520194,0.019840050721204972,-0.002926123606459396,0.002926123606459396,-0.128529438646339
100,130,1.3,0.26236426446749106,0.05,2.0,0.1,0.010000000000000002,52,0.019230769230769232,call,0.019984895792820263,0.00012711743115198997,0.016990575608437797,-0.002994320184382466,0.002994320184382466,-0.14982916175415834
100,130,1.3,0.26236426446749106,0.05,2.0,0.1,0.010000000000000002,126,0.007936507936507936,call,0.018326590026534535,0.00012999323079027322,0.015467202524632375,-0.00285938750190216,0.00285938750190216,-0.15602397924339095
100,130,1.3,0.26236426446749106,0.05,2.0,0.2,0.04000000000000001,12,0.08333333333333333,call,1.12814202391823,0.0009578934961146185,1.0842769637214622,-0.043865060196767836,0.043865060196767836,-0.03888256909747674
100,130,1.3,0.26236426446749106,0.05,2.0,0.2,0.04000000000000001,26,0.038461538461538464,call,0.9935973746960188,0.0009075928110322656,0.946679668247344,-0.04691770644867488,0.04691770644867488,-0.047220038663074046
100,130,1.3,0.26236426446749106,0.05,2.0,0.2,0.04000000000000001,52,0.019230769230769232,call,0.9385731814949284,0.0008896607155528104,0.8904307158599215,-0.048142465635006904,0.048142465635006904,-0.05129324658342269
100,130,1.3,0.26236426446749106,0.05,2.0,0.2,0.04000000000000001,126,0.007936507936507936,call,0.9073288143607176,0.0008882850751914792,0.8581711237737334,-0.04915769058698416,0.04915769058698416,-0.054178474009578884
100,130,1.3,0.26236426446749106,0.05,2.0,0.3,0.09,12,0.08333333333333333,call,3.5109128547571133,0.0023499343305732386,3.449677484709708,-0.061235370047405535,0.061235370047405535,-0.01744143833260761
100,130,1.3,0.26236426446749106,0.05,2.0,0.3,0.09,26,0.038461538461538464,call,3.2200969419084373,0.0022271092923222056,3.1515229768108157,-0.06857396509762159,0.06857396509762159,-0.02129562132281031
100,130,1.3,0.26236426446749106,0.05,2.0,0.3,0.09,52,0.019230769230769232,call,3.100360609257246,0.0021955536932823385,3.026355068238072,-0.074005541019174,0.074005541019174,-0.023869978478698168
100,130,1.3,0.26236426446749106,0.05,2.0,0.3,0.09,126,0.007936507936507936,call,3.030258415673615,0.0021733029081741854,2.953602400523457,-0.07665601515015785,0.07665601515015785,-0.025296857440825722
100,130,1.3,0.26236426446749106,0.05,2.0,0.4,0.16000000000000003,12,0.08333333333333333,call,6.455288634536079,0.004500873213454781,6.444115158655856,-0.011173475880223549,0.011173475880223549,-0.0017309025998380552
100,130,1.3,0.26236426446749106,0.05,2.0,0.4,0.16000000000000003,26,0.038461538461538464,call,6.024505422756146,0.004259624360110358,6.001117300068566,-0.023388122687579838,0.023388122687579838,-0.0038821647664614473
100,130,1.3,0.26236426446749106,0.05,2.0,0.4,0.16000000000000003,52,0.019230769230769232,call,5.842548243851515,0.004152831279226421,5.813332775088284,-0.029215468763230668,0.029215468763230668,-0.005000466841497794
100,130,1.3,0.26236426446749106,0.05,2.0,0.4,0.16000000000000003,126,0.007936507936507936,call,5.74330301641684,0.004147067377625966,5.703652022120444,-0.03965099429639629,0.03965099429639629,-0.006903865978001966
100,130,1.3,0.26236426446749106,0.05,2.0,0.6,0.36,12,0.08333333333333333,call,12.921264687639662,0.011909560551733754,13.2752359579935,0.35397127035383846,0.35397127035383846,0.02739447561138837
100,130,1.3,0.26236426446749106,0.05,2.0,0.6,0.36,26,0.038461538461538464,call,12.263578062465958,0.011534958189455198,12.584701942630025,0.3211238801640661,0.3211238801640661,0.026185170309055348
100,130,1.3,0.26236426446749106,0.05,2.0,0.6,0.36,52,0.019230769230769232,call,11.965361962796152,0.011207281040176173,12.289802980076262,0.32444101728011,0.32444101728011,0.027115019026494398
100,130,1.3,0.26236426446749106,0.05,2.0,0.6,0.36,126,0.007936507936507936,call,11.80855965995343,0.011218859681185977,12.116917995240819,0.3083583352873891,0.3083583352873891,0.026113119988132847
